# d'Arr√™t,Emplacement/Visibilit√©,Type de support,Statut,Visuel affich√©,Photo du visuel r√©el,Date Created,Date Modified,Record ID#,Record Owner,Last Modified By
70922,de la Rivi√®re Nord/Arthur-Sauv√©,H-C,Actif,Refonte Laurentides - 10 novembre,HC-70922-de la Rivi√®re Nord-Arthur-Sauv√©.jpg,10-29-2025 11:44 AM,10-29-2025 12:55 PM,1875,Simon BÈgin <67952005.bxtw>,Simon BÈgin <67952005.bxtw>
80000,Arthur-Sauv√©/H√©mond,H-C,Actif,Refonte Laurentides - 10 novembre,,10-29-2025 11:44 AM,10-29-2025 11:44 AM,1876,Simon BÈgin <67952005.bxtw>,Simon BÈgin <67952005.bxtw>
80001,F√©r√©/Latour,H-C,Actif,Refonte Laurentides - 10 novembre,,10-29-2025 11:44 AM,10-29-2025 11:44 AM,1877,Simon BÈgin <67952005.bxtw>,Simon BÈgin <67952005.bxtw>
80002,F√©r√©/du Plateau,H-C,Actif,Refonte Laurentides - 10 novembre,,10-29-2025 11:44 AM,10-29-2025 11:44 AM,1878,Simon BÈgin <67952005.bxtw>,Simon BÈgin <67952005.bxtw>
80003,F√©r√©/Dumont,H-C,Actif,Refonte Laurentides - 10 novembre,,10-29-2025 11:44 AM,10-29-2025 11:44 AM,1879,Simon BÈgin <67952005.bxtw>,Simon BÈgin <67952005.bxtw>
80004,F√©r√©/d'Oka,H-C,Actif,Refonte Laurentides - 10 novembre,,10-29-2025 11:44 AM,10-29-2025 11:44 AM,1880,Simon BÈgin <67952005.bxtw>,Simon BÈgin <67952005.bxtw>
80006,Guy/2e Avenue,H-C,Actif,Refonte Laurentides - 10 novembre,,10-29-2025 11:44 AM,10-29-2025 11:44 AM,1881,Simon BÈgin <67952005.bxtw>,Simon BÈgin <67952005.bxtw>
80007,Guy/4e Avenue,H-C,Actif,Refonte Laurentides - 10 novembre,,10-29-2025 11:44 AM,10-29-2025 11:44 AM,1882,Simon BÈgin <67952005.bxtw>,Simon BÈgin <67952005.bxtw>
80010,d'Oka/9e Avenue,H-C,Actif,Refonte Laurentides - 10 novembre,,10-29-2025 11:44 AM,10-29-2025 11:44 AM,1883,Simon BÈgin <67952005.bxtw>,Simon BÈgin <67952005.bxtw>
80011,8e Avenue/Henri-Dunant,H-C,Actif,Refonte Laurentides - 10 novembre,,10-29-2025 11:44 AM,10-29-2025 11:44 AM,1884,Simon BÈgin <67952005.bxtw>,Simon BÈgin <67952005.bxtw>
80013,d'Oka/11e Avenue,H-C,Actif,Refonte Laurentides - 10 novembre,,10-29-2025 11:44 AM,10-29-2025 11:44 AM,1885,Simon BÈgin <67952005.bxtw>,Simon BÈgin <67952005.bxtw>
80020,d'Oka/14e Avenue,H-C,Actif,Refonte Laurentides - 10 novembre,,10-29-2025 11:44 AM,10-29-2025 11:44 AM,1886,Simon BÈgin <67952005.bxtw>,Simon BÈgin <67952005.bxtw>
80021,d'Oka/16e Avenue,H-C,Actif,Refonte Laurentides - 10 novembre,,10-29-2025 11:44 AM,10-29-2025 11:44 AM,1887,Simon BÈgin <67952005.bxtw>,Simon BÈgin <67952005.bxtw>
80023,d'Oka/20e Avenue,H-C,Actif,Refonte Laurentides - 10 novembre,,10-29-2025 11:44 AM,10-29-2025 11:44 AM,1888,Simon BÈgin <67952005.bxtw>,Simon BÈgin <67952005.bxtw>
80028,Deux-Montagnes/Antonin-Campeau,H-C,Actif,Refonte Laurentides - 10 novembre,,10-29-2025 11:44 AM,10-29-2025 11:44 AM,1889,Simon BÈgin <67952005.bxtw>,Simon BÈgin <67952005.bxtw>
80028,Montagnes/Baudouin,H-C,Actif,Refonte Laurentides - 10 novembre,,10-29-2025 11:44 AM,10-29-2025 11:44 AM,1890,Simon BÈgin <67952005.bxtw>,Simon BÈgin <67952005.bxtw>
80030,Montagnes/Montaigne,H-C,Actif,Refonte Laurentides - 10 novembre,,10-29-2025 11:44 AM,10-29-2025 11:44 AM,1891,Simon BÈgin <67952005.bxtw>,Simon BÈgin <67952005.bxtw>
80031,Montagnes/Baudouin,H-C,Actif,Refonte Laurentides - 10 novembre,,10-29-2025 11:44 AM,10-29-2025 11:44 AM,1892,Simon BÈgin <67952005.bxtw>,Simon BÈgin <67952005.bxtw>
80032,Deux-Montagnes/Ovila-Forget,H-C,Actif,Refonte Laurentides - 10 novembre,,10-29-2025 11:44 AM,10-29-2025 11:44 AM,1893,Simon BÈgin <67952005.bxtw>,Simon BÈgin <67952005.bxtw>
80036,des Promenades/devant le Faubourg de la Gare,H-C,Actif,Refonte Laurentides - 10 novembre,,10-29-2025 11:44 AM,10-29-2025 11:44 AM,1894,Simon BÈgin <67952005.bxtw>,Simon BÈgin <67952005.bxtw>
80042,d'Oka/20e Avenue,H-C,Actif,Refonte Laurentides - 10 novembre,,10-29-2025 11:44 AM,10-29-2025 11:44 AM,1895,Simon BÈgin <67952005.bxtw>,Simon BÈgin <67952005.bxtw>
80045,d'Oka/26e Avenue,H-C,Actif,Refonte Laurentides - 10 novembre,,10-29-2025 11:44 AM,10-29-2025 11:44 AM,1896,Simon BÈgin <67952005.bxtw>,Simon BÈgin <67952005.bxtw>
80058,d'Oka/44e Avenue,H-C,Actif,Refonte Laurentides - 10 novembre,,10-29-2025 11:44 AM,10-29-2025 11:44 AM,1897,Simon BÈgin <67952005.bxtw>,Simon BÈgin <67952005.bxtw>
80059,d'Oka/de l'√ârabli√®re,H-C,Actif,Refonte Laurentides - 10 novembre,,10-29-2025 11:44 AM,10-29-2025 11:44 AM,1898,Simon BÈgin <67952005.bxtw>,Simon BÈgin <67952005.bxtw>
80105,d'Oka/38e Avenue,H-C,Actif,Refonte Laurentides - 10 novembre,,10-29-2025 11:44 AM,10-29-2025 11:44 AM,1899,Simon BÈgin <67952005.bxtw>,Simon BÈgin <67952005.bxtw>
80107,d'Oka/Avenue,H-C,Actif,Refonte Laurentides - 10 novembre,,10-29-2025 11:44 AM,10-29-2025 11:44 AM,1900,Simon BÈgin <67952005.bxtw>,Simon BÈgin <67952005.bxtw>
80108,d'Oka/de l'√âglise,H-C,Actif,Refonte Laurentides - 10 novembre,,10-29-2025 11:44 AM,10-29-2025 11:44 AM,1901,Simon BÈgin <67952005.bxtw>,Simon BÈgin <67952005.bxtw>
80113,d'Oka/14e Avenue,H-C,Actif,Refonte Laurentides - 10 novembre,,10-29-2025 11:44 AM,10-29-2025 11:44 AM,1902,Simon BÈgin <67952005.bxtw>,Simon BÈgin <67952005.bxtw>
80119,d'Oka/24e Avenue,H-C,Actif,Refonte Laurentides - 10 novembre,,10-29-2025 11:44 AM,10-29-2025 11:44 AM,1903,Simon BÈgin <67952005.bxtw>,Simon BÈgin <67952005.bxtw>
80127,d'Oka/16e Avenue,H-C,Actif,Refonte Laurentides - 10 novembre,,10-29-2025 11:44 AM,10-29-2025 11:44 AM,1904,Simon BÈgin <67952005.bxtw>,Simon BÈgin <67952005.bxtw>
80130,8e Avenue/de la Chapelle,H-C,Actif,Refonte Laurentides - 10 novembre,,10-29-2025 11:44 AM,10-29-2025 11:44 AM,1905,Simon BÈgin <67952005.bxtw>,Simon BÈgin <67952005.bxtw>
80133,20e Avenue/de Normandie,H-C,Actif,Refonte Laurentides - 10 novembre,,10-29-2025 11:44 AM,10-29-2025 11:44 AM,1906,Simon BÈgin <67952005.bxtw>,Simon BÈgin <67952005.bxtw>
80134,20e Avenue/Henri-Dunant,H-C,Actif,Refonte Laurentides - 10 novembre,,10-29-2025 11:44 AM,10-29-2025 11:44 AM,1907,Simon BÈgin <67952005.bxtw>,Simon BÈgin <67952005.bxtw>
80135,F√©r√©/devant le civique 92,H-C,Actif,Refonte Laurentides - 10 novembre,,10-29-2025 11:44 AM,10-29-2025 11:44 AM,1908,Simon BÈgin <67952005.bxtw>,Simon BÈgin <67952005.bxtw>
80142,des Promenades/des Pins,H-C,Actif,Refonte Laurentides - 10 novembre,,10-29-2025 11:44 AM,10-29-2025 11:44 AM,1909,Simon BÈgin <67952005.bxtw>,Simon BÈgin <67952005.bxtw>
80145,des Promenades/devant le civique 3003,H-C,Actif,Refonte Laurentides - 10 novembre,,10-29-2025 11:44 AM,10-29-2025 11:44 AM,1910,Simon BÈgin <67952005.bxtw>,Simon BÈgin <67952005.bxtw>
80146,20e Avenue/Montclair,H-C,Actif,Refonte Laurentides - 10 novembre,,10-29-2025 11:44 AM,10-29-2025 11:44 AM,1911,Simon BÈgin <67952005.bxtw>,Simon BÈgin <67952005.bxtw>
80147,20e Avenue/Guy,H-C,Actif,Refonte Laurentides - 10 novembre,,10-29-2025 11:44 AM,10-29-2025 11:44 AM,1912,Simon BÈgin <67952005.bxtw>,Simon BÈgin <67952005.bxtw>
80148,20e Avenue/Deux-Montagnes,H-C,Actif,Refonte Laurentides - 10 novembre,,10-29-2025 11:44 AM,10-29-2025 11:44 AM,1913,Simon BÈgin <67952005.bxtw>,Simon BÈgin <67952005.bxtw>
80152,des Promenades/des M√©l√®zes,H-C,Actif,Refonte Laurentides - 10 novembre,,10-29-2025 11:44 AM,10-29-2025 11:44 AM,1914,Simon BÈgin <67952005.bxtw>,Simon BÈgin <67952005.bxtw>
80155,Deux-Montagnes/face √† la Station Deux-Montagnes,H-C,Actif,Refonte Laurentides - 10 novembre,,10-29-2025 11:44 AM,10-29-2025 11:44 AM,1915,Simon BÈgin <67952005.bxtw>,Simon BÈgin <67952005.bxtw>
80156,d'Oka/8e Avenue,H-C,Actif,Refonte Laurentides - 10 novembre,,10-29-2025 11:44 AM,10-29-2025 11:44 AM,1916,Simon BÈgin <67952005.bxtw>,Simon BÈgin <67952005.bxtw>
80158,Louise/22e Avenue,H-C,Actif,Refonte Laurentides - 10 novembre,,10-29-2025 11:44 AM,10-29-2025 11:44 AM,1917,Simon BÈgin <67952005.bxtw>,Simon BÈgin <67952005.bxtw>
80161,Louise/30e Avenue,H-C,Actif,Refonte Laurentides - 10 novembre,,10-29-2025 11:44 AM,10-29-2025 11:44 AM,1918,Simon BÈgin <67952005.bxtw>,Simon BÈgin <67952005.bxtw>
80167,des Pins/27e Avenue,H-C,Actif,Refonte Laurentides - 10 novembre,,10-29-2025 11:44 AM,10-29-2025 11:44 AM,1919,Simon BÈgin <67952005.bxtw>,Simon BÈgin <67952005.bxtw>
80170,des Pins/de la Prucheraie,H-C,Actif,Refonte Laurentides - 10 novembre,,10-29-2025 11:44 AM,10-29-2025 11:44 AM,1920,Simon BÈgin <67952005.bxtw>,Simon BÈgin <67952005.bxtw>
80171,des Pins/des Promenades,H-C,Actif,Refonte Laurentides - 10 novembre,,10-29-2025 11:44 AM,10-29-2025 11:44 AM,1921,Simon BÈgin <67952005.bxtw>,Simon BÈgin <67952005.bxtw>
80172,des Pins/de la Prucheraie,H-C,Actif,Refonte Laurentides - 10 novembre,,10-29-2025 11:44 AM,10-29-2025 11:44 AM,1922,Simon BÈgin <67952005.bxtw>,Simon BÈgin <67952005.bxtw>
80173,des Pins/du Nordet,H-C,Actif,Refonte Laurentides - 10 novembre,,10-29-2025 11:44 AM,10-29-2025 11:44 AM,1923,Simon BÈgin <67952005.bxtw>,Simon BÈgin <67952005.bxtw>
80181,Louise/30e Avenue,H-C,Actif,Refonte Laurentides - 10 novembre,,10-29-2025 11:44 AM,10-29-2025 11:44 AM,1924,Simon BÈgin <67952005.bxtw>,Simon BÈgin <67952005.bxtw>
80184,Louise/22e Avenue,H-C,Actif,Refonte Laurentides - 10 novembre,,10-29-2025 11:44 AM,10-29-2025 11:44 AM,1925,Simon BÈgin <67952005.bxtw>,Simon BÈgin <67952005.bxtw>
80186,d'Oka/3e Avenue,H-C,Actif,Refonte Laurentides - 10 novembre,,10-29-2025 11:44 AM,10-29-2025 11:44 AM,1926,Simon BÈgin <67952005.bxtw>,Simon BÈgin <67952005.bxtw>
80187,des Pins/de l'Orchid√©e,H-C,Actif,Refonte Laurentides - 10 novembre,,10-29-2025 11:44 AM,10-29-2025 11:44 AM,1927,Simon BÈgin <67952005.bxtw>,Simon BÈgin <67952005.bxtw>
80191,8e Avenue/Gagnon,H-C,Actif,Refonte Laurentides - 10 novembre,,10-29-2025 11:44 AM,10-29-2025 11:44 AM,1928,Simon BÈgin <67952005.bxtw>,Simon BÈgin <67952005.bxtw>
80194,d'Oka/24e Avenue,H-C,Actif,Refonte Laurentides - 10 novembre,,10-29-2025 11:44 AM,10-29-2025 11:44 AM,1929,Simon BÈgin <67952005.bxtw>,Simon BÈgin <67952005.bxtw>
80196,d'Oka/5e Avenue,H-C,Actif,Refonte Laurentides - 10 novembre,,10-29-2025 11:44 AM,10-29-2025 11:44 AM,1930,Simon BÈgin <67952005.bxtw>,Simon BÈgin <67952005.bxtw>
80198,20e Avenue/Piste cyclable,H-C,Actif,Refonte Laurentides - 10 novembre,,10-29-2025 11:44 AM,10-29-2025 11:44 AM,1931,Simon BÈgin <67952005.bxtw>,Simon BÈgin <67952005.bxtw>
80200,20e Avenue/Deux-Montagnes,H-C,Actif,Refonte Laurentides - 10 novembre,,10-29-2025 11:44 AM,10-29-2025 11:44 AM,1932,Simon BÈgin <67952005.bxtw>,Simon BÈgin <67952005.bxtw>
80201,d'Oka/3e Avenue,H-C,Actif,Refonte Laurentides - 10 novembre,,10-29-2025 11:44 AM,10-29-2025 11:44 AM,1933,Simon BÈgin <67952005.bxtw>,Simon BÈgin <67952005.bxtw>
80204,8e Avenue/Cedar,H-C,Actif,Refonte Laurentides - 10 novembre,,10-29-2025 11:44 AM,10-29-2025 11:44 AM,1934,Simon BÈgin <67952005.bxtw>,Simon BÈgin <67952005.bxtw>
80215,des Promenades/des Pins,H-C,Actif,Refonte Laurentides - 10 novembre,,10-29-2025 11:44 AM,10-29-2025 11:44 AM,1935,Simon BÈgin <67952005.bxtw>,Simon BÈgin <67952005.bxtw>
80233,Station/Montagnes (1),H-C,Actif,Refonte Laurentides - 10 novembre,,10-29-2025 11:44 AM,10-29-2025 11:44 AM,1936,Simon BÈgin <67952005.bxtw>,Simon BÈgin <67952005.bxtw>
80233,Station/Montagnes (2),H-C,Actif,Refonte Laurentides - 10 novembre,,10-29-2025 11:44 AM,10-29-2025 11:44 AM,1937,Simon BÈgin <67952005.bxtw>,Simon BÈgin <67952005.bxtw>
80233,Station/Montagnes (3),H-C,Actif,Refonte Laurentides - 10 novembre,,10-29-2025 11:44 AM,10-29-2025 11:44 AM,1938,Simon BÈgin <67952005.bxtw>,Simon BÈgin <67952005.bxtw>
80240,des Pins/29e Avenue,H-C,Actif,Refonte Laurentides - 10 novembre,,10-29-2025 11:44 AM,10-29-2025 11:44 AM,1939,Simon BÈgin <67952005.bxtw>,Simon BÈgin <67952005.bxtw>
80255,20e Avenue/d'Oka,H-C,Actif,Refonte Laurentides - 10 novembre,,10-29-2025 11:44 AM,10-29-2025 11:44 AM,1940,Simon BÈgin <67952005.bxtw>,Simon BÈgin <67952005.bxtw>
80877,de Rosem√®re/de Normandie,H-C,Actif,Refonte Laurentides - 10 novembre,,10-29-2025 11:44 AM,10-29-2025 11:44 AM,1941,Simon BÈgin <67952005.bxtw>,Simon BÈgin <67952005.bxtw>
80937,Julie/devant le civique #4180,H-C,Actif,Refonte Laurentides - 10 novembre,,10-29-2025 11:44 AM,10-29-2025 11:44 AM,1942,Simon BÈgin <67952005.bxtw>,Simon BÈgin <67952005.bxtw>
80939,devant le Centre Honorius/devant le Centre Honorius-Lafond,H-C,Actif,Refonte Laurentides - 10 novembre,,10-29-2025 11:44 AM,10-29-2025 11:44 AM,1943,Simon BÈgin <67952005.bxtw>,Simon BÈgin <67952005.bxtw>
80940,Robinson/devant le civique 239,H-C,Actif,Refonte Laurentides - 10 novembre,,10-29-2025 11:44 AM,10-29-2025 11:44 AM,1944,Simon BÈgin <67952005.bxtw>,Simon BÈgin <67952005.bxtw>
80941,All√©e du Golf/Robinson,H-C,Actif,Refonte Laurentides - 10 novembre,,10-29-2025 11:44 AM,10-29-2025 11:44 AM,1945,Simon BÈgin <67952005.bxtw>,Simon BÈgin <67952005.bxtw>
80946,Lacas/Highland,H-C,Actif,Refonte Laurentides - 10 novembre,,10-29-2025 11:44 AM,10-29-2025 11:44 AM,1946,Simon BÈgin <67952005.bxtw>,Simon BÈgin <67952005.bxtw>
80947,Pacific/Corona,H-C,Actif,Refonte Laurentides - 10 novembre,,10-29-2025 11:44 AM,10-29-2025 11:44 AM,1947,Simon BÈgin <67952005.bxtw>,Simon BÈgin <67952005.bxtw>
80954,All√©e du Golf/devant le civique 241,H-C,Actif,Refonte Laurentides - 10 novembre,,10-29-2025 11:44 AM,10-29-2025 11:44 AM,1948,Simon BÈgin <67952005.bxtw>,Simon BÈgin <67952005.bxtw>
80955,All√©e du Golf/Devant le civique 246,H-C,Actif,Refonte Laurentides - 10 novembre,,10-29-2025 11:44 AM,10-29-2025 11:44 AM,1949,Simon BÈgin <67952005.bxtw>,Simon BÈgin <67952005.bxtw>
80957,Poirier/face au civique 209,H-C,Actif,Refonte Laurentides - 10 novembre,,10-29-2025 11:44 AM,10-29-2025 11:44 AM,1950,Simon BÈgin <67952005.bxtw>,Simon BÈgin <67952005.bxtw>
81000,Terminus/Eustache (1),H-C,Actif,Refonte Laurentides - 10 novembre,,10-29-2025 11:44 AM,10-29-2025 11:44 AM,1951,Simon BÈgin <67952005.bxtw>,Simon BÈgin <67952005.bxtw>
81000,Terminus/Eustache (2),H-C,Actif,Refonte Laurentides - 10 novembre,,10-29-2025 11:44 AM,10-29-2025 11:44 AM,1952,Simon BÈgin <67952005.bxtw>,Simon BÈgin <67952005.bxtw>
81000,Terminus/Eustache (3),H-C,Actif,Refonte Laurentides - 10 novembre,,10-29-2025 11:44 AM,10-29-2025 11:44 AM,1953,Simon BÈgin <67952005.bxtw>,Simon BÈgin <67952005.bxtw>
81000,Terminus/Eustache (4),H-C,Actif,Refonte Laurentides - 10 novembre,,10-29-2025 11:44 AM,10-29-2025 11:44 AM,1954,Simon BÈgin <67952005.bxtw>,Simon BÈgin <67952005.bxtw>
81000,Terminus/Eustache (5),H-C,Actif,Refonte Laurentides - 10 novembre,,10-29-2025 11:44 AM,10-29-2025 11:44 AM,1955,Simon BÈgin <67952005.bxtw>,Simon BÈgin <67952005.bxtw>
81000,Terminus/Eustache (6),H-C,Actif,Refonte Laurentides - 10 novembre,,10-29-2025 11:44 AM,10-29-2025 11:44 AM,1956,Simon BÈgin <67952005.bxtw>,Simon BÈgin <67952005.bxtw>
81001,Arthur-Sauv√©/devant le terminus Saint-Eustache,H-C,Actif,Refonte Laurentides - 10 novembre,,10-29-2025 11:44 AM,10-29-2025 11:44 AM,1957,Simon BÈgin <67952005.bxtw>,Simon BÈgin <67952005.bxtw>
81004,Sauv√©/Champagne,H-C,Actif,Refonte Laurentides - 10 novembre,,10-29-2025 11:44 AM,10-29-2025 11:44 AM,1958,Simon BÈgin <67952005.bxtw>,Simon BÈgin <67952005.bxtw>
81005,F√©r√©/Corbo,H-C,Actif,Refonte Laurentides - 10 novembre,,10-29-2025 11:44 AM,10-29-2025 11:44 AM,1959,Simon BÈgin <67952005.bxtw>,Simon BÈgin <67952005.bxtw>
81006,Saint/Saint-Eustache,H-C,Actif,Refonte Laurentides - 10 novembre,,10-29-2025 11:44 AM,10-29-2025 11:44 AM,1960,Simon BÈgin <67952005.bxtw>,Simon BÈgin <67952005.bxtw>
81007,F√©r√©/Boileau,H-C,Actif,Refonte Laurentides - 10 novembre,,10-29-2025 11:44 AM,10-29-2025 11:44 AM,1961,Simon BÈgin <67952005.bxtw>,Simon BÈgin <67952005.bxtw>
81009,Boileau/Bigras,H-C,Actif,Refonte Laurentides - 10 novembre,,10-29-2025 11:44 AM,10-29-2025 11:44 AM,1962,Simon BÈgin <67952005.bxtw>,Simon BÈgin <67952005.bxtw>
81010,Pie/Pie-XII,H-C,Actif,Refonte Laurentides - 10 novembre,,10-29-2025 11:44 AM,10-29-2025 11:44 AM,1963,Simon BÈgin <67952005.bxtw>,Simon BÈgin <67952005.bxtw>
81011,Montagnes/Blouin,H-C,Actif,Refonte Laurentides - 10 novembre,,10-29-2025 11:44 AM,10-29-2025 11:44 AM,1964,Simon BÈgin <67952005.bxtw>,Simon BÈgin <67952005.bxtw>
81012,Montagnes/Gagnier,H-C,Actif,Refonte Laurentides - 10 novembre,,10-29-2025 11:44 AM,10-29-2025 11:44 AM,1965,Simon BÈgin <67952005.bxtw>,Simon BÈgin <67952005.bxtw>
81013,Station/Montagnes (2),H-C,Actif,Refonte Laurentides - 10 novembre,,10-29-2025 11:44 AM,10-29-2025 11:44 AM,1966,Simon BÈgin <67952005.bxtw>,Simon BÈgin <67952005.bxtw>
81013,Station/Montagnes,H-C,Actif,Refonte Laurentides - 10 novembre,,10-29-2025 11:44 AM,10-29-2025 11:44 AM,1967,Simon BÈgin <67952005.bxtw>,Simon BÈgin <67952005.bxtw>
81014,Montagnes/20e Avenue,H-C,Actif,Refonte Laurentides - 10 novembre,,10-29-2025 11:44 AM,10-29-2025 11:44 AM,1968,Simon BÈgin <67952005.bxtw>,Simon BÈgin <67952005.bxtw>
81015,20e Avenue/devant le civique 611,H-C,Actif,Refonte Laurentides - 10 novembre,,10-29-2025 11:44 AM,10-29-2025 11:44 AM,1969,Simon BÈgin <67952005.bxtw>,Simon BÈgin <67952005.bxtw>
81016,des Promenades/Industriel,H-C,Actif,Refonte Laurentides - 10 novembre,,10-29-2025 11:44 AM,10-29-2025 11:44 AM,1970,Simon BÈgin <67952005.bxtw>,Simon BÈgin <67952005.bxtw>
81017,Industriel/devant le Nova Bus,H-C,Actif,Refonte Laurentides - 10 novembre,,10-29-2025 11:44 AM,10-29-2025 11:44 AM,1971,Simon BÈgin <67952005.bxtw>,Simon BÈgin <67952005.bxtw>
81018,Industriel/devant le civique #690,H-C,Actif,Refonte Laurentides - 10 novembre,,10-29-2025 11:44 AM,10-29-2025 11:44 AM,1972,Simon BÈgin <67952005.bxtw>,Simon BÈgin <67952005.bxtw>
81019,Industriel/Poirier,H-C,Actif,Refonte Laurentides - 10 novembre,,10-29-2025 11:44 AM,10-29-2025 11:44 AM,1973,Simon BÈgin <67952005.bxtw>,Simon BÈgin <67952005.bxtw>
81020,Industriel/de la Rivi√®re Sud,H-C,Actif,Refonte Laurentides - 10 novembre,,10-29-2025 11:44 AM,10-29-2025 11:44 AM,1974,Simon BÈgin <67952005.bxtw>,Simon BÈgin <67952005.bxtw>
81023,Pie-XII/Saint-Eustache,H-C,Actif,Refonte Laurentides - 10 novembre,,10-29-2025 11:44 AM,10-29-2025 11:44 AM,1975,Simon BÈgin <67952005.bxtw>,Simon BÈgin <67952005.bxtw>
81024,XII/Marcel,H-C,Actif,Refonte Laurentides - 10 novembre,,10-29-2025 11:44 AM,10-29-2025 11:44 AM,1976,Simon BÈgin <67952005.bxtw>,Simon BÈgin <67952005.bxtw>
81025,XII/Marcel,H-C,Actif,Refonte Laurentides - 10 novembre,,10-29-2025 11:44 AM,10-29-2025 11:44 AM,1977,Simon BÈgin <67952005.bxtw>,Simon BÈgin <67952005.bxtw>
81026,Marcel/Lucien,H-C,Actif,Refonte Laurentides - 10 novembre,,10-29-2025 11:44 AM,10-29-2025 11:44 AM,1978,Simon BÈgin <67952005.bxtw>,Simon BÈgin <67952005.bxtw>
81027,De l'Acceuil/Beaus√©jour,H-C,Actif,Refonte Laurentides - 10 novembre,,10-29-2025 11:44 AM,10-29-2025 11:44 AM,1979,Simon BÈgin <67952005.bxtw>,Simon BÈgin <67952005.bxtw>
81028,de l'Acceuil/face au civique 390,H-C,Actif,Refonte Laurentides - 10 novembre,,10-29-2025 11:44 AM,10-29-2025 11:44 AM,1980,Simon BÈgin <67952005.bxtw>,Simon BÈgin <67952005.bxtw>
81029,Beaus√©jour/Perry,H-C,Actif,Refonte Laurentides - 10 novembre,,10-29-2025 11:44 AM,10-29-2025 11:44 AM,1981,Simon BÈgin <67952005.bxtw>,Simon BÈgin <67952005.bxtw>
81030,Pie/Pie-XII,H-C,Actif,Refonte Laurentides - 10 novembre,,10-29-2025 11:44 AM,10-29-2025 11:44 AM,1982,Simon BÈgin <67952005.bxtw>,Simon BÈgin <67952005.bxtw>
81031,Sortie A-13/de la Grande-C√¥te,H-C,Actif,Refonte Laurentides - 10 novembre,,10-29-2025 11:44 AM,10-29-2025 11:44 AM,1983,Simon BÈgin <67952005.bxtw>,Simon BÈgin <67952005.bxtw>
81033,Sauv√©/devant le civique 461,H-C,Actif,Refonte Laurentides - 10 novembre,,10-29-2025 11:44 AM,10-29-2025 11:44 AM,1984,Simon BÈgin <67952005.bxtw>,Simon BÈgin <67952005.bxtw>
81034,Sauv√©/Grignon,H-C,Actif,Refonte Laurentides - 10 novembre,,10-29-2025 11:44 AM,10-29-2025 11:44 AM,1985,Simon BÈgin <67952005.bxtw>,Simon BÈgin <67952005.bxtw>
81036,Eustache/du Parc,H-C,Actif,Refonte Laurentides - 10 novembre,,10-29-2025 11:44 AM,10-29-2025 11:44 AM,1986,Simon BÈgin <67952005.bxtw>,Simon BÈgin <67952005.bxtw>
81037,Saint/Saint-Laurent,H-C,Actif,Refonte Laurentides - 10 novembre,,10-29-2025 11:44 AM,10-29-2025 11:44 AM,1987,Simon BÈgin <67952005.bxtw>,Simon BÈgin <67952005.bxtw>
81038,H√©mond/Nadon,H-C,Actif,Refonte Laurentides - 10 novembre,,10-29-2025 11:44 AM,10-29-2025 11:44 AM,1988,Simon BÈgin <67952005.bxtw>,Simon BÈgin <67952005.bxtw>
81040,Lanthier/Moreau,H-C,Actif,Refonte Laurentides - 10 novembre,,10-29-2025 11:44 AM,10-29-2025 11:44 AM,1989,Simon BÈgin <67952005.bxtw>,Simon BÈgin <67952005.bxtw>
81041,Lanthier/Savard,H-C,Actif,Refonte Laurentides - 10 novembre,,10-29-2025 11:44 AM,10-29-2025 11:44 AM,1990,Simon BÈgin <67952005.bxtw>,Simon BÈgin <67952005.bxtw>
81042,Laurent/Champagne,H-C,Actif,Refonte Laurentides - 10 novembre,,10-29-2025 11:44 AM,10-29-2025 11:44 AM,1991,Simon BÈgin <67952005.bxtw>,Simon BÈgin <67952005.bxtw>
81043,Laurent/H√©mond,H-C,Actif,Refonte Laurentides - 10 novembre,,10-29-2025 11:44 AM,10-29-2025 11:44 AM,1992,Simon BÈgin <67952005.bxtw>,Simon BÈgin <67952005.bxtw>
81044,Saint/Saint-Laurent,H-C,Actif,Refonte Laurentides - 10 novembre,,10-29-2025 11:44 AM,10-29-2025 11:44 AM,1993,Simon BÈgin <67952005.bxtw>,Simon BÈgin <67952005.bxtw>
81045,H√©mond/Lessard (2),H-C,Actif,Refonte Laurentides - 10 novembre,,10-29-2025 11:44 AM,10-29-2025 11:44 AM,1994,Simon BÈgin <67952005.bxtw>,Simon BÈgin <67952005.bxtw>
81045,H√©mond/Lessard,H-C,Actif,Refonte Laurentides - 10 novembre,,10-29-2025 11:44 AM,10-29-2025 11:44 AM,1995,Simon BÈgin <67952005.bxtw>,Simon BÈgin <67952005.bxtw>
81046,Laurent/12e Avenue,H-C,Actif,Refonte Laurentides - 10 novembre,,10-29-2025 11:44 AM,10-29-2025 11:44 AM,1996,Simon BÈgin <67952005.bxtw>,Simon BÈgin <67952005.bxtw>
81047,Laurent/Houde,H-C,Actif,Refonte Laurentides - 10 novembre,,10-29-2025 11:44 AM,10-29-2025 11:44 AM,1997,Simon BÈgin <67952005.bxtw>,Simon BÈgin <67952005.bxtw>
81048,Laurent/Gravel,H-C,Actif,Refonte Laurentides - 10 novembre,,10-29-2025 11:44 AM,10-29-2025 11:44 AM,1998,Simon BÈgin <67952005.bxtw>,Simon BÈgin <67952005.bxtw>
81050,25e Avenue/Lamarche,H-C,Actif,Refonte Laurentides - 10 novembre,,10-29-2025 11:44 AM,10-29-2025 11:44 AM,1999,Simon BÈgin <67952005.bxtw>,Simon BÈgin <67952005.bxtw>
81053,Eustache/Yves,H-C,Actif,Refonte Laurentides - 10 novembre,,10-29-2025 11:44 AM,10-29-2025 11:44 AM,2000,Simon BÈgin <67952005.bxtw>,Simon BÈgin <67952005.bxtw>
81054,Eustache/Yves,H-C,Actif,Refonte Laurentides - 10 novembre,,10-29-2025 11:44 AM,10-29-2025 11:44 AM,2001,Simon BÈgin <67952005.bxtw>,Simon BÈgin <67952005.bxtw>
81055,Industriel/face au civique 780,H-C,Actif,Refonte Laurentides - 10 novembre,,10-29-2025 11:44 AM,10-29-2025 11:44 AM,2002,Simon BÈgin <67952005.bxtw>,Simon BÈgin <67952005.bxtw>
81056,Industriel/devant le civique #780,H-C,Actif,Refonte Laurentides - 10 novembre,,10-29-2025 11:44 AM,10-29-2025 11:44 AM,2003,Simon BÈgin <67952005.bxtw>,Simon BÈgin <67952005.bxtw>
81060,Laurent/Hamel,H-C,Actif,Refonte Laurentides - 10 novembre,,10-29-2025 11:44 AM,10-29-2025 11:44 AM,2004,Simon BÈgin <67952005.bxtw>,Simon BÈgin <67952005.bxtw>
81061,Laurent/King,H-C,Actif,Refonte Laurentides - 10 novembre,,10-29-2025 11:44 AM,10-29-2025 11:44 AM,2005,Simon BÈgin <67952005.bxtw>,Simon BÈgin <67952005.bxtw>
81062,Laurent/Cousineau,H-C,Actif,Refonte Laurentides - 10 novembre,,10-29-2025 11:44 AM,10-29-2025 11:44 AM,2006,Simon BÈgin <67952005.bxtw>,Simon BÈgin <67952005.bxtw>
81063,Laurent/45e Avenue,H-C,Actif,Refonte Laurentides - 10 novembre,,10-29-2025 11:44 AM,10-29-2025 11:44 AM,2007,Simon BÈgin <67952005.bxtw>,Simon BÈgin <67952005.bxtw>
81064,Saint-Laurent/Dominique-Miller,H-C,Actif,Refonte Laurentides - 10 novembre,,10-29-2025 11:44 AM,10-29-2025 11:44 AM,2008,Simon BÈgin <67952005.bxtw>,Simon BÈgin <67952005.bxtw>
81065,Laurent/39e Avenue,H-C,Actif,Refonte Laurentides - 10 novembre,,10-29-2025 11:44 AM,10-29-2025 11:44 AM,2009,Simon BÈgin <67952005.bxtw>,Simon BÈgin <67952005.bxtw>
81066,Laurent/31e Avenue,H-C,Actif,Refonte Laurentides - 10 novembre,,10-29-2025 11:44 AM,10-29-2025 11:44 AM,2010,Simon BÈgin <67952005.bxtw>,Simon BÈgin <67952005.bxtw>
81067,Laurent/25e Avenue,H-C,Actif,Refonte Laurentides - 10 novembre,,10-29-2025 11:44 AM,10-29-2025 11:44 AM,2011,Simon BÈgin <67952005.bxtw>,Simon BÈgin <67952005.bxtw>
81068,25e Avenue/devant le civique 475,H-C,Actif,Refonte Laurentides - 10 novembre,,10-29-2025 11:44 AM,10-29-2025 11:44 AM,2012,Simon BÈgin <67952005.bxtw>,Simon BÈgin <67952005.bxtw>
81070,dubois/devant le Rona,H-C,Actif,Refonte Laurentides - 10 novembre,,10-29-2025 11:44 AM,10-29-2025 11:44 AM,2013,Simon BÈgin <67952005.bxtw>,Simon BÈgin <67952005.bxtw>
81071,Antoine/Antoine-S√©guin,H-C,Actif,Refonte Laurentides - 10 novembre,,10-29-2025 11:44 AM,10-29-2025 11:44 AM,2014,Simon BÈgin <67952005.bxtw>,Simon BÈgin <67952005.bxtw>
81073,Dubois/Charbonneau,H-C,Actif,Refonte Laurentides - 10 novembre,,10-29-2025 11:44 AM,10-29-2025 11:44 AM,2015,Simon BÈgin <67952005.bxtw>,Simon BÈgin <67952005.bxtw>
81074,Charbonneau/Grignon,H-C,Actif,Refonte Laurentides - 10 novembre,,10-29-2025 11:44 AM,10-29-2025 11:44 AM,2016,Simon BÈgin <67952005.bxtw>,Simon BÈgin <67952005.bxtw>
81076,Papineau/Des Patriotes,H-C,Actif,Refonte Laurentides - 10 novembre,,10-29-2025 11:44 AM,10-29-2025 11:44 AM,2017,Simon BÈgin <67952005.bxtw>,Simon BÈgin <67952005.bxtw>
81077,Papineau/Girouard,H-C,Actif,Refonte Laurentides - 10 novembre,,10-29-2025 11:44 AM,10-29-2025 11:44 AM,2018,Simon BÈgin <67952005.bxtw>,Simon BÈgin <67952005.bxtw>
81078,Louis-Joseph-Papineau/ Joseph-Dub√©,H-C,Actif,Refonte Laurentides - 10 novembre,,10-29-2025 11:44 AM,10-29-2025 11:44 AM,2019,Simon BÈgin <67952005.bxtw>,Simon BÈgin <67952005.bxtw>
81079,Louis-Joseph-Papineau/Louis-Joseph-Rodrigue,H-C,Actif,Refonte Laurentides - 10 novembre,,10-29-2025 11:44 AM,10-29-2025 11:44 AM,2020,Simon BÈgin <67952005.bxtw>,Simon BÈgin <67952005.bxtw>
81080,Louis-Joseph-Rodrigue/Timoth√©e-Kimber,H-C,Actif,Refonte Laurentides - 10 novembre,,10-29-2025 11:44 AM,10-29-2025 11:44 AM,2021,Simon BÈgin <67952005.bxtw>,Simon BÈgin <67952005.bxtw>
81081,Rodrigue/Sp√©nard,H-C,Actif,Refonte Laurentides - 10 novembre,,10-29-2025 11:44 AM,10-29-2025 11:44 AM,2022,Simon BÈgin <67952005.bxtw>,Simon BÈgin <67952005.bxtw>
81082,Louis-Joseph-Rodrigue/Ren√©-L√©vesque,H-C,Actif,Refonte Laurentides - 10 novembre,,10-29-2025 11:44 AM,10-29-2025 11:44 AM,2023,Simon BÈgin <67952005.bxtw>,Simon BÈgin <67952005.bxtw>
81083,L√©vesque/L√©veill√©,H-C,Actif,Refonte Laurentides - 10 novembre,,10-29-2025 11:44 AM,10-29-2025 11:44 AM,2024,Simon BÈgin <67952005.bxtw>,Simon BÈgin <67952005.bxtw>
81084,L√©veill√©/Sp√©nard,H-C,Actif,Refonte Laurentides - 10 novembre,,10-29-2025 11:44 AM,10-29-2025 11:44 AM,2025,Simon BÈgin <67952005.bxtw>,Simon BÈgin <67952005.bxtw>
81085,L√©veill√©/Prud'homme,H-C,Actif,Refonte Laurentides - 10 novembre,,10-29-2025 11:44 AM,10-29-2025 11:44 AM,2026,Simon BÈgin <67952005.bxtw>,Simon BÈgin <67952005.bxtw>
81086,Prud'homme/des Plaines,H-C,Actif,Refonte Laurentides - 10 novembre,,10-29-2025 11:44 AM,10-29-2025 11:44 AM,2027,Simon BÈgin <67952005.bxtw>,Simon BÈgin <67952005.bxtw>
81087,Prud'homme/Des √ârables,H-C,Actif,Refonte Laurentides - 10 novembre,,10-29-2025 11:44 AM,10-29-2025 11:44 AM,2028,Simon BÈgin <67952005.bxtw>,Simon BÈgin <67952005.bxtw>
81088,Des √ârables/Des Sapins,H-C,Actif,Refonte Laurentides - 10 novembre,,10-29-2025 11:44 AM,10-29-2025 11:44 AM,2029,Simon BÈgin <67952005.bxtw>,Simon BÈgin <67952005.bxtw>
81089,Des √ârables/L√©veill√©,H-C,Actif,Refonte Laurentides - 10 novembre,,10-29-2025 11:44 AM,10-29-2025 11:44 AM,2030,Simon BÈgin <67952005.bxtw>,Simon BÈgin <67952005.bxtw>
81090,Arthur/Arthur-Sauv√©,H-C,Actif,Refonte Laurentides - 10 novembre,,10-29-2025 11:44 AM,10-29-2025 11:44 AM,2031,Simon BÈgin <67952005.bxtw>,Simon BÈgin <67952005.bxtw>
81091,Arthur-Sauv√©/devant le Wal-Mart,H-C,Actif,Refonte Laurentides - 10 novembre,,10-29-2025 11:44 AM,10-29-2025 11:44 AM,2032,Simon BÈgin <67952005.bxtw>,Simon BÈgin <67952005.bxtw>
81093,Sauv√©/Industriel,H-C,Actif,Refonte Laurentides - 10 novembre,,10-29-2025 11:44 AM,10-29-2025 11:44 AM,2033,Simon BÈgin <67952005.bxtw>,Simon BÈgin <67952005.bxtw>
81097,Sauv√©/Industriel,H-C,Actif,Refonte Laurentides - 10 novembre,,10-29-2025 11:44 AM,10-29-2025 11:44 AM,2034,Simon BÈgin <67952005.bxtw>,Simon BÈgin <67952005.bxtw>
81101,L√©veill√©/Des √ârables,H-C,Actif,Refonte Laurentides - 10 novembre,,10-29-2025 11:44 AM,10-29-2025 11:44 AM,2035,Simon BÈgin <67952005.bxtw>,Simon BÈgin <67952005.bxtw>
81102,Des √ârables/Des Sapins,H-C,Actif,Refonte Laurentides - 10 novembre,,10-29-2025 11:44 AM,10-29-2025 11:44 AM,2036,Simon BÈgin <67952005.bxtw>,Simon BÈgin <67952005.bxtw>
81103,Prud'homme/des Marronniers,H-C,Actif,Refonte Laurentides - 10 novembre,,10-29-2025 11:44 AM,10-29-2025 11:44 AM,2037,Simon BÈgin <67952005.bxtw>,Simon BÈgin <67952005.bxtw>
81104,Prud'homme/des Plaines,H-C,Actif,Refonte Laurentides - 10 novembre,,10-29-2025 11:44 AM,10-29-2025 11:44 AM,2038,Simon BÈgin <67952005.bxtw>,Simon BÈgin <67952005.bxtw>
81105,Prud'homme/L√©veill√©,H-C,Actif,Refonte Laurentides - 10 novembre,,10-29-2025 11:44 AM,10-29-2025 11:44 AM,2039,Simon BÈgin <67952005.bxtw>,Simon BÈgin <67952005.bxtw>
81106,Ren√©/Ren√©-L√©vesque,H-C,Actif,Refonte Laurentides - 10 novembre,,10-29-2025 11:44 AM,10-29-2025 11:44 AM,2040,Simon BÈgin <67952005.bxtw>,Simon BÈgin <67952005.bxtw>
81107,Louis-Joseph-Rodrigue/Ren√©-L√©vesque,H-C,Actif,Refonte Laurentides - 10 novembre,,10-29-2025 11:44 AM,10-29-2025 11:44 AM,2041,Simon BÈgin <67952005.bxtw>,Simon BÈgin <67952005.bxtw>
81108,Rodrigue/Sp√©nard,H-C,Actif,Refonte Laurentides - 10 novembre,,10-29-2025 11:44 AM,10-29-2025 11:44 AM,2042,Simon BÈgin <67952005.bxtw>,Simon BÈgin <67952005.bxtw>
81109,Louis-Joseph-Rodrigue/Louis-Joseph-Papineau,H-C,Actif,Refonte Laurentides - 10 novembre,,10-29-2025 11:44 AM,10-29-2025 11:44 AM,2043,Simon BÈgin <67952005.bxtw>,Simon BÈgin <67952005.bxtw>
81110,Louis-Joseph-Papineau/Joseph-Dub√©,H-C,Actif,Refonte Laurentides - 10 novembre,,10-29-2025 11:44 AM,10-29-2025 11:44 AM,2044,Simon BÈgin <67952005.bxtw>,Simon BÈgin <67952005.bxtw>
81111,Papineau/Girouard,H-C,Actif,Refonte Laurentides - 10 novembre,,10-29-2025 11:44 AM,10-29-2025 11:44 AM,2045,Simon BÈgin <67952005.bxtw>,Simon BÈgin <67952005.bxtw>
81112,Papineau/Des Patriotes,H-C,Actif,Refonte Laurentides - 10 novembre,,10-29-2025 11:44 AM,10-29-2025 11:44 AM,2046,Simon BÈgin <67952005.bxtw>,Simon BÈgin <67952005.bxtw>
81113,Papineau/Industriel,H-C,Actif,Refonte Laurentides - 10 novembre,,10-29-2025 11:44 AM,10-29-2025 11:44 AM,2047,Simon BÈgin <67952005.bxtw>,Simon BÈgin <67952005.bxtw>
81115,Industriel/de la Rivi√®re Sud,H-C,Actif,Refonte Laurentides - 10 novembre,,10-29-2025 11:44 AM,10-29-2025 11:44 AM,2048,Simon BÈgin <67952005.bxtw>,Simon BÈgin <67952005.bxtw>
81116,Industriel/devant le civique 260,H-C,Actif,Refonte Laurentides - 10 novembre,,10-29-2025 11:44 AM,10-29-2025 11:44 AM,2049,Simon BÈgin <67952005.bxtw>,Simon BÈgin <67952005.bxtw>
81117,Industriel/devant le civique 699,H-C,Actif,Refonte Laurentides - 10 novembre,,10-29-2025 11:44 AM,10-29-2025 11:44 AM,2050,Simon BÈgin <67952005.bxtw>,Simon BÈgin <67952005.bxtw>
81118,Industriel/devant le civique 1001,H-C,Actif,Refonte Laurentides - 10 novembre,,10-29-2025 11:44 AM,10-29-2025 11:44 AM,2051,Simon BÈgin <67952005.bxtw>,Simon BÈgin <67952005.bxtw>
81120,20e Avenue/face √† l'Olympia,H-C,Actif,Refonte Laurentides - 10 novembre,,10-29-2025 11:44 AM,10-29-2025 11:44 AM,2052,Simon BÈgin <67952005.bxtw>,Simon BÈgin <67952005.bxtw>
81121,20e Avenue/Piste cyclable,H-C,Actif,Refonte Laurentides - 10 novembre,,10-29-2025 11:44 AM,10-29-2025 11:44 AM,2053,Simon BÈgin <67952005.bxtw>,Simon BÈgin <67952005.bxtw>
81125,Montagnes/Blouin,H-C,Actif,Refonte Laurentides - 10 novembre,,10-29-2025 11:44 AM,10-29-2025 11:44 AM,2054,Simon BÈgin <67952005.bxtw>,Simon BÈgin <67952005.bxtw>
81126,XII/Boileau,H-C,Actif,Refonte Laurentides - 10 novembre,,10-29-2025 11:44 AM,10-29-2025 11:44 AM,2055,Simon BÈgin <67952005.bxtw>,Simon BÈgin <67952005.bxtw>
81127,Pie-XII/Saint-Eustache,H-C,Actif,Refonte Laurentides - 10 novembre,,10-29-2025 11:44 AM,10-29-2025 11:44 AM,2056,Simon BÈgin <67952005.bxtw>,Simon BÈgin <67952005.bxtw>
81130,Eustache/Des Sources,H-C,Actif,Refonte Laurentides - 10 novembre,,10-29-2025 11:44 AM,10-29-2025 11:44 AM,2057,Simon BÈgin <67952005.bxtw>,Simon BÈgin <67952005.bxtw>
81131,Eustache/F√©r√©,H-C,Actif,Refonte Laurentides - 10 novembre,,10-29-2025 11:44 AM,10-29-2025 11:44 AM,2058,Simon BÈgin <67952005.bxtw>,Simon BÈgin <67952005.bxtw>
81132,Eustache/Du Moulin,H-C,Actif,Refonte Laurentides - 10 novembre,,10-29-2025 11:44 AM,10-29-2025 11:44 AM,2059,Simon BÈgin <67952005.bxtw>,Simon BÈgin <67952005.bxtw>
81133,Eustache/Dorion,H-C,Actif,Refonte Laurentides - 10 novembre,,10-29-2025 11:44 AM,10-29-2025 11:44 AM,2060,Simon BÈgin <67952005.bxtw>,Simon BÈgin <67952005.bxtw>
81134,Saint-Eustache/Saint-Nicolas,H-C,Actif,Refonte Laurentides - 10 novembre,,10-29-2025 11:44 AM,10-29-2025 11:44 AM,2061,Simon BÈgin <67952005.bxtw>,Simon BÈgin <67952005.bxtw>
81135,Sauv√©/devant le civique 490,H-C,Actif,Refonte Laurentides - 10 novembre,,10-29-2025 11:44 AM,10-29-2025 11:44 AM,2062,Simon BÈgin <67952005.bxtw>,Simon BÈgin <67952005.bxtw>
81137,Poirier/All√©e du Golf,H-C,Actif,Refonte Laurentides - 10 novembre,,10-29-2025 11:44 AM,10-29-2025 11:44 AM,2063,Simon BÈgin <67952005.bxtw>,Simon BÈgin <67952005.bxtw>
81138,Poirier/All√©e du golf,H-C,Actif,Refonte Laurentides - 10 novembre,,10-29-2025 11:44 AM,10-29-2025 11:44 AM,2064,Simon BÈgin <67952005.bxtw>,Simon BÈgin <67952005.bxtw>
81138,All√©e du golf/Poirier (D√©plac√©),H-C,Actif,Refonte Laurentides - 10 novembre,,10-29-2025 11:44 AM,10-29-2025 11:44 AM,2065,Simon BÈgin <67952005.bxtw>,Simon BÈgin <67952005.bxtw>
81139,Poirier/Industriel,H-C,Actif,Refonte Laurentides - 10 novembre,,10-29-2025 11:44 AM,10-29-2025 11:44 AM,2066,Simon BÈgin <67952005.bxtw>,Simon BÈgin <67952005.bxtw>
81140,Saint/Saint-Nicolas,H-C,Actif,Refonte Laurentides - 10 novembre,,10-29-2025 11:44 AM,10-29-2025 11:44 AM,2067,Simon BÈgin <67952005.bxtw>,Simon BÈgin <67952005.bxtw>
81141,Laurent/Houle,H-C,Actif,Refonte Laurentides - 10 novembre,,10-29-2025 11:44 AM,10-29-2025 11:44 AM,2068,Simon BÈgin <67952005.bxtw>,Simon BÈgin <67952005.bxtw>
81142,Laurent/Perreault,H-C,Actif,Refonte Laurentides - 10 novembre,,10-29-2025 11:44 AM,10-29-2025 11:44 AM,2069,Simon BÈgin <67952005.bxtw>,Simon BÈgin <67952005.bxtw>
81143,Saint-Laurent/des Mille-√éles,H-C,Actif,Refonte Laurentides - 10 novembre,,10-29-2025 11:44 AM,10-29-2025 11:44 AM,2070,Simon BÈgin <67952005.bxtw>,Simon BÈgin <67952005.bxtw>
81144,Laurent/devant le civique 125,H-C,Actif,Refonte Laurentides - 10 novembre,,10-29-2025 11:44 AM,10-29-2025 11:44 AM,2071,Simon BÈgin <67952005.bxtw>,Simon BÈgin <67952005.bxtw>
81145,Saint/Saint-Marc,H-C,Actif,Refonte Laurentides - 10 novembre,,10-29-2025 11:44 AM,10-29-2025 11:44 AM,2072,Simon BÈgin <67952005.bxtw>,Simon BÈgin <67952005.bxtw>
81149,Louis/devant le civique 146,H-C,Actif,Refonte Laurentides - 10 novembre,,10-29-2025 11:44 AM,10-29-2025 11:44 AM,2073,Simon BÈgin <67952005.bxtw>,Simon BÈgin <67952005.bxtw>
81155,Ch√©nier/Labrie,H-C,Actif,Refonte Laurentides - 10 novembre,,10-29-2025 11:44 AM,10-29-2025 11:44 AM,2074,Simon BÈgin <67952005.bxtw>,Simon BÈgin <67952005.bxtw>
81156,Ch√©nier/Face au civique 46,H-C,Actif,Refonte Laurentides - 10 novembre,,10-29-2025 11:44 AM,10-29-2025 11:44 AM,2075,Simon BÈgin <67952005.bxtw>,Simon BÈgin <67952005.bxtw>
81157,David/David-Lord,H-C,Actif,Refonte Laurentides - 10 novembre,,10-29-2025 11:44 AM,10-29-2025 11:44 AM,2076,Simon BÈgin <67952005.bxtw>,Simon BÈgin <67952005.bxtw>
81158,F√©r√©/du Plateau,H-C,Actif,Refonte Laurentides - 10 novembre,,10-29-2025 11:44 AM,10-29-2025 11:44 AM,2077,Simon BÈgin <67952005.bxtw>,Simon BÈgin <67952005.bxtw>
81159,F√©r√©/Latour,H-C,Actif,Refonte Laurentides - 10 novembre,,10-29-2025 11:44 AM,10-29-2025 11:44 AM,2078,Simon BÈgin <67952005.bxtw>,Simon BÈgin <67952005.bxtw>
81160,Saint/Saint-Eustache,H-C,Actif,Refonte Laurentides - 10 novembre,,10-29-2025 11:44 AM,10-29-2025 11:44 AM,2079,Simon BÈgin <67952005.bxtw>,Simon BÈgin <67952005.bxtw>
81161,Arthur/Arthur-Sauv√©,H-C,Actif,Refonte Laurentides - 10 novembre,,10-29-2025 11:44 AM,10-29-2025 11:44 AM,2080,Simon BÈgin <67952005.bxtw>,Simon BÈgin <67952005.bxtw>
81162,Sauv√©/H√©mond,H-C,Actif,Refonte Laurentides - 10 novembre,,10-29-2025 11:44 AM,10-29-2025 11:44 AM,2081,Simon BÈgin <67952005.bxtw>,Simon BÈgin <67952005.bxtw>
81163,Sauv√©/Villeneuve,H-C,Actif,Refonte Laurentides - 10 novembre,,10-29-2025 11:44 AM,10-29-2025 11:44 AM,2082,Simon BÈgin <67952005.bxtw>,Simon BÈgin <67952005.bxtw>
81167,Arthur/Arthur-Sauv√©,H-C,Actif,Refonte Laurentides - 10 novembre,,10-29-2025 11:44 AM,10-29-2025 11:44 AM,2083,Simon BÈgin <67952005.bxtw>,Simon BÈgin <67952005.bxtw>
81168,F√©r√©/Dumont,H-C,Actif,Refonte Laurentides - 10 novembre,,10-29-2025 11:44 AM,10-29-2025 11:44 AM,2084,Simon BÈgin <67952005.bxtw>,Simon BÈgin <67952005.bxtw>
81169,Louis/Bellerive,H-C,Actif,Refonte Laurentides - 10 novembre,,10-29-2025 11:44 AM,10-29-2025 11:44 AM,2085,Simon BÈgin <67952005.bxtw>,Simon BÈgin <67952005.bxtw>
81170,Arthur/Arthur-Sauv√©,H-C,Actif,Refonte Laurentides - 10 novembre,,10-29-2025 11:44 AM,10-29-2025 11:44 AM,2086,Simon BÈgin <67952005.bxtw>,Simon BÈgin <67952005.bxtw>
81172,Sauv√©/Laurier,H-C,Actif,Refonte Laurentides - 10 novembre,,10-29-2025 11:44 AM,10-29-2025 11:44 AM,2087,Simon BÈgin <67952005.bxtw>,Simon BÈgin <67952005.bxtw>
81173,Sauv√©/Laurier,H-C,Actif,Refonte Laurentides - 10 novembre,,10-29-2025 11:44 AM,10-29-2025 11:44 AM,2088,Simon BÈgin <67952005.bxtw>,Simon BÈgin <67952005.bxtw>
81174,Charbonneau/Dubois,H-C,Actif,Refonte Laurentides - 10 novembre,,10-29-2025 11:44 AM,10-29-2025 11:44 AM,2089,Simon BÈgin <67952005.bxtw>,Simon BÈgin <67952005.bxtw>
81179,Lavall√©e/des Dahlias,H-C,Actif,Refonte Laurentides - 10 novembre,,10-29-2025 11:44 AM,10-29-2025 11:44 AM,2090,Simon BÈgin <67952005.bxtw>,Simon BÈgin <67952005.bxtw>
81180,Lavall√©e/des Dahlias,H-C,Actif,Refonte Laurentides - 10 novembre,,10-29-2025 11:44 AM,10-29-2025 11:44 AM,2091,Simon BÈgin <67952005.bxtw>,Simon BÈgin <67952005.bxtw>
81182,du Parc/devant le civique 390,H-C,Actif,Refonte Laurentides - 10 novembre,,10-29-2025 11:44 AM,10-29-2025 11:44 AM,2092,Simon BÈgin <67952005.bxtw>,Simon BÈgin <67952005.bxtw>
81183,P√©pin/ du Parc,H-C,Actif,Refonte Laurentides - 10 novembre,,10-29-2025 11:44 AM,10-29-2025 11:44 AM,2093,Simon BÈgin <67952005.bxtw>,Simon BÈgin <67952005.bxtw>
81184,P√©pin/Bibeau,H-C,Actif,Refonte Laurentides - 10 novembre,,10-29-2025 11:44 AM,10-29-2025 11:44 AM,2094,Simon BÈgin <67952005.bxtw>,Simon BÈgin <67952005.bxtw>
81185,Bibeau/Daoust,H-C,Actif,Refonte Laurentides - 10 novembre,,10-29-2025 11:44 AM,10-29-2025 11:44 AM,2095,Simon BÈgin <67952005.bxtw>,Simon BÈgin <67952005.bxtw>
81186,Bibeau/Daoust,H-C,Actif,Refonte Laurentides - 10 novembre,,10-29-2025 11:44 AM,10-29-2025 11:44 AM,2096,Simon BÈgin <67952005.bxtw>,Simon BÈgin <67952005.bxtw>
81187,Bibeau/P√©pin,H-C,Actif,Refonte Laurentides - 10 novembre,,10-29-2025 11:44 AM,10-29-2025 11:44 AM,2097,Simon BÈgin <67952005.bxtw>,Simon BÈgin <67952005.bxtw>
81188,P√©pin/du Parc,H-C,Actif,Refonte Laurentides - 10 novembre,,10-29-2025 11:44 AM,10-29-2025 11:44 AM,2098,Simon BÈgin <67952005.bxtw>,Simon BÈgin <67952005.bxtw>
81190,du Parc/Saint-Eustache,H-C,Actif,Refonte Laurentides - 10 novembre,,10-29-2025 11:44 AM,10-29-2025 11:44 AM,2099,Simon BÈgin <67952005.bxtw>,Simon BÈgin <67952005.bxtw>
81214,Dubois/des Ancolies,H-C,Actif,Refonte Laurentides - 10 novembre,,10-29-2025 11:44 AM,10-29-2025 11:44 AM,2100,Simon BÈgin <67952005.bxtw>,Simon BÈgin <67952005.bxtw>
81215,Dubois /des Ancolies,H-C,Actif,Refonte Laurentides - 10 novembre,,10-29-2025 11:44 AM,10-29-2025 11:44 AM,2101,Simon BÈgin <67952005.bxtw>,Simon BÈgin <67952005.bxtw>
81216,F√©r√©/L√©gar√©,H-C,Actif,Refonte Laurentides - 10 novembre,,10-29-2025 11:44 AM,10-29-2025 11:44 AM,2102,Simon BÈgin <67952005.bxtw>,Simon BÈgin <67952005.bxtw>
81217,Boileau/Judd,H-C,Actif,Refonte Laurentides - 10 novembre,,10-29-2025 11:44 AM,10-29-2025 11:44 AM,2103,Simon BÈgin <67952005.bxtw>,Simon BÈgin <67952005.bxtw>
81218,Montagnes/Montaigne,H-C,Actif,Refonte Laurentides - 10 novembre,,10-29-2025 11:44 AM,10-29-2025 11:44 AM,2104,Simon BÈgin <67952005.bxtw>,Simon BÈgin <67952005.bxtw>
81219,Boileau/Judd,H-C,Actif,Refonte Laurentides - 10 novembre,,10-29-2025 11:44 AM,10-29-2025 11:44 AM,2105,Simon BÈgin <67952005.bxtw>,Simon BÈgin <67952005.bxtw>
81220,Boileau/Bigras,H-C,Actif,Refonte Laurentides - 10 novembre,,10-29-2025 11:44 AM,10-29-2025 11:44 AM,2106,Simon BÈgin <67952005.bxtw>,Simon BÈgin <67952005.bxtw>
81221,Boileau/devant le civique 286,H-C,Actif,Refonte Laurentides - 10 novembre,,10-29-2025 11:44 AM,10-29-2025 11:44 AM,2107,Simon BÈgin <67952005.bxtw>,Simon BÈgin <67952005.bxtw>
81222,Boileau/Louise,H-C,Actif,Refonte Laurentides - 10 novembre,,10-29-2025 11:44 AM,10-29-2025 11:44 AM,2108,Simon BÈgin <67952005.bxtw>,Simon BÈgin <67952005.bxtw>
81225,C√¥te/18e Avenue,H-C,Actif,Refonte Laurentides - 10 novembre,,10-29-2025 11:44 AM,10-29-2025 11:44 AM,2109,Simon BÈgin <67952005.bxtw>,Simon BÈgin <67952005.bxtw>
81226,C√¥te/31e Avenue,H-C,Actif,Refonte Laurentides - 10 novembre,,10-29-2025 11:44 AM,10-29-2025 11:44 AM,2110,Simon BÈgin <67952005.bxtw>,Simon BÈgin <67952005.bxtw>
81227,Saint-Eustache/Du Docteur-Corriveau,H-C,Actif,Refonte Laurentides - 10 novembre,,10-29-2025 11:44 AM,10-29-2025 11:44 AM,2111,Simon BÈgin <67952005.bxtw>,Simon BÈgin <67952005.bxtw>
81228,Boileau/F√©r√©,H-C,Actif,Refonte Laurentides - 10 novembre,,10-29-2025 11:44 AM,10-29-2025 11:44 AM,2112,Simon BÈgin <67952005.bxtw>,Simon BÈgin <67952005.bxtw>
81238,Grignon/Charbonneau,H-C,Actif,Refonte Laurentides - 10 novembre,,10-29-2025 11:44 AM,10-29-2025 11:44 AM,2113,Simon BÈgin <67952005.bxtw>,Simon BÈgin <67952005.bxtw>
81239,Dubois/face au civique 120,H-C,Actif,Refonte Laurentides - 10 novembre,,10-29-2025 11:44 AM,10-29-2025 11:44 AM,2114,Simon BÈgin <67952005.bxtw>,Simon BÈgin <67952005.bxtw>
81242,Lavall√©e/Binette,H-C,Actif,Refonte Laurentides - 10 novembre,,10-29-2025 11:44 AM,10-29-2025 11:44 AM,2115,Simon BÈgin <67952005.bxtw>,Simon BÈgin <67952005.bxtw>
81245,S√©guin/des Cam√©lias,H-C,Actif,Refonte Laurentides - 10 novembre,,10-29-2025 11:44 AM,10-29-2025 11:44 AM,2116,Simon BÈgin <67952005.bxtw>,Simon BÈgin <67952005.bxtw>
81246,S√©guin/All√©e de la Roseraie,H-C,Actif,Refonte Laurentides - 10 novembre,,10-29-2025 11:44 AM,10-29-2025 11:44 AM,2117,Simon BÈgin <67952005.bxtw>,Simon BÈgin <67952005.bxtw>
81247,S√©guin/Dubois,H-C,Actif,Refonte Laurentides - 10 novembre,,10-29-2025 11:44 AM,10-29-2025 11:44 AM,2118,Simon BÈgin <67952005.bxtw>,Simon BÈgin <67952005.bxtw>
81248,Dubois/face au Rona,H-C,Actif,Refonte Laurentides - 10 novembre,,10-29-2025 11:44 AM,10-29-2025 11:44 AM,2119,Simon BÈgin <67952005.bxtw>,Simon BÈgin <67952005.bxtw>
81250,25e Avenue/devant le civique 480,H-C,Actif,Refonte Laurentides - 10 novembre,,10-29-2025 11:44 AM,10-29-2025 11:44 AM,2120,Simon BÈgin <67952005.bxtw>,Simon BÈgin <67952005.bxtw>
81251,25e Avenue/devant le civique 222,H-C,Actif,Refonte Laurentides - 10 novembre,,10-29-2025 11:44 AM,10-29-2025 11:44 AM,2121,Simon BÈgin <67952005.bxtw>,Simon BÈgin <67952005.bxtw>
81252,Laurent/Gravel,H-C,Actif,Refonte Laurentides - 10 novembre,,10-29-2025 11:44 AM,10-29-2025 11:44 AM,2122,Simon BÈgin <67952005.bxtw>,Simon BÈgin <67952005.bxtw>
81253,Laurent/Houde,H-C,Actif,Refonte Laurentides - 10 novembre,,10-29-2025 11:44 AM,10-29-2025 11:44 AM,2123,Simon BÈgin <67952005.bxtw>,Simon BÈgin <67952005.bxtw>
81254,Laurent/12e Avenue,H-C,Actif,Refonte Laurentides - 10 novembre,,10-29-2025 11:44 AM,10-29-2025 11:44 AM,2124,Simon BÈgin <67952005.bxtw>,Simon BÈgin <67952005.bxtw>
81255,25e Avenue/Saint-Laurent,H-C,Actif,Refonte Laurentides - 10 novembre,,10-29-2025 11:44 AM,10-29-2025 11:44 AM,2125,Simon BÈgin <67952005.bxtw>,Simon BÈgin <67952005.bxtw>
81256,Marc/Scott,H-C,Actif,Refonte Laurentides - 10 novembre,,10-29-2025 11:44 AM,10-29-2025 11:44 AM,2126,Simon BÈgin <67952005.bxtw>,Simon BÈgin <67952005.bxtw>
81260,Marc/Houle,H-C,Actif,Refonte Laurentides - 10 novembre,,10-29-2025 11:44 AM,10-29-2025 11:44 AM,2127,Simon BÈgin <67952005.bxtw>,Simon BÈgin <67952005.bxtw>
81261,Marc/Landry,H-C,Actif,Refonte Laurentides - 10 novembre,,10-29-2025 11:44 AM,10-29-2025 11:44 AM,2128,Simon BÈgin <67952005.bxtw>,Simon BÈgin <67952005.bxtw>
81262,Marc/Goyer,H-C,Actif,Refonte Laurentides - 10 novembre,,10-29-2025 11:44 AM,10-29-2025 11:44 AM,2129,Simon BÈgin <67952005.bxtw>,Simon BÈgin <67952005.bxtw>
81263,De Bellefeuille/Saint-Marc,H-C,Actif,Refonte Laurentides - 10 novembre,,10-29-2025 11:44 AM,10-29-2025 11:44 AM,2130,Simon BÈgin <67952005.bxtw>,Simon BÈgin <67952005.bxtw>
81264,25e Avenue/devant le civique 265,H-C,Actif,Refonte Laurentides - 10 novembre,,10-29-2025 11:44 AM,10-29-2025 11:44 AM,2131,Simon BÈgin <67952005.bxtw>,Simon BÈgin <67952005.bxtw>
81265,S√©guin/All√©e de la Roseraie,H-C,Actif,Refonte Laurentides - 10 novembre,,10-29-2025 11:44 AM,10-29-2025 11:44 AM,2132,Simon BÈgin <67952005.bxtw>,Simon BÈgin <67952005.bxtw>
81266,S√©guin/des Cam√©lias,H-C,Actif,Refonte Laurentides - 10 novembre,,10-29-2025 11:44 AM,10-29-2025 11:44 AM,2133,Simon BÈgin <67952005.bxtw>,Simon BÈgin <67952005.bxtw>
81267,S√©guin/Binette,H-C,Actif,Refonte Laurentides - 10 novembre,,10-29-2025 11:44 AM,10-29-2025 11:44 AM,2134,Simon BÈgin <67952005.bxtw>,Simon BÈgin <67952005.bxtw>
81270,Dubois/devant le civique 160,H-C,Actif,Refonte Laurentides - 10 novembre,,10-29-2025 11:44 AM,10-29-2025 11:44 AM,2135,Simon BÈgin <67952005.bxtw>,Simon BÈgin <67952005.bxtw>
81271,Dubois/devant le civique 120,H-C,Actif,Refonte Laurentides - 10 novembre,,10-29-2025 11:44 AM,10-29-2025 11:44 AM,2136,Simon BÈgin <67952005.bxtw>,Simon BÈgin <67952005.bxtw>
81280,XII/Boileau,H-C,Actif,Refonte Laurentides - 10 novembre,,10-29-2025 11:44 AM,10-29-2025 11:44 AM,2137,Simon BÈgin <67952005.bxtw>,Simon BÈgin <67952005.bxtw>
81281,Prud'homme/Filiatrault,H-C,Actif,Refonte Laurentides - 10 novembre,,10-29-2025 11:44 AM,10-29-2025 11:44 AM,2138,Simon BÈgin <67952005.bxtw>,Simon BÈgin <67952005.bxtw>
81282,Des √ârables/Des Tilleuls,H-C,Actif,Refonte Laurentides - 10 novembre,,10-29-2025 11:44 AM,10-29-2025 11:44 AM,2139,Simon BÈgin <67952005.bxtw>,Simon BÈgin <67952005.bxtw>
81283,Arthur-Sauv√©/Devant l'H√¥pital Saint-Eustache,H-C,Actif,Refonte Laurentides - 10 novembre,,10-29-2025 11:44 AM,10-29-2025 11:44 AM,2140,Simon BÈgin <67952005.bxtw>,Simon BÈgin <67952005.bxtw>
81285,Sauv√©/F√©r√©,H-C,Actif,Refonte Laurentides - 10 novembre,,10-29-2025 11:44 AM,10-29-2025 11:44 AM,2141,Simon BÈgin <67952005.bxtw>,Simon BÈgin <67952005.bxtw>
81286,Sauv√©/F√©r√©,H-C,Actif,Refonte Laurentides - 10 novembre,,10-29-2025 11:44 AM,10-29-2025 11:44 AM,2142,Simon BÈgin <67952005.bxtw>,Simon BÈgin <67952005.bxtw>
81287,Des √ârables/Des Tilleuls,H-C,Actif,Refonte Laurentides - 10 novembre,,10-29-2025 11:44 AM,10-29-2025 11:44 AM,2143,Simon BÈgin <67952005.bxtw>,Simon BÈgin <67952005.bxtw>
81288,Prud'homme/Filiatrault,H-C,Actif,Refonte Laurentides - 10 novembre,,10-29-2025 11:44 AM,10-29-2025 11:44 AM,2144,Simon BÈgin <67952005.bxtw>,Simon BÈgin <67952005.bxtw>
81289,L√©veill√©/Sp√©nard,H-C,Actif,Refonte Laurentides - 10 novembre,,10-29-2025 11:44 AM,10-29-2025 11:44 AM,2145,Simon BÈgin <67952005.bxtw>,Simon BÈgin <67952005.bxtw>
81290,Louis-Joseph-Rodrigue/Timoth√©e-Kimber,H-C,Actif,Refonte Laurentides - 10 novembre,,10-29-2025 11:44 AM,10-29-2025 11:44 AM,2146,Simon BÈgin <67952005.bxtw>,Simon BÈgin <67952005.bxtw>
81292,Constantin/des Ch√™nes,H-C,Actif,Refonte Laurentides - 10 novembre,,10-29-2025 11:44 AM,10-29-2025 11:44 AM,2147,Simon BÈgin <67952005.bxtw>,Simon BÈgin <67952005.bxtw>
81293,Hector/Hector-Lanthier,H-C,Actif,Refonte Laurentides - 10 novembre,,10-29-2025 11:44 AM,10-29-2025 11:44 AM,2148,Simon BÈgin <67952005.bxtw>,Simon BÈgin <67952005.bxtw>
81294,Lanthier/devant le civique 113,H-C,Actif,Refonte Laurentides - 10 novembre,,10-29-2025 11:44 AM,10-29-2025 11:44 AM,2149,Simon BÈgin <67952005.bxtw>,Simon BÈgin <67952005.bxtw>
81295,Lanthier/devant le civique 137,H-C,Actif,Refonte Laurentides - 10 novembre,,10-29-2025 11:44 AM,10-29-2025 11:44 AM,2150,Simon BÈgin <67952005.bxtw>,Simon BÈgin <67952005.bxtw>
81296,Lanthier/devant le civique 207,H-C,Actif,Refonte Laurentides - 10 novembre,,10-29-2025 11:44 AM,10-29-2025 11:44 AM,2151,Simon BÈgin <67952005.bxtw>,Simon BÈgin <67952005.bxtw>
81297,Lanthier- 25e/25e Avenue,H-C,Actif,Refonte Laurentides - 10 novembre,,10-29-2025 11:44 AM,10-29-2025 11:44 AM,2152,Simon BÈgin <67952005.bxtw>,Simon BÈgin <67952005.bxtw>
81298,Lanthier/Des Groseillers,H-C,Actif,Refonte Laurentides - 10 novembre,,10-29-2025 11:44 AM,10-29-2025 11:44 AM,2153,Simon BÈgin <67952005.bxtw>,Simon BÈgin <67952005.bxtw>
81299,Lanthier/devant le civique 247,H-C,Actif,Refonte Laurentides - 10 novembre,,10-29-2025 11:44 AM,10-29-2025 11:44 AM,2154,Simon BÈgin <67952005.bxtw>,Simon BÈgin <67952005.bxtw>
81300,Lanthier/Goyer,H-C,Actif,Refonte Laurentides - 10 novembre,,10-29-2025 11:44 AM,10-29-2025 11:44 AM,2155,Simon BÈgin <67952005.bxtw>,Simon BÈgin <67952005.bxtw>
81303,Laurent/Joanne,H-C,Actif,Refonte Laurentides - 10 novembre,,10-29-2025 11:44 AM,10-29-2025 11:44 AM,2156,Simon BÈgin <67952005.bxtw>,Simon BÈgin <67952005.bxtw>
81304,Laurent/De Bellefeuille,H-C,Actif,Refonte Laurentides - 10 novembre,,10-29-2025 11:44 AM,10-29-2025 11:44 AM,2157,Simon BÈgin <67952005.bxtw>,Simon BÈgin <67952005.bxtw>
81305,de Bellefeuille/Lemau,H-C,Actif,Refonte Laurentides - 10 novembre,,10-29-2025 11:44 AM,10-29-2025 11:44 AM,2158,Simon BÈgin <67952005.bxtw>,Simon BÈgin <67952005.bxtw>
81306,de Bellefeuille/Saint-Louis,H-C,Actif,Refonte Laurentides - 10 novembre,,10-29-2025 11:44 AM,10-29-2025 11:44 AM,2159,Simon BÈgin <67952005.bxtw>,Simon BÈgin <67952005.bxtw>
81308,Laurent/64e Avenue,H-C,Actif,Refonte Laurentides - 10 novembre,,10-29-2025 11:44 AM,10-29-2025 11:44 AM,2160,Simon BÈgin <67952005.bxtw>,Simon BÈgin <67952005.bxtw>
81309,Laurent/62e Avenue,H-C,Actif,Refonte Laurentides - 10 novembre,,10-29-2025 11:44 AM,10-29-2025 11:44 AM,2161,Simon BÈgin <67952005.bxtw>,Simon BÈgin <67952005.bxtw>
81313,Industriel/Roy,H-C,Actif,Refonte Laurentides - 10 novembre,,10-29-2025 11:44 AM,10-29-2025 11:44 AM,2162,Simon BÈgin <67952005.bxtw>,Simon BÈgin <67952005.bxtw>
81314,Industriel/Roy,H-C,Actif,Refonte Laurentides - 10 novembre,,10-29-2025 11:44 AM,10-29-2025 11:44 AM,2163,Simon BÈgin <67952005.bxtw>,Simon BÈgin <67952005.bxtw>
81831,81831-Gare/Quai 2,H-C,Actif,Refonte Laurentides - 10 novembre,,10-29-2025 11:44 AM,10-29-2025 11:44 AM,2164,Simon BÈgin <67952005.bxtw>,Simon BÈgin <67952005.bxtw>
81832,81832-Gare/Quai 5,H-C,Actif,Refonte Laurentides - 10 novembre,,10-29-2025 11:44 AM,10-29-2025 11:44 AM,2165,Simon BÈgin <67952005.bxtw>,Simon BÈgin <67952005.bxtw>
81833,81833-Gare/Quai 3,H-C,Actif,Refonte Laurentides - 10 novembre,,10-29-2025 11:44 AM,10-29-2025 11:44 AM,2166,Simon BÈgin <67952005.bxtw>,Simon BÈgin <67952005.bxtw>
82000,VI/C√¥te de Terrebonne,H-C,Actif,Refonte Laurentides - 10 novembre,,10-29-2025 11:44 AM,10-29-2025 11:44 AM,2167,Simon BÈgin <67952005.bxtw>,Simon BÈgin <67952005.bxtw>
82001,C√¥te de Terrebonne/Fid√®le,H-C,Actif,Refonte Laurentides - 10 novembre,,10-29-2025 11:44 AM,10-29-2025 11:44 AM,2168,Simon BÈgin <67952005.bxtw>,Simon BÈgin <67952005.bxtw>
82014,de la Grande-C√¥te/Roland-Durand,H-C,Actif,Refonte Laurentides - 10 novembre,,10-29-2025 11:44 AM,10-29-2025 11:44 AM,2169,Simon BÈgin <67952005.bxtw>,Simon BÈgin <67952005.bxtw>
82015,C√¥te/des Gen√™ts,H-C,Actif,Refonte Laurentides - 10 novembre,,10-29-2025 11:44 AM,10-29-2025 11:44 AM,2170,Simon BÈgin <67952005.bxtw>,Simon BÈgin <67952005.bxtw>
82016,C√¥te/Mont√©e Lesage,H-C,Actif,Refonte Laurentides - 10 novembre,,10-29-2025 11:44 AM,10-29-2025 11:44 AM,2171,Simon BÈgin <67952005.bxtw>,Simon BÈgin <67952005.bxtw>
82018,C√¥te/Grenier,H-C,Actif,Refonte Laurentides - 10 novembre,,10-29-2025 11:44 AM,10-29-2025 11:44 AM,2172,Simon BÈgin <67952005.bxtw>,Simon BÈgin <67952005.bxtw>
82020,C√¥te/Springhill,H-C,Actif,Refonte Laurentides - 10 novembre,,10-29-2025 11:44 AM,10-29-2025 11:44 AM,2173,Simon BÈgin <67952005.bxtw>,Simon BÈgin <67952005.bxtw>
82022,C√¥te/devant la Biblioth√®que Hemens,H-C,Actif,Refonte Laurentides - 10 novembre,,10-29-2025 11:44 AM,10-29-2025 11:44 AM,2174,Simon BÈgin <67952005.bxtw>,Simon BÈgin <67952005.bxtw>
82024,C√¥te/devant la Gare Rosem√®re,H-C,Actif,Refonte Laurentides - 10 novembre,,10-29-2025 11:44 AM,10-29-2025 11:44 AM,2175,Simon BÈgin <67952005.bxtw>,Simon BÈgin <67952005.bxtw>
82027,de la Grande-C√¥te/devant l'√âcole Val-des-Ormes,H-C,Actif,Refonte Laurentides - 10 novembre,,10-29-2025 11:44 AM,10-29-2025 11:44 AM,2176,Simon BÈgin <67952005.bxtw>,Simon BÈgin <67952005.bxtw>
82028,C√¥te/Hertel,H-C,Actif,Refonte Laurentides - 10 novembre,,10-29-2025 11:44 AM,10-29-2025 11:44 AM,2177,Simon BÈgin <67952005.bxtw>,Simon BÈgin <67952005.bxtw>
82029,de la Grande/de la Grande-C√¥te,H-C,Actif,Refonte Laurentides - 10 novembre,,10-29-2025 11:44 AM,10-29-2025 11:44 AM,2178,Simon BÈgin <67952005.bxtw>,Simon BÈgin <67952005.bxtw>
82031,Labelle/Bouthillier,H-C,Actif,Refonte Laurentides - 10 novembre,,10-29-2025 11:44 AM,10-29-2025 11:44 AM,2179,Simon BÈgin <67952005.bxtw>,Simon BÈgin <67952005.bxtw>
82040,Labelle /du Parc,H-C,Actif,Refonte Laurentides - 10 novembre,,10-29-2025 11:44 AM,10-29-2025 11:44 AM,2180,Simon BÈgin <67952005.bxtw>,Simon BÈgin <67952005.bxtw>
82042,C√¥te/Hertel,H-C,Actif,Refonte Laurentides - 10 novembre,,10-29-2025 11:44 AM,10-29-2025 11:44 AM,2181,Simon BÈgin <67952005.bxtw>,Simon BÈgin <67952005.bxtw>
82043,de la Grande-C√¥te/face √† l'√©cole Val-des-Ormes,H-C,Actif,Refonte Laurentides - 10 novembre,,10-29-2025 11:44 AM,10-29-2025 11:44 AM,2182,Simon BÈgin <67952005.bxtw>,Simon BÈgin <67952005.bxtw>
82048,C√¥te/face √† la Biblioth√®que Hemens,H-C,Actif,Refonte Laurentides - 10 novembre,,10-29-2025 11:44 AM,10-29-2025 11:44 AM,2183,Simon BÈgin <67952005.bxtw>,Simon BÈgin <67952005.bxtw>
82050,C√¥te/Charbonneau,H-C,Actif,Refonte Laurentides - 10 novembre,,10-29-2025 11:44 AM,10-29-2025 11:44 AM,2184,Simon BÈgin <67952005.bxtw>,Simon BÈgin <67952005.bxtw>
82052,C√¥te/Grenier,H-C,Actif,Refonte Laurentides - 10 novembre,,10-29-2025 11:44 AM,10-29-2025 11:44 AM,2185,Simon BÈgin <67952005.bxtw>,Simon BÈgin <67952005.bxtw>
82054,C√¥te/Maisonneuve,H-C,Actif,Refonte Laurentides - 10 novembre,,10-29-2025 11:44 AM,10-29-2025 11:44 AM,2186,Simon BÈgin <67952005.bxtw>,Simon BÈgin <67952005.bxtw>
82086,Mont√©e Gagnon/De la C√¥te Saint-Louis Est,H-C,Actif,Refonte Laurentides - 10 novembre,,10-29-2025 11:44 AM,10-29-2025 11:44 AM,2187,Simon BÈgin <67952005.bxtw>,Simon BÈgin <67952005.bxtw>
82087,Mont√©e Gagnon/Saint-Roch,H-C,Actif,Refonte Laurentides - 10 novembre,,10-29-2025 11:44 AM,10-29-2025 11:44 AM,2188,Simon BÈgin <67952005.bxtw>,Simon BÈgin <67952005.bxtw>
82110,Mont√©e Gagnon/Lauzon,H-C,Actif,Refonte Laurentides - 10 novembre,,10-29-2025 11:44 AM,10-29-2025 11:44 AM,2189,Simon BÈgin <67952005.bxtw>,Simon BÈgin <67952005.bxtw>
82135,Mont√©e Gagnon/Rang Saint-Fran√ßois,H-C,Actif,Refonte Laurentides - 10 novembre,,10-29-2025 11:44 AM,10-29-2025 11:44 AM,2190,Simon BÈgin <67952005.bxtw>,Simon BÈgin <67952005.bxtw>
82146,Jacques/des Saules,H-C,Actif,Refonte Laurentides - 10 novembre,,10-29-2025 11:44 AM,10-29-2025 11:44 AM,2191,Simon BÈgin <67952005.bxtw>,Simon BÈgin <67952005.bxtw>
82148,Maurice/Des Bouleaux,H-C,Actif,Refonte Laurentides - 10 novembre,,10-29-2025 11:44 AM,10-29-2025 11:44 AM,2192,Simon BÈgin <67952005.bxtw>,Simon BÈgin <67952005.bxtw>
82153,Jean-Maurice/Saint-Jacques,H-C,Actif,Refonte Laurentides - 10 novembre,,10-29-2025 11:44 AM,10-29-2025 11:44 AM,2193,Simon BÈgin <67952005.bxtw>,Simon BÈgin <67952005.bxtw>
82160,Saint-Jacques/Saint-Augustin,H-C,Actif,Refonte Laurentides - 10 novembre,,10-29-2025 11:44 AM,10-29-2025 11:44 AM,2194,Simon BÈgin <67952005.bxtw>,Simon BÈgin <67952005.bxtw>
82161,Augustin/Pr√©vert,H-C,Actif,Refonte Laurentides - 10 novembre,,10-29-2025 11:44 AM,10-29-2025 11:44 AM,2195,Simon BÈgin <67952005.bxtw>,Simon BÈgin <67952005.bxtw>
82163,Augustin/Pascal,H-C,Actif,Refonte Laurentides - 10 novembre,,10-29-2025 11:44 AM,10-29-2025 11:44 AM,2196,Simon BÈgin <67952005.bxtw>,Simon BÈgin <67952005.bxtw>
82164,Augustin/du Chicot Nord,H-C,Actif,Refonte Laurentides - 10 novembre,,10-29-2025 11:44 AM,10-29-2025 11:44 AM,2197,Simon BÈgin <67952005.bxtw>,Simon BÈgin <67952005.bxtw>
82167,Air/de l'Escrime,H-C,Actif,Refonte Laurentides - 10 novembre,,10-29-2025 11:44 AM,10-29-2025 11:44 AM,2198,Simon BÈgin <67952005.bxtw>,Simon BÈgin <67952005.bxtw>
82167,Air/du Rallye,H-C,Actif,Refonte Laurentides - 10 novembre,,10-29-2025 11:44 AM,10-29-2025 11:44 AM,2199,Simon BÈgin <67952005.bxtw>,Simon BÈgin <67952005.bxtw>
82173,du Plein-Air/devant le P√©tro-Canada,H-C,Actif,Refonte Laurentides - 10 novembre,,10-29-2025 11:44 AM,10-29-2025 11:44 AM,2200,Simon BÈgin <67952005.bxtw>,Simon BÈgin <67952005.bxtw>
82190,Air/de l'Escrime,H-C,Actif,Refonte Laurentides - 10 novembre,,10-29-2025 11:44 AM,10-29-2025 11:44 AM,2201,Simon BÈgin <67952005.bxtw>,Simon BÈgin <67952005.bxtw>
82192,Air/du Rallye,H-C,Actif,Refonte Laurentides - 10 novembre,,10-29-2025 11:44 AM,10-29-2025 11:44 AM,2202,Simon BÈgin <67952005.bxtw>,Simon BÈgin <67952005.bxtw>
82194,Augustin/Michel,H-C,Actif,Refonte Laurentides - 10 novembre,,10-29-2025 11:44 AM,10-29-2025 11:44 AM,2203,Simon BÈgin <67952005.bxtw>,Simon BÈgin <67952005.bxtw>
82195,Augustin/Pr√©vert,H-C,Actif,Refonte Laurentides - 10 novembre,,10-29-2025 11:44 AM,10-29-2025 11:44 AM,2204,Simon BÈgin <67952005.bxtw>,Simon BÈgin <67952005.bxtw>
82199,Ghislaine/Babin,H-C,Actif,Refonte Laurentides - 10 novembre,,10-29-2025 11:44 AM,10-29-2025 11:44 AM,2205,Simon BÈgin <67952005.bxtw>,Simon BÈgin <67952005.bxtw>
82208,Saint-Jacques/devant l'Ar√©na Jean-Laurin,H-C,Actif,Refonte Laurentides - 10 novembre,,10-29-2025 11:44 AM,10-29-2025 11:44 AM,2206,Simon BÈgin <67952005.bxtw>,Simon BÈgin <67952005.bxtw>
82210,Mont√©e Sanche/Joly,H-C,Actif,Refonte Laurentides - 10 novembre,,10-29-2025 11:44 AM,10-29-2025 11:44 AM,2207,Simon BÈgin <67952005.bxtw>,Simon BÈgin <67952005.bxtw>
82211,Mont√©e Sanche/de la Rose-des-C√®dres,H-C,Actif,Refonte Laurentides - 10 novembre,,10-29-2025 11:44 AM,10-29-2025 11:44 AM,2208,Simon BÈgin <67952005.bxtw>,Simon BÈgin <67952005.bxtw>
82212,25e Avenue/devant le civique 844,H-C,Actif,Refonte Laurentides - 10 novembre,,10-29-2025 11:44 AM,10-29-2025 11:44 AM,2209,Simon BÈgin <67952005.bxtw>,Simon BÈgin <67952005.bxtw>
82213,Mt√©e du Domaine/Mt√©e Godin,H-C,Actif,Refonte Laurentides - 10 novembre,,10-29-2025 11:44 AM,10-29-2025 11:44 AM,2210,Simon BÈgin <67952005.bxtw>,Simon BÈgin <67952005.bxtw>
82214,Mont√©e Sanche/Piette,H-C,Actif,Refonte Laurentides - 10 novembre,,10-29-2025 11:44 AM,10-29-2025 11:44 AM,2211,Simon BÈgin <67952005.bxtw>,Simon BÈgin <67952005.bxtw>
82216,C√¥te/3e Avenue,H-C,Actif,Refonte Laurentides - 10 novembre,,10-29-2025 11:44 AM,10-29-2025 11:44 AM,2212,Simon BÈgin <67952005.bxtw>,Simon BÈgin <67952005.bxtw>
82217,C√¥te/face au civique 104,H-C,Actif,Refonte Laurentides - 10 novembre,,10-29-2025 11:44 AM,10-29-2025 11:44 AM,2213,Simon BÈgin <67952005.bxtw>,Simon BÈgin <67952005.bxtw>
82219,C√¥te/Carignan,H-C,Actif,Refonte Laurentides - 10 novembre,,10-29-2025 11:44 AM,10-29-2025 11:44 AM,2214,Simon BÈgin <67952005.bxtw>,Simon BÈgin <67952005.bxtw>
82223,All√©e/Champlain,H-C,Actif,Refonte Laurentides - 10 novembre,,10-29-2025 11:44 AM,10-29-2025 11:44 AM,2215,Simon BÈgin <67952005.bxtw>,Simon BÈgin <67952005.bxtw>
82224,All√©e/de Champfleury,H-C,Actif,Refonte Laurentides - 10 novembre,,10-29-2025 11:44 AM,10-29-2025 11:44 AM,2216,Simon BÈgin <67952005.bxtw>,Simon BÈgin <67952005.bxtw>
82225,All√©e/Cartier,H-C,Actif,Refonte Laurentides - 10 novembre,,10-29-2025 11:44 AM,10-29-2025 11:44 AM,2217,Simon BÈgin <67952005.bxtw>,Simon BÈgin <67952005.bxtw>
82226,de la Grande-All√©e/Adrien-Chartrand,H-C,Actif,Refonte Laurentides - 10 novembre,,10-29-2025 11:44 AM,10-29-2025 11:44 AM,2218,Simon BÈgin <67952005.bxtw>,Simon BÈgin <67952005.bxtw>
82227,All√©e/de  Ch√¢teauneuf,H-C,Actif,Refonte Laurentides - 10 novembre,,10-29-2025 11:44 AM,10-29-2025 11:44 AM,2219,Simon BÈgin <67952005.bxtw>,Simon BÈgin <67952005.bxtw>
82228,All√©e/Carpentier,H-C,Actif,Refonte Laurentides - 10 novembre,,10-29-2025 11:44 AM,10-29-2025 11:44 AM,2220,Simon BÈgin <67952005.bxtw>,Simon BÈgin <67952005.bxtw>
82229,de la Grande-All√©e/Alexandre-le-Grand,H-C,Actif,Refonte Laurentides - 10 novembre,,10-29-2025 11:44 AM,10-29-2025 11:44 AM,2221,Simon BÈgin <67952005.bxtw>,Simon BÈgin <67952005.bxtw>
82230,de la Grande-All√©e/de la Rivi√®re-Cach√©e,H-C,Actif,Refonte Laurentides - 10 novembre,,10-29-2025 11:44 AM,10-29-2025 11:44 AM,2222,Simon BÈgin <67952005.bxtw>,Simon BÈgin <67952005.bxtw>
82232,25e Avenue/du Chicot Nord,H-C,Actif,Refonte Laurentides - 10 novembre,,10-29-2025 11:44 AM,10-29-2025 11:44 AM,2223,Simon BÈgin <67952005.bxtw>,Simon BÈgin <67952005.bxtw>
82233,Cach√©e/de la Bastille,H-C,Actif,Refonte Laurentides - 10 novembre,,10-29-2025 11:44 AM,10-29-2025 11:44 AM,2224,Simon BÈgin <67952005.bxtw>,Simon BÈgin <67952005.bxtw>
82234,Cach√©e/de la Renaissance,H-C,Actif,Refonte Laurentides - 10 novembre,,10-29-2025 11:44 AM,10-29-2025 11:44 AM,2225,Simon BÈgin <67952005.bxtw>,Simon BÈgin <67952005.bxtw>
82235,Cach√©e/B√©riot,H-C,Actif,Refonte Laurentides - 10 novembre,,10-29-2025 11:44 AM,10-29-2025 11:44 AM,2226,Simon BÈgin <67952005.bxtw>,Simon BÈgin <67952005.bxtw>
82236,cach√©e/de la Bastille,H-C,Actif,Refonte Laurentides - 10 novembre,,10-29-2025 11:44 AM,10-29-2025 11:44 AM,2227,Simon BÈgin <67952005.bxtw>,Simon BÈgin <67952005.bxtw>
82241,de la Grande-All√©e/des Grandes-Tourelles,H-C,Actif,Refonte Laurentides - 10 novembre,,10-29-2025 11:44 AM,10-29-2025 11:44 AM,2228,Simon BÈgin <67952005.bxtw>,Simon BÈgin <67952005.bxtw>
82242,All√©e/Lavoisier,H-C,Actif,Refonte Laurentides - 10 novembre,,10-29-2025 11:44 AM,10-29-2025 11:44 AM,2229,Simon BÈgin <67952005.bxtw>,Simon BÈgin <67952005.bxtw>
82243,All√©e/devant l'ar√©na de Boisbriand,H-C,Actif,Refonte Laurentides - 10 novembre,,10-29-2025 11:44 AM,10-29-2025 11:44 AM,2230,Simon BÈgin <67952005.bxtw>,Simon BÈgin <67952005.bxtw>
82244,All√©e/Cartier,H-C,Actif,Refonte Laurentides - 10 novembre,,10-29-2025 11:44 AM,10-29-2025 11:44 AM,2231,Simon BÈgin <67952005.bxtw>,Simon BÈgin <67952005.bxtw>
82247,de la Grande-C√¥te/de la Grande-All√©e,H-C,Actif,Refonte Laurentides - 10 novembre,,10-29-2025 11:44 AM,10-29-2025 11:44 AM,2232,Simon BÈgin <67952005.bxtw>,Simon BÈgin <67952005.bxtw>
82248,de la Grande-C√¥te/de l'√éle-de-Mai,H-C,Actif,Refonte Laurentides - 10 novembre,,10-29-2025 11:44 AM,10-29-2025 11:44 AM,2233,Simon BÈgin <67952005.bxtw>,Simon BÈgin <67952005.bxtw>
82249,C√¥te/de Ch√¢teauneuf,H-C,Actif,Refonte Laurentides - 10 novembre,,10-29-2025 11:44 AM,10-29-2025 11:44 AM,2234,Simon BÈgin <67952005.bxtw>,Simon BÈgin <67952005.bxtw>
82250,C√¥te/Carignan,H-C,Actif,Refonte Laurentides - 10 novembre,,10-29-2025 11:44 AM,10-29-2025 11:44 AM,2235,Simon BÈgin <67952005.bxtw>,Simon BÈgin <67952005.bxtw>
82252,C√¥te/devant le civique 108,H-C,Actif,Refonte Laurentides - 10 novembre,,10-29-2025 11:44 AM,10-29-2025 11:44 AM,2236,Simon BÈgin <67952005.bxtw>,Simon BÈgin <67952005.bxtw>
82253,C√¥te/3e Avenue,H-C,Actif,Refonte Laurentides - 10 novembre,,10-29-2025 11:44 AM,10-29-2025 11:44 AM,2237,Simon BÈgin <67952005.bxtw>,Simon BÈgin <67952005.bxtw>
82254,C√¥te/Mont√©e Sanche,H-C,Actif,Refonte Laurentides - 10 novembre,,10-29-2025 11:44 AM,10-29-2025 11:44 AM,2238,Simon BÈgin <67952005.bxtw>,Simon BÈgin <67952005.bxtw>
82260,Mont√©e Sanche/de la Rose-des-C√®dres,H-C,Actif,Refonte Laurentides - 10 novembre,,10-29-2025 11:44 AM,10-29-2025 11:44 AM,2239,Simon BÈgin <67952005.bxtw>,Simon BÈgin <67952005.bxtw>
82265,Mont√©e Sanche/Philippe,H-C,Actif,Refonte Laurentides - 10 novembre,,10-29-2025 11:44 AM,10-29-2025 11:44 AM,2240,Simon BÈgin <67952005.bxtw>,Simon BÈgin <67952005.bxtw>
82266,du Cur√©-Boivin/du Cur√©-Boivin,H-C,Actif,Refonte Laurentides - 10 novembre,,10-29-2025 11:44 AM,10-29-2025 11:44 AM,2241,Simon BÈgin <67952005.bxtw>,Simon BÈgin <67952005.bxtw>
82267,Boivin/des Entreprises,H-C,Actif,Refonte Laurentides - 10 novembre,,10-29-2025 11:44 AM,10-29-2025 11:44 AM,2242,Simon BÈgin <67952005.bxtw>,Simon BÈgin <67952005.bxtw>
82268,des Entreprises/de Galais,H-C,Actif,Refonte Laurentides - 10 novembre,,10-29-2025 11:44 AM,10-29-2025 11:44 AM,2243,Simon BÈgin <67952005.bxtw>,Simon BÈgin <67952005.bxtw>
82272,la V√©rendrye/de la C√¥te Sud,H-C,Actif,Refonte Laurentides - 10 novembre,,10-29-2025 11:44 AM,10-29-2025 11:44 AM,2244,Simon BÈgin <67952005.bxtw>,Simon BÈgin <67952005.bxtw>
82280,des Bouleaux/Marin,H-C,Actif,Refonte Laurentides - 10 novembre,,10-29-2025 11:44 AM,10-29-2025 11:44 AM,2245,Simon BÈgin <67952005.bxtw>,Simon BÈgin <67952005.bxtw>
82283,du Chicot-Nord/Saint-Augustin,H-C,Actif,Refonte Laurentides - 10 novembre,,10-29-2025 11:44 AM,10-29-2025 11:44 AM,2246,Simon BÈgin <67952005.bxtw>,Simon BÈgin <67952005.bxtw>
82284,Mont√©e Sanche/Perron,H-C,Actif,Refonte Laurentides - 10 novembre,,10-29-2025 11:44 AM,10-29-2025 11:44 AM,2247,Simon BÈgin <67952005.bxtw>,Simon BÈgin <67952005.bxtw>
82339,des Saules/Paul-√âmile-Borduas,H-C,Actif,Refonte Laurentides - 10 novembre,,10-29-2025 11:44 AM,10-29-2025 11:44 AM,2248,Simon BÈgin <67952005.bxtw>,Simon BÈgin <67952005.bxtw>
82371,C√¥te/Mont√©e Sanche,H-C,Actif,Refonte Laurentides - 10 novembre,,10-29-2025 11:44 AM,10-29-2025 11:44 AM,2249,Simon BÈgin <67952005.bxtw>,Simon BÈgin <67952005.bxtw>
82372,C√¥te/Chamberlain,H-C,Actif,Refonte Laurentides - 10 novembre,,10-29-2025 11:44 AM,10-29-2025 11:44 AM,2250,Simon BÈgin <67952005.bxtw>,Simon BÈgin <67952005.bxtw>
82377,C√¥te/62e avenue,H-C,Actif,Refonte Laurentides - 10 novembre,,10-29-2025 11:44 AM,10-29-2025 11:44 AM,2251,Simon BÈgin <67952005.bxtw>,Simon BÈgin <67952005.bxtw>
82378,C√¥te/59e Avenue,H-C,Actif,Refonte Laurentides - 10 novembre,,10-29-2025 11:44 AM,10-29-2025 11:44 AM,2252,Simon BÈgin <67952005.bxtw>,Simon BÈgin <67952005.bxtw>
82381,C√¥te/√âric,H-C,Actif,Refonte Laurentides - 10 novembre,,10-29-2025 11:44 AM,10-29-2025 11:44 AM,2253,Simon BÈgin <67952005.bxtw>,Simon BÈgin <67952005.bxtw>
82387,C√¥te/31e Avenue,H-C,Actif,Refonte Laurentides - 10 novembre,,10-29-2025 11:44 AM,10-29-2025 11:44 AM,2254,Simon BÈgin <67952005.bxtw>,Simon BÈgin <67952005.bxtw>
82391,C√¥te/15e Avenue,H-C,Actif,Refonte Laurentides - 10 novembre,,10-29-2025 11:44 AM,10-29-2025 11:44 AM,2255,Simon BÈgin <67952005.bxtw>,Simon BÈgin <67952005.bxtw>
82392,C√¥te/11e Avenue,H-C,Actif,Refonte Laurentides - 10 novembre,,10-29-2025 11:44 AM,10-29-2025 11:44 AM,2256,Simon BÈgin <67952005.bxtw>,Simon BÈgin <67952005.bxtw>
82393,C√¥te/Goyer,H-C,Actif,Refonte Laurentides - 10 novembre,,10-29-2025 11:44 AM,10-29-2025 11:44 AM,2257,Simon BÈgin <67952005.bxtw>,Simon BÈgin <67952005.bxtw>
82394,de la Grande-C√¥te/des Milles-√éles,H-C,Actif,Refonte Laurentides - 10 novembre,,10-29-2025 11:44 AM,10-29-2025 11:44 AM,2258,Simon BÈgin <67952005.bxtw>,Simon BÈgin <67952005.bxtw>
82395,de la Grande-C√¥te/Arthur-Sauv√©,H-C,Actif,Refonte Laurentides - 10 novembre,,10-29-2025 11:44 AM,10-29-2025 11:44 AM,2259,Simon BÈgin <67952005.bxtw>,Simon BÈgin <67952005.bxtw>
82397,Mont√©e Gagnon/de Savoie,H-C,Actif,Refonte Laurentides - 10 novembre,,10-29-2025 11:44 AM,10-29-2025 11:44 AM,2260,Simon BÈgin <67952005.bxtw>,Simon BÈgin <67952005.bxtw>
82398,de la Grande-C√¥te/des Milles-√éles,H-C,Actif,Refonte Laurentides - 10 novembre,,10-29-2025 11:44 AM,10-29-2025 11:44 AM,2261,Simon BÈgin <67952005.bxtw>,Simon BÈgin <67952005.bxtw>
82402,C√¥te/Goyer,H-C,Actif,Refonte Laurentides - 10 novembre,,10-29-2025 11:44 AM,10-29-2025 11:44 AM,2262,Simon BÈgin <67952005.bxtw>,Simon BÈgin <67952005.bxtw>
82403,C√¥te/11e Avenue,H-C,Actif,Refonte Laurentides - 10 novembre,,10-29-2025 11:44 AM,10-29-2025 11:44 AM,2263,Simon BÈgin <67952005.bxtw>,Simon BÈgin <67952005.bxtw>
82405,C√¥te/21e Avenue,H-C,Actif,Refonte Laurentides - 10 novembre,,10-29-2025 11:44 AM,10-29-2025 11:44 AM,2264,Simon BÈgin <67952005.bxtw>,Simon BÈgin <67952005.bxtw>
82406,C√¥te/25e Avenue (1),H-C,Actif,Refonte Laurentides - 10 novembre,,10-29-2025 11:44 AM,10-29-2025 11:44 AM,2265,Simon BÈgin <67952005.bxtw>,Simon BÈgin <67952005.bxtw>
82406,C√¥te/25e Avenue (2),H-C,Actif,Refonte Laurentides - 10 novembre,,10-29-2025 11:44 AM,10-29-2025 11:44 AM,2266,Simon BÈgin <67952005.bxtw>,Simon BÈgin <67952005.bxtw>
82410,C√¥te/41e Avenue,H-C,Actif,Refonte Laurentides - 10 novembre,,10-29-2025 11:44 AM,10-29-2025 11:44 AM,2267,Simon BÈgin <67952005.bxtw>,Simon BÈgin <67952005.bxtw>
82412,C√¥te/45e Avenue,H-C,Actif,Refonte Laurentides - 10 novembre,,10-29-2025 11:44 AM,10-29-2025 11:44 AM,2268,Simon BÈgin <67952005.bxtw>,Simon BÈgin <67952005.bxtw>
82414,C√¥te/54e Avenue,H-C,Actif,Refonte Laurentides - 10 novembre,,10-29-2025 11:44 AM,10-29-2025 11:44 AM,2269,Simon BÈgin <67952005.bxtw>,Simon BÈgin <67952005.bxtw>
82416,C√¥te/59e Avenue,H-C,Actif,Refonte Laurentides - 10 novembre,,10-29-2025 11:44 AM,10-29-2025 11:44 AM,2270,Simon BÈgin <67952005.bxtw>,Simon BÈgin <67952005.bxtw>
82417,C√¥te/63e avenue,H-C,Actif,Refonte Laurentides - 10 novembre,,10-29-2025 11:44 AM,10-29-2025 11:44 AM,2271,Simon BÈgin <67952005.bxtw>,Simon BÈgin <67952005.bxtw>
82418,de la Grande-C√¥te/des Milles-√éles,H-C,Actif,Refonte Laurentides - 10 novembre,,10-29-2025 11:44 AM,10-29-2025 11:44 AM,2272,Simon BÈgin <67952005.bxtw>,Simon BÈgin <67952005.bxtw>
82419,C√¥te/Terrasse Filion,H-C,Actif,Refonte Laurentides - 10 novembre,,10-29-2025 11:44 AM,10-29-2025 11:44 AM,2273,Simon BÈgin <67952005.bxtw>,Simon BÈgin <67952005.bxtw>
82420,de la Grande-C√¥te/Jean-Pierre-Ferland,H-C,Actif,Refonte Laurentides - 10 novembre,,10-29-2025 11:44 AM,10-29-2025 11:44 AM,2274,Simon BÈgin <67952005.bxtw>,Simon BÈgin <67952005.bxtw>
82421,de la Grande-C√¥te/Gabrielle-Roy,H-C,Actif,Refonte Laurentides - 10 novembre,,10-29-2025 11:44 AM,10-29-2025 11:44 AM,2275,Simon BÈgin <67952005.bxtw>,Simon BÈgin <67952005.bxtw>
82422,de la Grande-C√¥te/Jean-Duceppe,H-C,Actif,Refonte Laurentides - 10 novembre,,10-29-2025 11:44 AM,10-29-2025 11:44 AM,2276,Simon BÈgin <67952005.bxtw>,Simon BÈgin <67952005.bxtw>
82423,C√¥te/Chauvin,H-C,Actif,Refonte Laurentides - 10 novembre,,10-29-2025 11:44 AM,10-29-2025 11:44 AM,2277,Simon BÈgin <67952005.bxtw>,Simon BÈgin <67952005.bxtw>
82441,Durand/du Champagne,H-C,Actif,Refonte Laurentides - 10 novembre,,10-29-2025 11:44 AM,10-29-2025 11:44 AM,2278,Simon BÈgin <67952005.bxtw>,Simon BÈgin <67952005.bxtw>
82446,Durand/de la Roseraie,H-C,Actif,Refonte Laurentides - 10 novembre,,10-29-2025 11:44 AM,10-29-2025 11:44 AM,2279,Simon BÈgin <67952005.bxtw>,Simon BÈgin <67952005.bxtw>
82447,Durand/des Pr√©s,H-C,Actif,Refonte Laurentides - 10 novembre,,10-29-2025 11:44 AM,10-29-2025 11:44 AM,2280,Simon BÈgin <67952005.bxtw>,Simon BÈgin <67952005.bxtw>
82451,Durand/des Roitelets,H-C,Actif,Refonte Laurentides - 10 novembre,,10-29-2025 11:44 AM,10-29-2025 11:44 AM,2281,Simon BÈgin <67952005.bxtw>,Simon BÈgin <67952005.bxtw>
82453,Durand/du Bosquet,H-C,Actif,Refonte Laurentides - 10 novembre,,10-29-2025 11:44 AM,10-29-2025 11:44 AM,2282,Simon BÈgin <67952005.bxtw>,Simon BÈgin <67952005.bxtw>
82455,Durand/du Bosquet,H-C,Actif,Refonte Laurentides - 10 novembre,,10-29-2025 11:44 AM,10-29-2025 11:44 AM,2283,Simon BÈgin <67952005.bxtw>,Simon BÈgin <67952005.bxtw>
82457,Durand/Cardinal,H-C,Actif,Refonte Laurentides - 10 novembre,,10-29-2025 11:44 AM,10-29-2025 11:44 AM,2284,Simon BÈgin <67952005.bxtw>,Simon BÈgin <67952005.bxtw>
82462,Durand/de la Roseraie,H-C,Actif,Refonte Laurentides - 10 novembre,,10-29-2025 11:44 AM,10-29-2025 11:44 AM,2285,Simon BÈgin <67952005.bxtw>,Simon BÈgin <67952005.bxtw>
82467,Durand/du Champagne,H-C,Actif,Refonte Laurentides - 10 novembre,,10-29-2025 11:44 AM,10-29-2025 11:44 AM,2286,Simon BÈgin <67952005.bxtw>,Simon BÈgin <67952005.bxtw>
82504,Labelle/Lapointe,H-C,Actif,Refonte Laurentides - 10 novembre,,10-29-2025 11:44 AM,10-29-2025 11:44 AM,2287,Simon BÈgin <67952005.bxtw>,Simon BÈgin <67952005.bxtw>
82507,du Cur√©-Labelle/Saint-Georges,H-C,Actif,Refonte Laurentides - 10 novembre,,10-29-2025 11:44 AM,10-29-2025 11:44 AM,2288,Simon BÈgin <67952005.bxtw>,Simon BÈgin <67952005.bxtw>
82510,du Cur√©-Labelle/du Val-d'Espoir,H-C,Actif,Refonte Laurentides - 10 novembre,,10-29-2025 11:44 AM,10-29-2025 11:44 AM,2289,Simon BÈgin <67952005.bxtw>,Simon BÈgin <67952005.bxtw>
82511,Labelle/de la Paix,H-C,Actif,Refonte Laurentides - 10 novembre,,10-29-2025 11:44 AM,10-29-2025 11:44 AM,2290,Simon BÈgin <67952005.bxtw>,Simon BÈgin <67952005.bxtw>
82517,All√©e/Cours le Corbusier,H-C,Actif,Refonte Laurentides - 10 novembre,,10-29-2025 11:44 AM,10-29-2025 11:44 AM,2291,Simon BÈgin <67952005.bxtw>,Simon BÈgin <67952005.bxtw>
82523,All√©e/de Ch√¢teauneuf,H-C,Actif,Refonte Laurentides - 10 novembre,,10-29-2025 11:44 AM,10-29-2025 11:44 AM,2292,Simon BÈgin <67952005.bxtw>,Simon BÈgin <67952005.bxtw>
82524,de la Grande-All√©e/R√©al-B√©land,H-C,Actif,Refonte Laurentides - 10 novembre,,10-29-2025 11:44 AM,10-29-2025 11:44 AM,2293,Simon BÈgin <67952005.bxtw>,Simon BÈgin <67952005.bxtw>
82530,Labelle/de la Paix,H-C,Actif,Refonte Laurentides - 10 novembre,,10-29-2025 11:44 AM,10-29-2025 11:44 AM,2294,Simon BÈgin <67952005.bxtw>,Simon BÈgin <67952005.bxtw>
82531,Labelle/Brault,H-C,Actif,Refonte Laurentides - 10 novembre,,10-29-2025 11:44 AM,10-29-2025 11:44 AM,2295,Simon BÈgin <67952005.bxtw>,Simon BÈgin <67952005.bxtw>
82533,Labelle/Victor,H-C,Actif,Refonte Laurentides - 10 novembre,,10-29-2025 11:44 AM,10-29-2025 11:44 AM,2296,Simon BÈgin <67952005.bxtw>,Simon BÈgin <67952005.bxtw>
82534,Labelle/Charles,H-C,Actif,Refonte Laurentides - 10 novembre,,10-29-2025 11:44 AM,10-29-2025 11:44 AM,2297,Simon BÈgin <67952005.bxtw>,Simon BÈgin <67952005.bxtw>
82536,Labelle/Jeannette,H-C,Actif,Refonte Laurentides - 10 novembre,,10-29-2025 11:44 AM,10-29-2025 11:44 AM,2298,Simon BÈgin <67952005.bxtw>,Simon BÈgin <67952005.bxtw>
82537,Labelle/Boileau,H-C,Actif,Refonte Laurentides - 10 novembre,,10-29-2025 11:44 AM,10-29-2025 11:44 AM,2299,Simon BÈgin <67952005.bxtw>,Simon BÈgin <67952005.bxtw>
82597,Place Rosem√®re/devant la Porte 1,H-C,Actif,Refonte Laurentides - 10 novembre,,10-29-2025 11:44 AM,10-29-2025 11:44 AM,2300,Simon BÈgin <67952005.bxtw>,Simon BÈgin <67952005.bxtw>
82604,Bouthillier/Pharmaprix,H-C,Actif,Refonte Laurentides - 10 novembre,,10-29-2025 11:44 AM,10-29-2025 11:44 AM,2301,Simon BÈgin <67952005.bxtw>,Simon BÈgin <67952005.bxtw>
82630,Mont√©e Lesage/Roland-Durand,H-C,Actif,Refonte Laurentides - 10 novembre,,10-29-2025 11:44 AM,10-29-2025 11:44 AM,2302,Simon BÈgin <67952005.bxtw>,Simon BÈgin <67952005.bxtw>
82633,√âtienne-Desmarteaux/Louis-Cyr,H-C,Actif,Refonte Laurentides - 10 novembre,,10-29-2025 11:44 AM,10-29-2025 11:44 AM,2303,Simon BÈgin <67952005.bxtw>,Simon BÈgin <67952005.bxtw>
82641,Mt√©e Sainte-Marianne/Notre-Dame,H-C,Actif,Refonte Laurentides - 10 novembre,,10-29-2025 11:44 AM,10-29-2025 11:44 AM,2304,Simon BÈgin <67952005.bxtw>,Simon BÈgin <67952005.bxtw>
82714,de la Grande-C√¥te/Diane-Juster,H-C,Actif,Refonte Laurentides - 10 novembre,,10-29-2025 11:44 AM,10-29-2025 11:44 AM,2305,Simon BÈgin <67952005.bxtw>,Simon BÈgin <67952005.bxtw>
82725,de la Grande-All√©e/de la Rivi√®re-Cach√©e,H-C,Actif,Refonte Laurentides - 10 novembre,,10-29-2025 11:44 AM,10-29-2025 11:44 AM,2306,Simon BÈgin <67952005.bxtw>,Simon BÈgin <67952005.bxtw>
82727,Provencher/de P√©ribonka,H-C,Actif,Refonte Laurentides - 10 novembre,,10-29-2025 11:44 AM,10-29-2025 11:44 AM,2307,Simon BÈgin <67952005.bxtw>,Simon BÈgin <67952005.bxtw>
82729,de la Renaissance/de Boischatel,H-C,Actif,Refonte Laurentides - 10 novembre,,10-29-2025 11:44 AM,10-29-2025 11:44 AM,2308,Simon BÈgin <67952005.bxtw>,Simon BÈgin <67952005.bxtw>
82733,All√©e/Bourassa,H-C,Actif,Refonte Laurentides - 10 novembre,,10-29-2025 11:44 AM,10-29-2025 11:44 AM,2309,Simon BÈgin <67952005.bxtw>,Simon BÈgin <67952005.bxtw>
82766,C√¥te/du Pinot,H-C,Actif,Refonte Laurentides - 10 novembre,,10-29-2025 11:44 AM,10-29-2025 11:44 AM,2310,Simon BÈgin <67952005.bxtw>,Simon BÈgin <67952005.bxtw>
82776,Northcote/Bertrand,H-C,Actif,Refonte Laurentides - 10 novembre,,10-29-2025 11:44 AM,10-29-2025 11:44 AM,2311,Simon BÈgin <67952005.bxtw>,Simon BÈgin <67952005.bxtw>
82779,Prix/Indianapolis,H-C,Actif,Refonte Laurentides - 10 novembre,,10-29-2025 11:44 AM,10-29-2025 11:44 AM,2312,Simon BÈgin <67952005.bxtw>,Simon BÈgin <67952005.bxtw>
82780,Cedar/Pine,H-C,Actif,Refonte Laurentides - 10 novembre,,10-29-2025 11:44 AM,10-29-2025 11:44 AM,2313,Simon BÈgin <67952005.bxtw>,Simon BÈgin <67952005.bxtw>
82804,Durand/de la Lande,H-C,Actif,Refonte Laurentides - 10 novembre,,10-29-2025 11:44 AM,10-29-2025 11:44 AM,2314,Simon BÈgin <67952005.bxtw>,Simon BÈgin <67952005.bxtw>
82806,Prix/de Mans,H-C,Actif,Refonte Laurentides - 10 novembre,,10-29-2025 11:44 AM,10-29-2025 11:44 AM,2315,Simon BÈgin <67952005.bxtw>,Simon BÈgin <67952005.bxtw>
82807,Mont√©e/M√©l√®zes,H-C,Actif,Refonte Laurentides - 10 novembre,,10-29-2025 11:44 AM,10-29-2025 11:44 AM,2316,Simon BÈgin <67952005.bxtw>,Simon BÈgin <67952005.bxtw>
82808,Mont√©e Sanche/des M√©l√®zes,H-C,Actif,Refonte Laurentides - 10 novembre,,10-29-2025 11:44 AM,10-29-2025 11:44 AM,2317,Simon BÈgin <67952005.bxtw>,Simon BÈgin <67952005.bxtw>
82829,de la Grande-C√¥te/devant la biblioth√®que Guy-B√©lisle,H-C,Actif,Refonte Laurentides - 10 novembre,,10-29-2025 11:44 AM,10-29-2025 11:44 AM,2318,Simon BÈgin <67952005.bxtw>,Simon BÈgin <67952005.bxtw>
82832,Rivi√®re/Face au Centre de formation,H-C,Actif,Refonte Laurentides - 10 novembre,,10-29-2025 11:44 AM,10-29-2025 11:44 AM,2319,Simon BÈgin <67952005.bxtw>,Simon BÈgin <67952005.bxtw>
82833,Rivi√®re/C√¥te des Saints,H-C,Actif,Refonte Laurentides - 10 novembre,,10-29-2025 11:44 AM,10-29-2025 11:44 AM,2320,Simon BÈgin <67952005.bxtw>,Simon BÈgin <67952005.bxtw>
82834,C√¥te des Saints/Saint-Vincent,H-C,Actif,Refonte Laurentides - 10 novembre,,10-29-2025 11:44 AM,10-29-2025 11:44 AM,2321,Simon BÈgin <67952005.bxtw>,Simon BÈgin <67952005.bxtw>
82853,C√¥te/Labelle,H-C,Actif,Refonte Laurentides - 10 novembre,,10-29-2025 11:44 AM,10-29-2025 11:44 AM,2322,Simon BÈgin <67952005.bxtw>,Simon BÈgin <67952005.bxtw>
82855,C√¥te de Terrebonne/de la Pommeraie,H-C,Actif,Refonte Laurentides - 10 novembre,,10-29-2025 11:44 AM,10-29-2025 11:44 AM,2323,Simon BÈgin <67952005.bxtw>,Simon BÈgin <67952005.bxtw>
82862,Mont√©e Sanche/Perron,H-C,Actif,Refonte Laurentides - 10 novembre,,10-29-2025 11:44 AM,10-29-2025 11:44 AM,2324,Simon BÈgin <67952005.bxtw>,Simon BÈgin <67952005.bxtw>
82892,Charles/Labelle,H-C,Actif,Refonte Laurentides - 10 novembre,,10-29-2025 11:44 AM,10-29-2025 11:44 AM,2325,Simon BÈgin <67952005.bxtw>,Simon BÈgin <67952005.bxtw>
82892,Charles/Larivi√®re,H-C,Actif,Refonte Laurentides - 10 novembre,,10-29-2025 11:44 AM,10-29-2025 11:44 AM,2326,Simon BÈgin <67952005.bxtw>,Simon BÈgin <67952005.bxtw>
82911,de la Grande/de la Grande-C√¥te,H-C,Actif,Refonte Laurentides - 10 novembre,,10-29-2025 11:44 AM,10-29-2025 11:44 AM,2327,Simon BÈgin <67952005.bxtw>,Simon BÈgin <67952005.bxtw>
82945,Prix/de Silverstone,H-C,Actif,Refonte Laurentides - 10 novembre,,10-29-2025 11:44 AM,10-29-2025 11:44 AM,2328,Simon BÈgin <67952005.bxtw>,Simon BÈgin <67952005.bxtw>
82948,All√©e/Bougainville,H-C,Actif,Refonte Laurentides - 10 novembre,,10-29-2025 11:44 AM,10-29-2025 11:44 AM,2329,Simon BÈgin <67952005.bxtw>,Simon BÈgin <67952005.bxtw>
82949,All√©e/Montcalm,H-C,Actif,Refonte Laurentides - 10 novembre,,10-29-2025 11:44 AM,10-29-2025 11:44 AM,2330,Simon BÈgin <67952005.bxtw>,Simon BÈgin <67952005.bxtw>
82960,de la Grande-C√¥te/Hubert-Aquin,H-C,Actif,Refonte Laurentides - 10 novembre,,10-29-2025 11:44 AM,10-29-2025 11:44 AM,2331,Simon BÈgin <67952005.bxtw>,Simon BÈgin <67952005.bxtw>
82969,Saint/Saint-√âtienne,H-C,Actif,Refonte Laurentides - 10 novembre,,10-29-2025 11:44 AM,10-29-2025 11:44 AM,2332,Simon BÈgin <67952005.bxtw>,Simon BÈgin <67952005.bxtw>
82973,Sainte/Sainte-Madeleine,H-C,Actif,Refonte Laurentides - 10 novembre,,10-29-2025 11:44 AM,10-29-2025 11:44 AM,2333,Simon BÈgin <67952005.bxtw>,Simon BÈgin <67952005.bxtw>
82975,Baptiste/Dumouchel,H-C,Actif,Refonte Laurentides - 10 novembre,,10-29-2025 11:44 AM,10-29-2025 11:44 AM,2334,Simon BÈgin <67952005.bxtw>,Simon BÈgin <67952005.bxtw>
82976,Robillard/devant le civique #3300,H-C,Actif,Refonte Laurentides - 10 novembre,,10-29-2025 11:44 AM,10-29-2025 11:44 AM,2335,Simon BÈgin <67952005.bxtw>,Simon BÈgin <67952005.bxtw>
82991,Mt√©e de Sainte-Scholastique/Saint-Vincent,H-C,Actif,Refonte Laurentides - 10 novembre,,10-29-2025 11:44 AM,10-29-2025 11:44 AM,2336,Simon BÈgin <67952005.bxtw>,Simon BÈgin <67952005.bxtw>
82993,Mont√©e Gagnon/Marie-Jos√©e,H-C,Actif,Refonte Laurentides - 10 novembre,,10-29-2025 11:44 AM,10-29-2025 11:44 AM,2337,Simon BÈgin <67952005.bxtw>,Simon BÈgin <67952005.bxtw>
82994,Jacques/des Saules,H-C,Actif,Refonte Laurentides - 10 novembre,,10-29-2025 11:44 AM,10-29-2025 11:44 AM,2338,Simon BÈgin <67952005.bxtw>,Simon BÈgin <67952005.bxtw>
82996,Jean-Simon/des Grands-Bl√©s,H-C,Actif,Refonte Laurentides - 10 novembre,,10-29-2025 11:44 AM,10-29-2025 11:44 AM,2339,Simon BÈgin <67952005.bxtw>,Simon BÈgin <67952005.bxtw>
82997,de la Grande-All√©e/des Grandes-Tourelles,H-C,Actif,Refonte Laurentides - 10 novembre,,10-29-2025 11:44 AM,10-29-2025 11:44 AM,2340,Simon BÈgin <67952005.bxtw>,Simon BÈgin <67952005.bxtw>
82998,de la Grande-All√©e/Tourelles,H-C,Actif,Refonte Laurentides - 10 novembre,,10-29-2025 11:44 AM,10-29-2025 11:44 AM,2341,Simon BÈgin <67952005.bxtw>,Simon BÈgin <67952005.bxtw>
83000,All√©e/de la C√¥te Sud,H-C,Actif,Refonte Laurentides - 10 novembre,,10-29-2025 11:44 AM,10-29-2025 11:44 AM,2342,Simon BÈgin <67952005.bxtw>,Simon BÈgin <67952005.bxtw>
83001,All√©e/La Fayette Ouest,H-C,Actif,Refonte Laurentides - 10 novembre,,10-29-2025 11:44 AM,10-29-2025 11:44 AM,2343,Simon BÈgin <67952005.bxtw>,Simon BÈgin <67952005.bxtw>
83002,All√©e/Lavoisier,H-C,Actif,Refonte Laurentides - 10 novembre,,10-29-2025 11:44 AM,10-29-2025 11:44 AM,2344,Simon BÈgin <67952005.bxtw>,Simon BÈgin <67952005.bxtw>
83004,All√©e/de la C√¥te Sud,H-C,Actif,Refonte Laurentides - 10 novembre,,10-29-2025 11:44 AM,10-29-2025 11:44 AM,2345,Simon BÈgin <67952005.bxtw>,Simon BÈgin <67952005.bxtw>
83007,de la C√¥te Sud/Ambroise-Lafortune,H-C,Actif,Refonte Laurentides - 10 novembre,,10-29-2025 11:44 AM,10-29-2025 11:44 AM,2346,Simon BÈgin <67952005.bxtw>,Simon BÈgin <67952005.bxtw>
83008,la V√©rendrye/Alfred-Lalibert√©,H-C,Actif,Refonte Laurentides - 10 novembre,,10-29-2025 11:44 AM,10-29-2025 11:44 AM,2347,Simon BÈgin <67952005.bxtw>,Simon BÈgin <67952005.bxtw>
83009,Lalibert√©/La Fayette Est,H-C,Actif,Refonte Laurentides - 10 novembre,,10-29-2025 11:44 AM,10-29-2025 11:44 AM,2348,Simon BÈgin <67952005.bxtw>,Simon BÈgin <67952005.bxtw>
83010,La Fayette Est/de la Grande-All√©e,H-C,Actif,Refonte Laurentides - 10 novembre,,10-29-2025 11:44 AM,10-29-2025 11:44 AM,2349,Simon BÈgin <67952005.bxtw>,Simon BÈgin <67952005.bxtw>
83022,Mont√©e Sanche/des Entreprises,H-C,Actif,Refonte Laurentides - 10 novembre,,10-29-2025 11:44 AM,10-29-2025 11:44 AM,2350,Simon BÈgin <67952005.bxtw>,Simon BÈgin <67952005.bxtw>
83023,des Entreprises/de Galais,H-C,Actif,Refonte Laurentides - 10 novembre,,10-29-2025 11:44 AM,10-29-2025 11:44 AM,2351,Simon BÈgin <67952005.bxtw>,Simon BÈgin <67952005.bxtw>
83025,Boivin/Provencher,H-C,Actif,Refonte Laurentides - 10 novembre,,10-29-2025 11:44 AM,10-29-2025 11:44 AM,2352,Simon BÈgin <67952005.bxtw>,Simon BÈgin <67952005.bxtw>
83026,Provencher/Pasteur,H-C,Actif,Refonte Laurentides - 10 novembre,,10-29-2025 11:44 AM,10-29-2025 11:44 AM,2353,Simon BÈgin <67952005.bxtw>,Simon BÈgin <67952005.bxtw>
83030,du Faubourg/devant le Super C,H-C,Actif,Refonte Laurentides - 10 novembre,,10-29-2025 11:44 AM,10-29-2025 11:44 AM,2354,Simon BÈgin <67952005.bxtw>,Simon BÈgin <67952005.bxtw>
83034,Lionel-Bertrand/Jean-Charles-Bonenfant,H-C,Actif,Refonte Laurentides - 10 novembre,,10-29-2025 11:44 AM,10-29-2025 11:44 AM,2355,Simon BÈgin <67952005.bxtw>,Simon BÈgin <67952005.bxtw>
83035,Bourassa/de Bourgogne,H-C,Actif,Refonte Laurentides - 10 novembre,,10-29-2025 11:44 AM,10-29-2025 11:44 AM,2356,Simon BÈgin <67952005.bxtw>,Simon BÈgin <67952005.bxtw>
83036,Fr√©d√©ric/Fr√©d√©ric-Back,H-C,Actif,Refonte Laurentides - 10 novembre,,10-29-2025 11:44 AM,10-29-2025 11:44 AM,2357,Simon BÈgin <67952005.bxtw>,Simon BÈgin <67952005.bxtw>
83037,Bourassa/Baudelaire,H-C,Actif,Refonte Laurentides - 10 novembre,,10-29-2025 11:44 AM,10-29-2025 11:44 AM,2358,Simon BÈgin <67952005.bxtw>,Simon BÈgin <67952005.bxtw>
83075,Cach√©e/Bourassa,H-C,Actif,Refonte Laurentides - 10 novembre,,10-29-2025 11:44 AM,10-29-2025 11:44 AM,2359,Simon BÈgin <67952005.bxtw>,Simon BÈgin <67952005.bxtw>
83083,Bouthillier/Face au Canadian Tire,H-C,Actif,Refonte Laurentides - 10 novembre,,10-29-2025 11:44 AM,10-29-2025 11:44 AM,2360,Simon BÈgin <67952005.bxtw>,Simon BÈgin <67952005.bxtw>
83115,de la Rivi√®re-Cach√©e/Lionel-Bertrand,H-C,Actif,Refonte Laurentides - 10 novembre,,10-29-2025 11:44 AM,10-29-2025 11:44 AM,2361,Simon BÈgin <67952005.bxtw>,Simon BÈgin <67952005.bxtw>
83117,des Bouleaux/Henri-Julien,H-C,Actif,Refonte Laurentides - 10 novembre,,10-29-2025 11:44 AM,10-29-2025 11:44 AM,2362,Simon BÈgin <67952005.bxtw>,Simon BÈgin <67952005.bxtw>
83118,des Bouleaux/Centrale,H-C,Actif,Refonte Laurentides - 10 novembre,,10-29-2025 11:44 AM,10-29-2025 11:44 AM,2363,Simon BÈgin <67952005.bxtw>,Simon BÈgin <67952005.bxtw>
83125,Henri-Julien/Jean-Paul-Riopelle (2),H-C,Actif,Refonte Laurentides - 10 novembre,,10-29-2025 11:44 AM,10-29-2025 11:44 AM,2364,Simon BÈgin <67952005.bxtw>,Simon BÈgin <67952005.bxtw>
83127,Andr√©-Mathieu/Jean-Papineau-Couture,H-C,Actif,Refonte Laurentides - 10 novembre,,10-29-2025 11:44 AM,10-29-2025 11:44 AM,2365,Simon BÈgin <67952005.bxtw>,Simon BÈgin <67952005.bxtw>
83128,Cartier/de Beauharnois,H-C,Actif,Refonte Laurentides - 10 novembre,,10-29-2025 11:44 AM,10-29-2025 11:44 AM,2366,Simon BÈgin <67952005.bxtw>,Simon BÈgin <67952005.bxtw>
83202,de Versailles/de Chaumont,H-C,Actif,Refonte Laurentides - 10 novembre,,10-29-2025 11:44 AM,10-29-2025 11:44 AM,2367,Simon BÈgin <67952005.bxtw>,Simon BÈgin <67952005.bxtw>
83217,Lalande/Leroux,H-C,Actif,Refonte Laurentides - 10 novembre,,10-29-2025 11:44 AM,10-29-2025 11:44 AM,2368,Simon BÈgin <67952005.bxtw>,Simon BÈgin <67952005.bxtw>
83218,Provencher/Pasteur,H-C,Actif,Refonte Laurentides - 10 novembre,,10-29-2025 11:44 AM,10-29-2025 11:44 AM,2369,Simon BÈgin <67952005.bxtw>,Simon BÈgin <67952005.bxtw>
83219,Mont√©e Gagnon/de l'Aiglon,H-C,Actif,Refonte Laurentides - 10 novembre,,10-29-2025 11:44 AM,10-29-2025 11:44 AM,2370,Simon BÈgin <67952005.bxtw>,Simon BÈgin <67952005.bxtw>
83221,Charles/devant la carri√®re D√©mix,H-C,Actif,Refonte Laurentides - 10 novembre,,10-29-2025 11:44 AM,10-29-2025 11:44 AM,2371,Simon BÈgin <67952005.bxtw>,Simon BÈgin <67952005.bxtw>
83223,Mont√©e Gagnon/de Versailles,H-C,Actif,Refonte Laurentides - 10 novembre,,10-29-2025 11:44 AM,10-29-2025 11:44 AM,2372,Simon BÈgin <67952005.bxtw>,Simon BÈgin <67952005.bxtw>
83226,Sauv√©/Grignon,H-C,Actif,Refonte Laurentides - 10 novembre,,10-29-2025 11:44 AM,10-29-2025 11:44 AM,2373,Simon BÈgin <67952005.bxtw>,Simon BÈgin <67952005.bxtw>
83238,Boivin/devant le civique 610,H-C,Actif,Refonte Laurentides - 10 novembre,,10-29-2025 11:44 AM,10-29-2025 11:44 AM,2374,Simon BÈgin <67952005.bxtw>,Simon BÈgin <67952005.bxtw>
83243,de Versailles/de Blois,H-C,Actif,Refonte Laurentides - 10 novembre,,10-29-2025 11:44 AM,10-29-2025 11:44 AM,2375,Simon BÈgin <67952005.bxtw>,Simon BÈgin <67952005.bxtw>
83262,25e Avenue/Mt√©e Saint-Charles,H-C,Actif,Refonte Laurentides - 10 novembre,,10-29-2025 11:44 AM,10-29-2025 11:44 AM,2376,Simon BÈgin <67952005.bxtw>,Simon BÈgin <67952005.bxtw>
83269,Sud/Lavigne,H-C,Actif,Refonte Laurentides - 10 novembre,,10-29-2025 11:44 AM,10-29-2025 11:44 AM,2377,Simon BÈgin <67952005.bxtw>,Simon BÈgin <67952005.bxtw>
83274,Fresni√®re/Lavigne,H-C,Actif,Refonte Laurentides - 10 novembre,,10-29-2025 11:44 AM,10-29-2025 11:44 AM,2378,Simon BÈgin <67952005.bxtw>,Simon BÈgin <67952005.bxtw>
83426,de la Grande-All√©e/de la C√¥te-Nord,H-C,Actif,Refonte Laurentides - 10 novembre,,10-29-2025 11:44 AM,10-29-2025 11:44 AM,2379,Simon BÈgin <67952005.bxtw>,Simon BÈgin <67952005.bxtw>
83600,de la C√¥te Sud/Raymond-L√©vesque,H-C,Actif,Refonte Laurentides - 10 novembre,,10-29-2025 11:44 AM,10-29-2025 11:44 AM,2380,Simon BÈgin <67952005.bxtw>,Simon BÈgin <67952005.bxtw>
83601,de la C√¥te Sud/Raymond-L√©vesque,H-C,Actif,Refonte Laurentides - 10 novembre,,10-29-2025 11:44 AM,10-29-2025 11:44 AM,2381,Simon BÈgin <67952005.bxtw>,Simon BÈgin <67952005.bxtw>
83602,de la C√¥te Sud/Ferland,H-C,Actif,Refonte Laurentides - 10 novembre,,10-29-2025 11:44 AM,10-29-2025 11:44 AM,2382,Simon BÈgin <67952005.bxtw>,Simon BÈgin <67952005.bxtw>
83604,de la C√¥te Sud/du Petit-Saint-Charles,H-C,Actif,Refonte Laurentides - 10 novembre,,10-29-2025 11:44 AM,10-29-2025 11:44 AM,2383,Simon BÈgin <67952005.bxtw>,Simon BÈgin <67952005.bxtw>
83605,Charles/Labelle,H-C,Actif,Refonte Laurentides - 10 novembre,,10-29-2025 11:44 AM,10-29-2025 11:44 AM,2384,Simon BÈgin <67952005.bxtw>,Simon BÈgin <67952005.bxtw>
83606,Charles/Larivi√®re,H-C,Actif,Refonte Laurentides - 10 novembre,,10-29-2025 11:44 AM,10-29-2025 11:44 AM,2385,Simon BÈgin <67952005.bxtw>,Simon BÈgin <67952005.bxtw>
83608,Simon/des Saules,H-C,Actif,Refonte Laurentides - 10 novembre,,10-29-2025 11:44 AM,10-29-2025 11:44 AM,2386,Simon BÈgin <67952005.bxtw>,Simon BÈgin <67952005.bxtw>
83609,des/Meilleur,H-C,Actif,Refonte Laurentides - 10 novembre,,10-29-2025 11:44 AM,10-29-2025 11:44 AM,2387,Simon BÈgin <67952005.bxtw>,Simon BÈgin <67952005.bxtw>
83624,Labelle/devant le civique 13845,H-C,Actif,Refonte Laurentides - 10 novembre,,10-29-2025 11:44 AM,10-29-2025 11:44 AM,2388,Simon BÈgin <67952005.bxtw>,Simon BÈgin <67952005.bxtw>
83683,43e Avenue/Gis√®le,H-C,Actif,Refonte Laurentides - 10 novembre,,10-29-2025 11:44 AM,10-29-2025 11:44 AM,2389,Simon BÈgin <67952005.bxtw>,Simon BÈgin <67952005.bxtw>
83684,Louise/43e Avenue,H-C,Actif,Refonte Laurentides - 10 novembre,,10-29-2025 11:44 AM,10-29-2025 11:44 AM,2390,Simon BÈgin <67952005.bxtw>,Simon BÈgin <67952005.bxtw>
83686,43e Avenue/41e Avenue,H-C,Actif,Refonte Laurentides - 10 novembre,,10-29-2025 11:44 AM,10-29-2025 11:44 AM,2391,Simon BÈgin <67952005.bxtw>,Simon BÈgin <67952005.bxtw>
83743,Sauv√©/de Bellefeuille,H-C,Actif,Refonte Laurentides - 10 novembre,,10-29-2025 11:44 AM,10-29-2025 11:44 AM,2392,Simon BÈgin <67952005.bxtw>,Simon BÈgin <67952005.bxtw>
83744,Pie-XII/Arthur-Sauv√©,H-C,Actif,Refonte Laurentides - 10 novembre,,10-29-2025 11:44 AM,10-29-2025 11:44 AM,2393,Simon BÈgin <67952005.bxtw>,Simon BÈgin <67952005.bxtw>
83757,de l'√ârabli√®re/de la Coul√©e,H-C,Actif,Refonte Laurentides - 10 novembre,,10-29-2025 11:44 AM,10-29-2025 11:44 AM,2394,Simon BÈgin <67952005.bxtw>,Simon BÈgin <67952005.bxtw>
83762,des Pins/du Malbec,H-C,Actif,Refonte Laurentides - 10 novembre,,10-29-2025 11:44 AM,10-29-2025 11:44 AM,2395,Simon BÈgin <67952005.bxtw>,Simon BÈgin <67952005.bxtw>
83763,de l'√ârabli√®re/Laurin,H-C,Actif,Refonte Laurentides - 10 novembre,,10-29-2025 11:44 AM,10-29-2025 11:44 AM,2396,Simon BÈgin <67952005.bxtw>,Simon BÈgin <67952005.bxtw>
83764,de l'√ârabli√®re/de l'Entaille,H-C,Actif,Refonte Laurentides - 10 novembre,,10-29-2025 11:44 AM,10-29-2025 11:44 AM,2397,Simon BÈgin <67952005.bxtw>,Simon BÈgin <67952005.bxtw>
83765,de l'√ârabli√®re/de la S√®ve,H-C,Actif,Refonte Laurentides - 10 novembre,,10-29-2025 11:44 AM,10-29-2025 11:44 AM,2398,Simon BÈgin <67952005.bxtw>,Simon BÈgin <67952005.bxtw>
83766,de l'√ârabli√®re/de la Coul√©e,H-C,Actif,Refonte Laurentides - 10 novembre,,10-29-2025 11:44 AM,10-29-2025 11:44 AM,2399,Simon BÈgin <67952005.bxtw>,Simon BÈgin <67952005.bxtw>
83767,de l'√ârabli√®re/d'Oka,H-C,Actif,Refonte Laurentides - 10 novembre,,10-29-2025 11:44 AM,10-29-2025 11:44 AM,2400,Simon BÈgin <67952005.bxtw>,Simon BÈgin <67952005.bxtw>
83795,Louis/de Bellefeuille,H-C,Actif,Refonte Laurentides - 10 novembre,,10-29-2025 11:44 AM,10-29-2025 11:44 AM,2401,Simon BÈgin <67952005.bxtw>,Simon BÈgin <67952005.bxtw>
83859,Louise/43e Avenue,H-C,Actif,Refonte Laurentides - 10 novembre,,10-29-2025 11:44 AM,10-29-2025 11:44 AM,2402,Simon BÈgin <67952005.bxtw>,Simon BÈgin <67952005.bxtw>
83860,Louise/40e Avenue,H-C,Actif,Refonte Laurentides - 10 novembre,,10-29-2025 11:44 AM,10-29-2025 11:44 AM,2403,Simon BÈgin <67952005.bxtw>,Simon BÈgin <67952005.bxtw>
83861,Louise/37e Avenue,H-C,Actif,Refonte Laurentides - 10 novembre,,10-29-2025 11:44 AM,10-29-2025 11:44 AM,2404,Simon BÈgin <67952005.bxtw>,Simon BÈgin <67952005.bxtw>
83862,Louise/34e Avenue,H-C,Actif,Refonte Laurentides - 10 novembre,,10-29-2025 11:44 AM,10-29-2025 11:44 AM,2405,Simon BÈgin <67952005.bxtw>,Simon BÈgin <67952005.bxtw>
83866,Terminus/Montagnes,H-C,Actif,Refonte Laurentides - 10 novembre,,10-29-2025 11:44 AM,10-29-2025 11:44 AM,2406,Simon BÈgin <67952005.bxtw>,Simon BÈgin <67952005.bxtw>
83867,Louise/37e Avenue,H-C,Actif,Refonte Laurentides - 10 novembre,,10-29-2025 11:44 AM,10-29-2025 11:44 AM,2407,Simon BÈgin <67952005.bxtw>,Simon BÈgin <67952005.bxtw>
83868,Louise/40e Avenue,H-C,Actif,Refonte Laurentides - 10 novembre,,10-29-2025 11:44 AM,10-29-2025 11:44 AM,2408,Simon BÈgin <67952005.bxtw>,Simon BÈgin <67952005.bxtw>
83884,Terminus/Montagnes,H-C,Actif,Refonte Laurentides - 10 novembre,,10-29-2025 11:44 AM,10-29-2025 11:44 AM,2409,Simon BÈgin <67952005.bxtw>,Simon BÈgin <67952005.bxtw>
83885,Terminus/Montagnes,H-C,Actif,Refonte Laurentides - 10 novembre,,10-29-2025 11:44 AM,10-29-2025 11:44 AM,2410,Simon BÈgin <67952005.bxtw>,Simon BÈgin <67952005.bxtw>
84037,Du Milan/Bigras,H-C,Actif,Refonte Laurentides - 10 novembre,,10-29-2025 11:44 AM,10-29-2025 11:44 AM,2411,Simon BÈgin <67952005.bxtw>,Simon BÈgin <67952005.bxtw>
84056,Anderson/Industriel,H-C,Actif,Refonte Laurentides - 10 novembre,,10-29-2025 11:44 AM,10-29-2025 11:44 AM,2412,Simon BÈgin <67952005.bxtw>,Simon BÈgin <67952005.bxtw>
84090,C√¥te de Terrebonne/Urbanova,H-C,Actif,Refonte Laurentides - 10 novembre,,10-29-2025 11:44 AM,10-29-2025 11:44 AM,2413,Simon BÈgin <67952005.bxtw>,Simon BÈgin <67952005.bxtw>
84099,C√¥te de Terrebonne/Gagn√©,H-C,Actif,Refonte Laurentides - 10 novembre,,10-29-2025 11:44 AM,10-29-2025 11:44 AM,2414,Simon BÈgin <67952005.bxtw>,Simon BÈgin <67952005.bxtw>
84100,C√¥te de Terrebonne/Gagn√©,H-C,Actif,Refonte Laurentides - 10 novembre,,10-29-2025 11:44 AM,10-29-2025 11:44 AM,2415,Simon BÈgin <67952005.bxtw>,Simon BÈgin <67952005.bxtw>
84254,Mo√Øse/Mo√Øse-Proulx,H-C,Actif,Refonte Laurentides - 10 novembre,,10-29-2025 11:44 AM,10-29-2025 11:44 AM,2416,Simon BÈgin <67952005.bxtw>,Simon BÈgin <67952005.bxtw>
84258,Marc/Adrien,H-C,Actif,Refonte Laurentides - 10 novembre,,10-29-2025 11:44 AM,10-29-2025 11:44 AM,2417,Simon BÈgin <67952005.bxtw>,Simon BÈgin <67952005.bxtw>
84260,Roch/Bigras,H-C,Actif,Refonte Laurentides - 10 novembre,,10-29-2025 11:44 AM,10-29-2025 11:44 AM,2418,Simon BÈgin <67952005.bxtw>,Simon BÈgin <67952005.bxtw>
84303,Mo√Øse/Mo√Øse-Proulx,H-C,Actif,Refonte Laurentides - 10 novembre,,10-29-2025 11:44 AM,10-29-2025 11:44 AM,2419,Simon BÈgin <67952005.bxtw>,Simon BÈgin <67952005.bxtw>
84314,Mo√Øse/Mo√Øse-Proulx,H-C,Actif,Refonte Laurentides - 10 novembre,,10-29-2025 11:44 AM,10-29-2025 11:44 AM,2420,Simon BÈgin <67952005.bxtw>,Simon BÈgin <67952005.bxtw>
84769,C√¥te de Terrebonne/74e Avenue,H-C,Actif,Refonte Laurentides - 10 novembre,,10-29-2025 11:44 AM,10-29-2025 11:44 AM,2421,Simon BÈgin <67952005.bxtw>,Simon BÈgin <67952005.bxtw>
84770,C√¥te de Terrebonne/74e Avenue,H-C,Actif,Refonte Laurentides - 10 novembre,,10-29-2025 11:44 AM,10-29-2025 11:44 AM,2422,Simon BÈgin <67952005.bxtw>,Simon BÈgin <67952005.bxtw>
84771,C√¥te de Terrebonne/43e Avenue,H-C,Actif,Refonte Laurentides - 10 novembre,,10-29-2025 11:44 AM,10-29-2025 11:44 AM,2423,Simon BÈgin <67952005.bxtw>,Simon BÈgin <67952005.bxtw>
84772,C√¥te de Terrebonne/43e Avenue,H-C,Actif,Refonte Laurentides - 10 novembre,,10-29-2025 11:44 AM,10-29-2025 11:44 AM,2424,Simon BÈgin <67952005.bxtw>,Simon BÈgin <67952005.bxtw>
84773,C√¥te de Terrebonne/devant le civique 2830,H-C,Actif,Refonte Laurentides - 10 novembre,,10-29-2025 11:44 AM,10-29-2025 11:44 AM,2425,Simon BÈgin <67952005.bxtw>,Simon BÈgin <67952005.bxtw>
84779,C√¥te de Terrebonne/25e Avenue,H-C,Actif,Refonte Laurentides - 10 novembre,,10-29-2025 11:44 AM,10-29-2025 11:44 AM,2426,Simon BÈgin <67952005.bxtw>,Simon BÈgin <67952005.bxtw>
84786,C√¥te de Terrebonne/D'Aubervilliers,H-C,Actif,Refonte Laurentides - 10 novembre,,10-29-2025 11:44 AM,10-29-2025 11:44 AM,2427,Simon BÈgin <67952005.bxtw>,Simon BÈgin <67952005.bxtw>
84787,C√¥te de Terrebonne/d'Aubervilliers,H-C,Actif,Refonte Laurentides - 10 novembre,,10-29-2025 11:44 AM,10-29-2025 11:44 AM,2428,Simon BÈgin <67952005.bxtw>,Simon BÈgin <67952005.bxtw>
84852,C√¥te de Terrebonne/devant le civique 305,H-C,Actif,Refonte Laurentides - 10 novembre,,10-29-2025 11:44 AM,10-29-2025 11:44 AM,2429,Simon BÈgin <67952005.bxtw>,Simon BÈgin <67952005.bxtw>
84860,C√¥te de Terrebonne/Place Alexandre-Cousineau,H-C,Actif,Refonte Laurentides - 10 novembre,,10-29-2025 11:44 AM,10-29-2025 11:44 AM,2430,Simon BÈgin <67952005.bxtw>,Simon BÈgin <67952005.bxtw>
84862,C√¥te de Terrebonne/devant le civique 3675,H-C,Actif,Refonte Laurentides - 10 novembre,,10-29-2025 11:44 AM,10-29-2025 11:44 AM,2431,Simon BÈgin <67952005.bxtw>,Simon BÈgin <67952005.bxtw>
84880,C√¥te de Terrebonne/Georges-VI,H-C,Actif,Refonte Laurentides - 10 novembre,,10-29-2025 11:44 AM,10-29-2025 11:44 AM,2432,Simon BÈgin <67952005.bxtw>,Simon BÈgin <67952005.bxtw>
84946,C√¥te de Terrebonne/Damasse,H-C,Actif,Refonte Laurentides - 10 novembre,,10-29-2025 11:44 AM,10-29-2025 11:44 AM,2433,Simon BÈgin <67952005.bxtw>,Simon BÈgin <67952005.bxtw>
84949,C√¥te de Terrebonne/Sylvain-Meunier,H-C,Actif,Refonte Laurentides - 10 novembre,,10-29-2025 11:44 AM,10-29-2025 11:44 AM,2434,Simon BÈgin <67952005.bxtw>,Simon BÈgin <67952005.bxtw>
84950,C√¥te de Terrebonne/Sylvain-Meunier,H-C,Actif,Refonte Laurentides - 10 novembre,,10-29-2025 11:44 AM,10-29-2025 11:44 AM,2435,Simon BÈgin <67952005.bxtw>,Simon BÈgin <67952005.bxtw>
84955,C√¥te de Terrebonne/33e Avenue,H-C,Actif,Refonte Laurentides - 10 novembre,,10-29-2025 11:44 AM,10-29-2025 11:44 AM,2436,Simon BÈgin <67952005.bxtw>,Simon BÈgin <67952005.bxtw>
84957,C√¥te de Terrebonne/40e Avenue,H-C,Actif,Refonte Laurentides - 10 novembre,,10-29-2025 11:44 AM,10-29-2025 11:44 AM,2437,Simon BÈgin <67952005.bxtw>,Simon BÈgin <67952005.bxtw>
84958,C√¥te de Terrebonne/40e Avenue,H-C,Actif,Refonte Laurentides - 10 novembre,,10-29-2025 11:44 AM,10-29-2025 11:44 AM,2438,Simon BÈgin <67952005.bxtw>,Simon BÈgin <67952005.bxtw>
84960,C√¥te de Terrebonne/29e Avenue,H-C,Actif,Refonte Laurentides - 10 novembre,,10-29-2025 11:44 AM,10-29-2025 11:44 AM,2439,Simon BÈgin <67952005.bxtw>,Simon BÈgin <67952005.bxtw>
84961,C√¥te de Terrebonne/20e Avenue,H-C,Actif,Refonte Laurentides - 10 novembre,,10-29-2025 11:44 AM,10-29-2025 11:44 AM,2440,Simon BÈgin <67952005.bxtw>,Simon BÈgin <67952005.bxtw>
84962,C√¥te de Terrebonne/20e Avenue,H-C,Actif,Refonte Laurentides - 10 novembre,,10-29-2025 11:44 AM,10-29-2025 11:44 AM,2441,Simon BÈgin <67952005.bxtw>,Simon BÈgin <67952005.bxtw>
84966,C√¥te de Terrebonne/Georges-VI,H-C,Actif,Refonte Laurentides - 10 novembre,,10-29-2025 11:44 AM,10-29-2025 11:44 AM,2442,Simon BÈgin <67952005.bxtw>,Simon BÈgin <67952005.bxtw>
84967,C√¥te de Terrebonne/4e Avenue,H-C,Actif,Refonte Laurentides - 10 novembre,,10-29-2025 11:44 AM,10-29-2025 11:44 AM,2443,Simon BÈgin <67952005.bxtw>,Simon BÈgin <67952005.bxtw>
84969,C√¥te de Terrebonne/de la Pommeraie,H-C,Actif,Refonte Laurentides - 10 novembre,,10-29-2025 11:44 AM,10-29-2025 11:44 AM,2444,Simon BÈgin <67952005.bxtw>,Simon BÈgin <67952005.bxtw>
85064,C√¥te de Terrebonne/Joseph-Guay,H-C,Actif,Refonte Laurentides - 10 novembre,,10-29-2025 11:44 AM,10-29-2025 11:44 AM,2445,Simon BÈgin <67952005.bxtw>,Simon BÈgin <67952005.bxtw>
85065,C√¥te de Terrebonne/Joseph-Guay,H-C,Actif,Refonte Laurentides - 10 novembre,,10-29-2025 11:44 AM,10-29-2025 11:44 AM,2446,Simon BÈgin <67952005.bxtw>,Simon BÈgin <67952005.bxtw>
85069,C√¥te de Terrebonne/15e Avenue,H-C,Actif,Refonte Laurentides - 10 novembre,,10-29-2025 11:44 AM,10-29-2025 11:44 AM,2447,Simon BÈgin <67952005.bxtw>,Simon BÈgin <67952005.bxtw>
85070,C√¥te de Terrebonne/15e Avenue,H-C,Actif,Refonte Laurentides - 10 novembre,,10-29-2025 11:44 AM,10-29-2025 11:44 AM,2448,Simon BÈgin <67952005.bxtw>,Simon BÈgin <67952005.bxtw>
85454,C√¥te de Terrebonne/devant le Golf le Versant,H-C,Actif,Refonte Laurentides - 10 novembre,,10-29-2025 11:44 AM,10-29-2025 11:44 AM,2449,Simon BÈgin <67952005.bxtw>,Simon BÈgin <67952005.bxtw>
85491,Bessemer/Italia,H-C,Actif,Refonte Laurentides - 10 novembre,,10-29-2025 11:44 AM,10-29-2025 11:44 AM,2450,Simon BÈgin <67952005.bxtw>,Simon BÈgin <67952005.bxtw>
85501,Poitras/Industriel,H-C,Actif,Refonte Laurentides - 10 novembre,,10-29-2025 11:44 AM,10-29-2025 11:44 AM,2451,Simon BÈgin <67952005.bxtw>,Simon BÈgin <67952005.bxtw>
85503,Fran√ßois/Johanne,H-C,Actif,Refonte Laurentides - 10 novembre,,10-29-2025 11:44 AM,10-29-2025 11:44 AM,2452,Simon BÈgin <67952005.bxtw>,Simon BÈgin <67952005.bxtw>
85504,Paul/Paul-C√©zanne,H-C,Actif,Refonte Laurentides - 10 novembre,,10-29-2025 11:44 AM,10-29-2025 11:44 AM,2453,Simon BÈgin <67952005.bxtw>,Simon BÈgin <67952005.bxtw>
85505,Paul/Jean-Paul-Riopelle,H-C,Actif,Refonte Laurentides - 10 novembre,,10-29-2025 11:44 AM,10-29-2025 11:44 AM,2454,Simon BÈgin <67952005.bxtw>,Simon BÈgin <67952005.bxtw>
85506,Marie/Marie-Jos√©e,H-C,Actif,Refonte Laurentides - 10 novembre,,10-29-2025 11:44 AM,10-29-2025 11:44 AM,2455,Simon BÈgin <67952005.bxtw>,Simon BÈgin <67952005.bxtw>
85508,Roch/Diane,H-C,Actif,Refonte Laurentides - 10 novembre,,10-29-2025 11:44 AM,10-29-2025 11:44 AM,2456,Simon BÈgin <67952005.bxtw>,Simon BÈgin <67952005.bxtw>
85514,Paul/Jean-Paul-Riopelle,H-C,Actif,Refonte Laurentides - 10 novembre,,10-29-2025 11:44 AM,10-29-2025 11:44 AM,2457,Simon BÈgin <67952005.bxtw>,Simon BÈgin <67952005.bxtw>
85515,Paul/C√©zanne,H-C,Actif,Refonte Laurentides - 10 novembre,,10-29-2025 11:44 AM,10-29-2025 11:44 AM,2458,Simon BÈgin <67952005.bxtw>,Simon BÈgin <67952005.bxtw>
85516,Rang Saint/Rang Saint-Fran√ßois,H-C,Actif,Refonte Laurentides - 10 novembre,,10-29-2025 11:44 AM,10-29-2025 11:44 AM,2459,Simon BÈgin <67952005.bxtw>,Simon BÈgin <67952005.bxtw>
85533,Marie-Jos√©e/Henri-Julien,H-C,Actif,Refonte Laurentides - 10 novembre,,10-29-2025 11:44 AM,10-29-2025 11:44 AM,2460,Simon BÈgin <67952005.bxtw>,Simon BÈgin <67952005.bxtw>
85534,Jos√©e/Alain,H-C,Actif,Refonte Laurentides - 10 novembre,,10-29-2025 11:44 AM,10-29-2025 11:44 AM,2461,Simon BÈgin <67952005.bxtw>,Simon BÈgin <67952005.bxtw>
85539,C√¥te de Terrebonne/Damasse,H-C,Actif,Refonte Laurentides - 10 novembre,,10-29-2025 11:44 AM,10-29-2025 11:44 AM,2462,Simon BÈgin <67952005.bxtw>,Simon BÈgin <67952005.bxtw>
85542,Jos√©e/Alain,H-C,Actif,Refonte Laurentides - 10 novembre,,10-29-2025 11:44 AM,10-29-2025 11:44 AM,2463,Simon BÈgin <67952005.bxtw>,Simon BÈgin <67952005.bxtw>
85543,Marie-Jos√©e/Henri-Julien,H-C,Actif,Refonte Laurentides - 10 novembre,,10-29-2025 11:44 AM,10-29-2025 11:44 AM,2464,Simon BÈgin <67952005.bxtw>,Simon BÈgin <67952005.bxtw>
85544,Jos√©e/Mont√©e Gagnon,H-C,Actif,Refonte Laurentides - 10 novembre,,10-29-2025 11:44 AM,10-29-2025 11:44 AM,2465,Simon BÈgin <67952005.bxtw>,Simon BÈgin <67952005.bxtw>
85545,Marc/Adrien,H-C,Actif,Refonte Laurentides - 10 novembre,,10-29-2025 11:44 AM,10-29-2025 11:44 AM,2466,Simon BÈgin <67952005.bxtw>,Simon BÈgin <67952005.bxtw>
85546,Marc/du Go√©land,H-C,Actif,Refonte Laurentides - 10 novembre,,10-29-2025 11:44 AM,10-29-2025 11:44 AM,2467,Simon BÈgin <67952005.bxtw>,Simon BÈgin <67952005.bxtw>
85547,Bigras/du Milan,H-C,Actif,Refonte Laurentides - 10 novembre,,10-29-2025 11:44 AM,10-29-2025 11:44 AM,2468,Simon BÈgin <67952005.bxtw>,Simon BÈgin <67952005.bxtw>
85548,du Milan/Guy,H-C,Actif,Refonte Laurentides - 10 novembre,,10-29-2025 11:44 AM,10-29-2025 11:44 AM,2469,Simon BÈgin <67952005.bxtw>,Simon BÈgin <67952005.bxtw>
85549,Guy/David,H-C,Actif,Refonte Laurentides - 10 novembre,,10-29-2025 11:44 AM,10-29-2025 11:44 AM,2470,Simon BÈgin <67952005.bxtw>,Simon BÈgin <67952005.bxtw>
85550,Saint/Saint-Roch,H-C,Actif,Refonte Laurentides - 10 novembre,,10-29-2025 11:44 AM,10-29-2025 11:44 AM,2471,Simon BÈgin <67952005.bxtw>,Simon BÈgin <67952005.bxtw>
85551,Jos√©e/Johanne,H-C,Actif,Refonte Laurentides - 10 novembre,,10-29-2025 11:44 AM,10-29-2025 11:44 AM,2472,Simon BÈgin <67952005.bxtw>,Simon BÈgin <67952005.bxtw>
85552,Roch/T√©l√©sphore,H-C,Actif,Refonte Laurentides - 10 novembre,,10-29-2025 11:44 AM,10-29-2025 11:44 AM,2473,Simon BÈgin <67952005.bxtw>,Simon BÈgin <67952005.bxtw>
85778,√âmile/Paul-√âmile-Borduas,H-C,Actif,Refonte Laurentides - 10 novembre,,10-29-2025 11:44 AM,10-29-2025 11:44 AM,2474,Simon BÈgin <67952005.bxtw>,Simon BÈgin <67952005.bxtw>
85779,√âmile/Borduas,H-C,Actif,Refonte Laurentides - 10 novembre,,10-29-2025 11:44 AM,10-29-2025 11:44 AM,2475,Simon BÈgin <67952005.bxtw>,Simon BÈgin <67952005.bxtw>
85784,C√¥te de Terrebonne/de Plaisance,H-C,Actif,Refonte Laurentides - 10 novembre,,10-29-2025 11:44 AM,10-29-2025 11:44 AM,2476,Simon BÈgin <67952005.bxtw>,Simon BÈgin <67952005.bxtw>
85785,C√¥te de Terrebonne/De Plaisance,H-C,Actif,Refonte Laurentides - 10 novembre,,10-29-2025 11:44 AM,10-29-2025 11:44 AM,2477,Simon BÈgin <67952005.bxtw>,Simon BÈgin <67952005.bxtw>
85808,Bessemer/devant le civique 201,H-C,Actif,Refonte Laurentides - 10 novembre,,10-29-2025 11:44 AM,10-29-2025 11:44 AM,2478,Simon BÈgin <67952005.bxtw>,Simon BÈgin <67952005.bxtw>
86008,du Paquebot/Guy-Racicot,H-C,Actif,Refonte Laurentides - 10 novembre,,10-29-2025 11:44 AM,10-29-2025 11:44 AM,2479,Simon BÈgin <67952005.bxtw>,Simon BÈgin <67952005.bxtw>
86009,du Voilier/du Timonier,H-C,Actif,Refonte Laurentides - 10 novembre,,10-29-2025 11:44 AM,10-29-2025 11:44 AM,2480,Simon BÈgin <67952005.bxtw>,Simon BÈgin <67952005.bxtw>
86013,Philom√®ne/Chevalier,H-C,Actif,Refonte Laurentides - 10 novembre,,10-29-2025 11:44 AM,10-29-2025 11:44 AM,2481,Simon BÈgin <67952005.bxtw>,Simon BÈgin <67952005.bxtw>
86015,Notre-Dame/Saint-Jean-Baptiste (Stat.),H-C,Actif,Refonte Laurentides - 10 novembre,,10-29-2025 11:44 AM,10-29-2025 11:44 AM,2482,Simon BÈgin <67952005.bxtw>,Simon BÈgin <67952005.bxtw>
86016,Dame/Lafontaine,H-C,Actif,Refonte Laurentides - 10 novembre,,10-29-2025 11:44 AM,10-29-2025 11:44 AM,2483,Simon BÈgin <67952005.bxtw>,Simon BÈgin <67952005.bxtw>
86017,Dame/Face au civique 11,H-C,Actif,Refonte Laurentides - 10 novembre,,10-29-2025 11:44 AM,10-29-2025 11:44 AM,2484,Simon BÈgin <67952005.bxtw>,Simon BÈgin <67952005.bxtw>
86019,d'Oka/Des Collines (Parc National d'Oka),H-C,Actif,Refonte Laurentides - 10 novembre,,10-29-2025 11:44 AM,10-29-2025 11:44 AM,2485,Simon BÈgin <67952005.bxtw>,Simon BÈgin <67952005.bxtw>
86020,d'Oka/des Ostryers,H-C,Actif,Refonte Laurentides - 10 novembre,,10-29-2025 11:44 AM,10-29-2025 11:44 AM,2486,Simon BÈgin <67952005.bxtw>,Simon BÈgin <67952005.bxtw>
86021,d'Oka/devant le civique 1700 (Secondaire d'Oka),H-C,Actif,Refonte Laurentides - 10 novembre,,10-29-2025 11:44 AM,10-29-2025 11:44 AM,2487,Simon BÈgin <67952005.bxtw>,Simon BÈgin <67952005.bxtw>
86022,d'Oka/stationnement du 1500 ch. d'Oka,H-C,Actif,Refonte Laurentides - 10 novembre,,10-29-2025 11:44 AM,10-29-2025 11:44 AM,2488,Simon BÈgin <67952005.bxtw>,Simon BÈgin <67952005.bxtw>
86024,Saint/du Mont-Saint-Pierre,H-C,Actif,Refonte Laurentides - 10 novembre,,10-29-2025 11:44 AM,10-29-2025 11:44 AM,2489,Simon BÈgin <67952005.bxtw>,Simon BÈgin <67952005.bxtw>
86030,Saint/du Mont-Saint-Pierre,H-C,Actif,Refonte Laurentides - 10 novembre,,10-29-2025 11:44 AM,10-29-2025 11:44 AM,2490,Simon BÈgin <67952005.bxtw>,Simon BÈgin <67952005.bxtw>
86033,d'Oka/face au civique 1700 (Secondaire d'Oka),H-C,Actif,Refonte Laurentides - 10 novembre,,10-29-2025 11:44 AM,10-29-2025 11:44 AM,2491,Simon BÈgin <67952005.bxtw>,Simon BÈgin <67952005.bxtw>
86034,d'Oka/des Ostryers,H-C,Actif,Refonte Laurentides - 10 novembre,,10-29-2025 11:44 AM,10-29-2025 11:44 AM,2492,Simon BÈgin <67952005.bxtw>,Simon BÈgin <67952005.bxtw>
86036,d'Oka/Bernier,H-C,Actif,Refonte Laurentides - 10 novembre,,10-29-2025 11:44 AM,10-29-2025 11:44 AM,2493,Simon BÈgin <67952005.bxtw>,Simon BÈgin <67952005.bxtw>
86037,Dame/devant le civique 11,H-C,Actif,Refonte Laurentides - 10 novembre,,10-29-2025 11:44 AM,10-29-2025 11:44 AM,2494,Simon BÈgin <67952005.bxtw>,Simon BÈgin <67952005.bxtw>
86038,Dame/Lafontaine,H-C,Actif,Refonte Laurentides - 10 novembre,,10-29-2025 11:44 AM,10-29-2025 11:44 AM,2495,Simon BÈgin <67952005.bxtw>,Simon BÈgin <67952005.bxtw>
86040,Saint-Michel/Saint-Georges,H-C,Actif,Refonte Laurentides - 10 novembre,,10-29-2025 11:44 AM,10-29-2025 11:44 AM,2496,Simon BÈgin <67952005.bxtw>,Simon BÈgin <67952005.bxtw>
86041,Philom√®ne/Chevalier,H-C,Actif,Refonte Laurentides - 10 novembre,,10-29-2025 11:44 AM,10-29-2025 11:44 AM,2497,Simon BÈgin <67952005.bxtw>,Simon BÈgin <67952005.bxtw>
70000,Terminus Longueuil Porte G4,H-C,Actif,Aucun visuel affich√©,,12-07-2025 01:34 PM,12-07-2025 01:34 PM,2498,Simon BÈgin <67952005.bxtw>,Simon BÈgin <67952005.bxtw>
70001,Terminus Longueuil Porte G5,H-C,Actif,Aucun visuel affich√©,,12-07-2025 01:34 PM,12-07-2025 01:34 PM,2499,Simon BÈgin <67952005.bxtw>,Simon BÈgin <67952005.bxtw>
70002,IREQ (Pavillon Lionel-Boulet),H-C,Actif,Aucun visuel affich√©,,12-07-2025 01:34 PM,12-07-2025 01:34 PM,2500,Simon BÈgin <67952005.bxtw>,Simon BÈgin <67952005.bxtw>
70003,IREQ (Labo d'exp√©rimentation),H-C,Actif,Aucun visuel affich√©,,12-07-2025 01:34 PM,12-07-2025 01:34 PM,2501,Simon BÈgin <67952005.bxtw>,Simon BÈgin <67952005.bxtw>
70004,C√©gep √âdouard-Montpetit,H-C,Actif,Aucun visuel affich√©,,12-07-2025 01:34 PM,12-07-2025 01:34 PM,2502,Simon BÈgin <67952005.bxtw>,Simon BÈgin <67952005.bxtw>
70005,de Gentilly / Thurber (C√©gep),H-C,Actif,Aucun visuel affich√©,,12-07-2025 01:34 PM,12-07-2025 01:34 PM,2503,Simon BÈgin <67952005.bxtw>,Simon BÈgin <67952005.bxtw>
70006,IREQ (Pavillon Archim√®de),H-C,Actif,Aucun visuel affich√©,,12-07-2025 01:34 PM,12-07-2025 01:34 PM,2504,Simon BÈgin <67952005.bxtw>,Simon BÈgin <67952005.bxtw>
70007,Route 132 / De Montbrun,H-C,Actif,Aucun visuel affich√©,,12-07-2025 01:34 PM,12-07-2025 01:34 PM,2505,Simon BÈgin <67952005.bxtw>,Simon BÈgin <67952005.bxtw>
70008,Route 132 / De Montbrun,H-C,Actif,Aucun visuel affich√©,,12-07-2025 01:34 PM,12-07-2025 01:34 PM,2506,Simon BÈgin <67952005.bxtw>,Simon BÈgin <67952005.bxtw>
70009,IREQ (Centre Varennes),H-C,Actif,Aucun visuel affich√©,,12-07-2025 01:34 PM,12-07-2025 01:34 PM,2507,Simon BÈgin <67952005.bxtw>,Simon BÈgin <67952005.bxtw>
70016,Marie-Victorin / Saint-Eug√®ne,H-C,Actif,Aucun visuel affich√©,,12-07-2025 01:34 PM,12-07-2025 01:34 PM,2508,Simon BÈgin <67952005.bxtw>,Simon BÈgin <67952005.bxtw>
70017,Marie-Victorin / Saint-Eug√®ne,H-C,Actif,Aucun visuel affich√©,,12-07-2025 01:34 PM,12-07-2025 01:34 PM,2509,Simon BÈgin <67952005.bxtw>,Simon BÈgin <67952005.bxtw>
70018,Terminus Radisson Sud (d√©barcad√®re),H-C,Actif,Aucun visuel affich√©,,12-07-2025 01:34 PM,12-07-2025 01:34 PM,2510,Simon BÈgin <67952005.bxtw>,Simon BÈgin <67952005.bxtw>
70020,Terminus Radisson Sud - Quai 3,H-C,Actif,Aucun visuel affich√©,,12-07-2025 01:34 PM,12-07-2025 01:34 PM,2511,Simon BÈgin <67952005.bxtw>,Simon BÈgin <67952005.bxtw>
70021,IREQ (Barri√®re de s√©curit√©),H-C,Actif,Aucun visuel affich√©,,12-07-2025 01:34 PM,12-07-2025 01:34 PM,2512,Simon BÈgin <67952005.bxtw>,Simon BÈgin <67952005.bxtw>
70022,Lionel-Boulet / devant l'INRS,H-C,Actif,Aucun visuel affich√©,,12-07-2025 01:34 PM,12-07-2025 01:34 PM,2513,Simon BÈgin <67952005.bxtw>,Simon BÈgin <67952005.bxtw>
70023,Lionel-Boulet / devant le 1615 (Canmet√âNERGIE),H-C,Actif,Aucun visuel affich√©,,12-07-2025 01:34 PM,12-07-2025 01:34 PM,2514,Simon BÈgin <67952005.bxtw>,Simon BÈgin <67952005.bxtw>
70024,Lionel-Boulet / Jean-Coutu,H-C,Actif,Aucun visuel affich√©,,12-07-2025 01:34 PM,12-07-2025 01:34 PM,2515,Simon BÈgin <67952005.bxtw>,Simon BÈgin <67952005.bxtw>
70025,Lionel-Boulet / Jean-Coutu,H-C,Actif,Aucun visuel affich√©,,12-07-2025 01:34 PM,12-07-2025 01:34 PM,2516,Simon BÈgin <67952005.bxtw>,Simon BÈgin <67952005.bxtw>
70026,Lionel-Boulet / face au 1471,H-C,Actif,Aucun visuel affich√©,,12-07-2025 01:34 PM,12-07-2025 01:34 PM,2517,Simon BÈgin <67952005.bxtw>,Simon BÈgin <67952005.bxtw>
70027,Lionel-Boulet / devant le 1471,H-C,Actif,Aucun visuel affich√©,,12-07-2025 01:34 PM,12-07-2025 01:34 PM,2518,Simon BÈgin <67952005.bxtw>,Simon BÈgin <67952005.bxtw>
70028,Lionel-Boulet / de l'√ânergie,H-C,Actif,Aucun visuel affich√©,,12-07-2025 01:34 PM,12-07-2025 01:34 PM,2519,Simon BÈgin <67952005.bxtw>,Simon BÈgin <67952005.bxtw>
70029,Lionel-Boulet / de l'√ânergie,H-C,Actif,Aucun visuel affich√©,,12-07-2025 01:34 PM,12-07-2025 01:34 PM,2520,Simon BÈgin <67952005.bxtw>,Simon BÈgin <67952005.bxtw>
70030,Jean-Coutu / face au Groupe Jean-Coutu,H-C,Actif,Aucun visuel affich√©,,12-07-2025 01:34 PM,12-07-2025 01:34 PM,2521,Simon BÈgin <67952005.bxtw>,Simon BÈgin <67952005.bxtw>
70031,Jean-Coutu / devant le Groupe Jean-Coutu,H-C,Actif,Aucun visuel affich√©,,12-07-2025 01:34 PM,12-07-2025 01:34 PM,2522,Simon BÈgin <67952005.bxtw>,Simon BÈgin <67952005.bxtw>
70032,de la Marine / devant le 253,H-C,Actif,Aucun visuel affich√©,,12-07-2025 01:34 PM,12-07-2025 01:34 PM,2523,Simon BÈgin <67952005.bxtw>,Simon BÈgin <67952005.bxtw>
70033,de la Marine / devant le 248,H-C,Actif,Aucun visuel affich√©,,12-07-2025 01:34 PM,12-07-2025 01:34 PM,2524,Simon BÈgin <67952005.bxtw>,Simon BÈgin <67952005.bxtw>
70034,de la Marine / devant le 153,H-C,Actif,Aucun visuel affich√©,,12-07-2025 01:34 PM,12-07-2025 01:34 PM,2525,Simon BÈgin <67952005.bxtw>,Simon BÈgin <67952005.bxtw>
70035,de la Marine / devant le 148,H-C,Actif,Aucun visuel affich√©,,12-07-2025 01:34 PM,12-07-2025 01:34 PM,2526,Simon BÈgin <67952005.bxtw>,Simon BÈgin <67952005.bxtw>
70036,Lionel-Boulet / devant le 920,H-C,Actif,Aucun visuel affich√©,,12-07-2025 01:34 PM,12-07-2025 01:34 PM,2527,Simon BÈgin <67952005.bxtw>,Simon BÈgin <67952005.bxtw>
70037,Lionel-Boulet / devant le 925,H-C,Actif,Aucun visuel affich√©,,12-07-2025 01:34 PM,12-07-2025 01:34 PM,2528,Simon BÈgin <67952005.bxtw>,Simon BÈgin <67952005.bxtw>
70038,Lionel-Boulet / du Pays-Br√ªl√©,H-C,Actif,Aucun visuel affich√©,,12-07-2025 01:34 PM,12-07-2025 01:34 PM,2529,Simon BÈgin <67952005.bxtw>,Simon BÈgin <67952005.bxtw>
70039,Lionel-Boulet / du Pays-Br√ªl√©,H-C,Actif,Aucun visuel affich√©,,12-07-2025 01:34 PM,12-07-2025 01:34 PM,2530,Simon BÈgin <67952005.bxtw>,Simon BÈgin <67952005.bxtw>
70040,Route 132 / Lionel-Boulet,H-C,Actif,Aucun visuel affich√©,,12-07-2025 01:34 PM,12-07-2025 01:34 PM,2531,Simon BÈgin <67952005.bxtw>,Simon BÈgin <67952005.bxtw>
70041,Route 132 / de la Marine,H-C,Actif,Aucun visuel affich√©,,12-07-2025 01:34 PM,12-07-2025 01:34 PM,2532,Simon BÈgin <67952005.bxtw>,Simon BÈgin <67952005.bxtw>
70042,de la Marine / du Tr√©carr√©,H-C,Actif,Aucun visuel affich√©,,12-07-2025 01:34 PM,12-07-2025 01:34 PM,2533,Simon BÈgin <67952005.bxtw>,Simon BÈgin <67952005.bxtw>
70043,de la Marine / de la Tasserie,H-C,Actif,Aucun visuel affich√©,,12-07-2025 01:34 PM,12-07-2025 01:34 PM,2534,Simon BÈgin <67952005.bxtw>,Simon BÈgin <67952005.bxtw>
70044,de la Marine / des Aulnes,H-C,Actif,Aucun visuel affich√©,,12-07-2025 01:34 PM,12-07-2025 01:34 PM,2535,Simon BÈgin <67952005.bxtw>,Simon BÈgin <67952005.bxtw>
70045,de la Marine / du Froment,H-C,Actif,Aucun visuel affich√©,,12-07-2025 01:34 PM,12-07-2025 01:34 PM,2536,Simon BÈgin <67952005.bxtw>,Simon BÈgin <67952005.bxtw>
70046,de la Marine / du Fief,H-C,Actif,Aucun visuel affich√©,,12-07-2025 01:34 PM,12-07-2025 01:34 PM,2537,Simon BÈgin <67952005.bxtw>,Simon BÈgin <67952005.bxtw>
70047,de la Marine / des Intendants,H-C,Actif,Aucun visuel affich√©,,12-07-2025 01:34 PM,12-07-2025 01:34 PM,2538,Simon BÈgin <67952005.bxtw>,Simon BÈgin <67952005.bxtw>
70048,de la Marine / de la Gabelle,H-C,Actif,Aucun visuel affich√©,,12-07-2025 01:34 PM,12-07-2025 01:34 PM,2539,Simon BÈgin <67952005.bxtw>,Simon BÈgin <67952005.bxtw>
70049,de la Gabelle / de la Marine,H-C,Actif,Aucun visuel affich√©,,12-07-2025 01:34 PM,12-07-2025 01:34 PM,2540,Simon BÈgin <67952005.bxtw>,Simon BÈgin <67952005.bxtw>
70050,Des Patriotes / devant le Maxi,H-C,Actif,Aucun visuel affich√©,,12-07-2025 01:34 PM,12-07-2025 01:34 PM,2541,Simon BÈgin <67952005.bxtw>,Simon BÈgin <67952005.bxtw>
70051,Des Patriotes / face au Maxi,H-C,Actif,Aucun visuel affich√©,,12-07-2025 01:34 PM,12-07-2025 01:34 PM,2542,Simon BÈgin <67952005.bxtw>,Simon BÈgin <67952005.bxtw>
70052,de la Gabelle / de la Futaie,H-C,Actif,Aucun visuel affich√©,,12-07-2025 01:34 PM,12-07-2025 01:34 PM,2543,Simon BÈgin <67952005.bxtw>,Simon BÈgin <67952005.bxtw>
70053,de la Gabelle / de la Futaie,H-C,Actif,Aucun visuel affich√©,,12-07-2025 01:34 PM,12-07-2025 01:34 PM,2544,Simon BÈgin <67952005.bxtw>,Simon BÈgin <67952005.bxtw>
70054,Route 132 / du Petit-Bois,H-C,Actif,Aucun visuel affich√©,,12-07-2025 01:34 PM,12-07-2025 01:34 PM,2545,Simon BÈgin <67952005.bxtw>,Simon BÈgin <67952005.bxtw>
70055,Route 132 / de la Gabelle,H-C,Actif,Aucun visuel affich√©,,12-07-2025 01:34 PM,12-07-2025 01:34 PM,2546,Simon BÈgin <67952005.bxtw>,Simon BÈgin <67952005.bxtw>
70056,du Petit-Bois / de la Rivi√®re,H-C,Actif,Aucun visuel affich√©,,12-07-2025 01:34 PM,12-07-2025 01:34 PM,2547,Simon BÈgin <67952005.bxtw>,Simon BÈgin <67952005.bxtw>
70057,du Petit-Bois / de la Rivi√®re,H-C,Actif,Aucun visuel affich√©,,12-07-2025 01:34 PM,12-07-2025 01:34 PM,2548,Simon BÈgin <67952005.bxtw>,Simon BÈgin <67952005.bxtw>
70059,Stationnement Incitatif Jules-Phaneuf,H-C,Actif,Aucun visuel affich√©,,12-07-2025 01:34 PM,12-07-2025 01:34 PM,2549,Simon BÈgin <67952005.bxtw>,Simon BÈgin <67952005.bxtw>
70060,du Saint-Laurent / Marie-Victorin,H-C,Actif,Aucun visuel affich√©,,12-07-2025 01:34 PM,12-07-2025 01:34 PM,2550,Simon BÈgin <67952005.bxtw>,Simon BÈgin <67952005.bxtw>
70061,du Saint-Laurent / Marie-Victorin,H-C,Actif,Aucun visuel affich√©,,12-07-2025 01:34 PM,12-07-2025 01:34 PM,2551,Simon BÈgin <67952005.bxtw>,Simon BÈgin <67952005.bxtw>
70062,Stationnement incitatif Jules-Phaneuf,H-C,Actif,Aucun visuel affich√©,,12-07-2025 01:34 PM,12-07-2025 01:34 PM,2552,Simon BÈgin <67952005.bxtw>,Simon BÈgin <67952005.bxtw>
70066,Ren√©-Gaultier / Doucet,H-C,Actif,Aucun visuel affich√©,,12-07-2025 01:34 PM,12-07-2025 01:34 PM,2553,Simon BÈgin <67952005.bxtw>,Simon BÈgin <67952005.bxtw>
70067,Ren√©-Gaultier / Doucet,H-C,Actif,Aucun visuel affich√©,,12-07-2025 01:34 PM,12-07-2025 01:34 PM,2554,Simon BÈgin <67952005.bxtw>,Simon BÈgin <67952005.bxtw>
70068,Ren√©-Gaultier / de l'Aqueduc,H-C,Actif,Aucun visuel affich√©,,12-07-2025 01:34 PM,12-07-2025 01:34 PM,2555,Simon BÈgin <67952005.bxtw>,Simon BÈgin <67952005.bxtw>
70069,Ren√©-Gaultier / de l'Aqueduc,H-C,Actif,Aucun visuel affich√©,,12-07-2025 01:34 PM,12-07-2025 01:34 PM,2556,Simon BÈgin <67952005.bxtw>,Simon BÈgin <67952005.bxtw>
70070,Route 132 / de l'Aqueduc,H-C,Actif,Aucun visuel affich√©,,12-07-2025 01:34 PM,12-07-2025 01:34 PM,2557,Simon BÈgin <67952005.bxtw>,Simon BÈgin <67952005.bxtw>
70071,Route 132 / de l'Aqueduc,H-C,Actif,Aucun visuel affich√©,,12-07-2025 01:34 PM,12-07-2025 01:34 PM,2558,Simon BÈgin <67952005.bxtw>,Simon BÈgin <67952005.bxtw>
70072,Ren√©-Gaultier / du Parc,H-C,Actif,Aucun visuel affich√©,,12-07-2025 01:34 PM,12-07-2025 01:34 PM,2559,Simon BÈgin <67952005.bxtw>,Simon BÈgin <67952005.bxtw>
70073,Ren√©-Gaultier / du Parc,H-C,Actif,Aucun visuel affich√©,,12-07-2025 01:34 PM,12-07-2025 01:34 PM,2560,Simon BÈgin <67952005.bxtw>,Simon BÈgin <67952005.bxtw>
70074,Ren√©-Gaultier / devant le 1989,H-C,Actif,Aucun visuel affich√©,,12-07-2025 01:34 PM,12-07-2025 01:34 PM,2561,Simon BÈgin <67952005.bxtw>,Simon BÈgin <67952005.bxtw>
70075,Ren√©-Gaultier / devant le 1988,H-C,Actif,Aucun visuel affich√©,,12-07-2025 01:34 PM,12-07-2025 01:34 PM,2562,Simon BÈgin <67952005.bxtw>,Simon BÈgin <67952005.bxtw>
70076,Ren√©-Gaultier / Lavoie,H-C,Actif,Aucun visuel affich√©,,12-07-2025 01:34 PM,12-07-2025 01:34 PM,2563,Simon BÈgin <67952005.bxtw>,Simon BÈgin <67952005.bxtw>
70077,Ren√©-Gaultier / Lavoie,H-C,Actif,Aucun visuel affich√©,,12-07-2025 01:34 PM,12-07-2025 01:34 PM,2564,Simon BÈgin <67952005.bxtw>,Simon BÈgin <67952005.bxtw>
70078,Ren√©-Gaultier / Bissonnette,H-C,Actif,Aucun visuel affich√©,,12-07-2025 01:34 PM,12-07-2025 01:34 PM,2565,Simon BÈgin <67952005.bxtw>,Simon BÈgin <67952005.bxtw>
70079,Ren√©-Gaultier / Bissonnette,H-C,Actif,Aucun visuel affich√©,,12-07-2025 01:34 PM,12-07-2025 01:34 PM,2566,Simon BÈgin <67952005.bxtw>,Simon BÈgin <67952005.bxtw>
70080,Ren√©-Gaultier / Qu√©villon,H-C,Actif,Aucun visuel affich√©,,12-07-2025 01:34 PM,12-07-2025 01:34 PM,2567,Simon BÈgin <67952005.bxtw>,Simon BÈgin <67952005.bxtw>
70081,Qu√©villon / Ren√©-Gaultier,H-C,Actif,Aucun visuel affich√©,,12-07-2025 01:34 PM,12-07-2025 01:34 PM,2568,Simon BÈgin <67952005.bxtw>,Simon BÈgin <67952005.bxtw>
70082,Qu√©villon / S√©n√©cal,H-C,Actif,Aucun visuel affich√©,,12-07-2025 01:34 PM,12-07-2025 01:34 PM,2569,Simon BÈgin <67952005.bxtw>,Simon BÈgin <67952005.bxtw>
70083,Qu√©villon / S√©n√©cal,H-C,Actif,Aucun visuel affich√©,,12-07-2025 01:34 PM,12-07-2025 01:34 PM,2570,Simon BÈgin <67952005.bxtw>,Simon BÈgin <67952005.bxtw>
70084,Qu√©villon / √âmile-Nelligan,H-C,Actif,Aucun visuel affich√©,,12-07-2025 01:34 PM,12-07-2025 01:34 PM,2571,Simon BÈgin <67952005.bxtw>,Simon BÈgin <67952005.bxtw>
70085,Qu√©villon / √âmile-Nelligan,H-C,Actif,Aucun visuel affich√©,,12-07-2025 01:34 PM,12-07-2025 01:34 PM,2572,Simon BÈgin <67952005.bxtw>,Simon BÈgin <67952005.bxtw>
70086,Ren√©-Gaultier / Qu√©villon,H-C,Actif,Aucun visuel affich√©,,12-07-2025 01:34 PM,12-07-2025 01:34 PM,2573,Simon BÈgin <67952005.bxtw>,Simon BÈgin <67952005.bxtw>
70090,Ren√©-Gaultier / Charles-Primeau,H-C,Actif,Aucun visuel affich√©,,12-07-2025 01:34 PM,12-07-2025 01:34 PM,2574,Simon BÈgin <67952005.bxtw>,Simon BÈgin <67952005.bxtw>
70091,Ren√©-Gaultier / Charles-Primeau,H-C,Actif,Aucun visuel affich√©,,12-07-2025 01:34 PM,12-07-2025 01:34 PM,2575,Simon BÈgin <67952005.bxtw>,Simon BÈgin <67952005.bxtw>
70092,Ren√©-Gaultier / Saint-Eug√®ne,H-C,Actif,Aucun visuel affich√©,,12-07-2025 01:34 PM,12-07-2025 01:34 PM,2576,Simon BÈgin <67952005.bxtw>,Simon BÈgin <67952005.bxtw>
70093,Ren√©-Gaultier / Saint-Eug√®ne,H-C,Actif,Aucun visuel affich√©,,12-07-2025 01:34 PM,12-07-2025 01:34 PM,2577,Simon BÈgin <67952005.bxtw>,Simon BÈgin <67952005.bxtw>
70094,Ren√©-Gaultier / Perrault,H-C,Actif,Aucun visuel affich√©,,12-07-2025 01:34 PM,12-07-2025 01:34 PM,2578,Simon BÈgin <67952005.bxtw>,Simon BÈgin <67952005.bxtw>
70095,Ren√©-Gaultier / Perrault,H-C,Actif,Aucun visuel affich√©,,12-07-2025 01:34 PM,12-07-2025 01:34 PM,2579,Simon BÈgin <67952005.bxtw>,Simon BÈgin <67952005.bxtw>
70098,Marie-Victorin / face √† l'√âcole Labarre,H-C,Actif,Aucun visuel affich√©,,12-07-2025 01:34 PM,12-07-2025 01:34 PM,2580,Simon BÈgin <67952005.bxtw>,Simon BÈgin <67952005.bxtw>
70099,Marie-Victorin / D'Youville (√âcole Labarre),H-C,Actif,Aucun visuel affich√©,,12-07-2025 01:34 PM,12-07-2025 01:34 PM,2581,Simon BÈgin <67952005.bxtw>,Simon BÈgin <67952005.bxtw>
70100,Ren√©-Gaultier / Dalp√©,H-C,Actif,Aucun visuel affich√©,,12-07-2025 01:34 PM,12-07-2025 01:34 PM,2582,Simon BÈgin <67952005.bxtw>,Simon BÈgin <67952005.bxtw>
70101,Ren√©-Gaultier / Dalp√©,H-C,Actif,Aucun visuel affich√©,,12-07-2025 01:34 PM,12-07-2025 01:34 PM,2583,Simon BÈgin <67952005.bxtw>,Simon BÈgin <67952005.bxtw>
70102,Qu√©villon / Suzor-Cot√©,H-C,Actif,Aucun visuel affich√©,,12-07-2025 01:34 PM,12-07-2025 01:34 PM,2584,Simon BÈgin <67952005.bxtw>,Simon BÈgin <67952005.bxtw>
70103,Qu√©villon / Suzor-Cot√©,H-C,Actif,Aucun visuel affich√©,,12-07-2025 01:34 PM,12-07-2025 01:34 PM,2585,Simon BÈgin <67952005.bxtw>,Simon BÈgin <67952005.bxtw>
70104,Qu√©villon / Dalp√©,H-C,Actif,Aucun visuel affich√©,,12-07-2025 01:34 PM,12-07-2025 01:34 PM,2586,Simon BÈgin <67952005.bxtw>,Simon BÈgin <67952005.bxtw>
70105,Qu√©villon / Dalp√©,H-C,Actif,Aucun visuel affich√©,,12-07-2025 01:34 PM,12-07-2025 01:34 PM,2587,Simon BÈgin <67952005.bxtw>,Simon BÈgin <67952005.bxtw>
70106,Langlois / face au 240,H-C,Actif,Aucun visuel affich√©,,12-07-2025 01:34 PM,12-07-2025 01:34 PM,2588,Simon BÈgin <67952005.bxtw>,Simon BÈgin <67952005.bxtw>
70107,Langlois / Sainte-Anne,H-C,Actif,Aucun visuel affich√©,,12-07-2025 01:34 PM,12-07-2025 01:34 PM,2589,Simon BÈgin <67952005.bxtw>,Simon BÈgin <67952005.bxtw>
70108,Ren√©-Gaultier / Ren√©-Gaultier,H-C,Actif,Aucun visuel affich√©,,12-07-2025 01:34 PM,12-07-2025 01:34 PM,2590,Simon BÈgin <67952005.bxtw>,Simon BÈgin <67952005.bxtw>
70109,Ren√©-Gaultier / Ren√©-Gaultier,H-C,Actif,Aucun visuel affich√©,,12-07-2025 01:34 PM,12-07-2025 01:34 PM,2591,Simon BÈgin <67952005.bxtw>,Simon BÈgin <67952005.bxtw>
70110,Qu√©villon / Amos,H-C,Actif,Aucun visuel affich√©,,12-07-2025 01:34 PM,12-07-2025 01:34 PM,2592,Simon BÈgin <67952005.bxtw>,Simon BÈgin <67952005.bxtw>
70111,Qu√©villon / Amos,H-C,Actif,Aucun visuel affich√©,,12-07-2025 01:34 PM,12-07-2025 01:34 PM,2593,Simon BÈgin <67952005.bxtw>,Simon BÈgin <67952005.bxtw>
70112,Marie-Victorin / Vincent,H-C,Actif,Aucun visuel affich√©,,12-07-2025 01:34 PM,12-07-2025 01:34 PM,2594,Simon BÈgin <67952005.bxtw>,Simon BÈgin <67952005.bxtw>
70113,Marie-Victorin / Vincent,H-C,Actif,Aucun visuel affich√©,,12-07-2025 01:34 PM,12-07-2025 01:34 PM,2595,Simon BÈgin <67952005.bxtw>,Simon BÈgin <67952005.bxtw>
70116,Qu√©villon / Le Brodeur,H-C,Actif,Aucun visuel affich√©,,12-07-2025 01:34 PM,12-07-2025 01:34 PM,2596,Simon BÈgin <67952005.bxtw>,Simon BÈgin <67952005.bxtw>
70117,Qu√©villon / Le Brodeur,H-C,Actif,Aucun visuel affich√©,,12-07-2025 01:34 PM,12-07-2025 01:34 PM,2597,Simon BÈgin <67952005.bxtw>,Simon BÈgin <67952005.bxtw>
70118,Ren√©-Gaultier / √âmond,H-C,Actif,Aucun visuel affich√©,,12-07-2025 01:34 PM,12-07-2025 01:34 PM,2598,Simon BÈgin <67952005.bxtw>,Simon BÈgin <67952005.bxtw>
70119,Ren√©-Gaultier / √âmond,H-C,Actif,Aucun visuel affich√©,,12-07-2025 01:34 PM,12-07-2025 01:34 PM,2599,Simon BÈgin <67952005.bxtw>,Simon BÈgin <67952005.bxtw>
70120,Ren√©-Gaultier / Qu√©villon,H-C,Actif,Aucun visuel affich√©,,12-07-2025 01:34 PM,12-07-2025 01:34 PM,2600,Simon BÈgin <67952005.bxtw>,Simon BÈgin <67952005.bxtw>
70121,Qu√©villon / Ren√©-Gaultier,H-C,Actif,Aucun visuel affich√©,,12-07-2025 01:34 PM,12-07-2025 01:34 PM,2601,Simon BÈgin <67952005.bxtw>,Simon BÈgin <67952005.bxtw>
70122,Ren√©-Gaultier / √âmile-Nelligan,H-C,Actif,Aucun visuel affich√©,,12-07-2025 01:34 PM,12-07-2025 01:34 PM,2602,Simon BÈgin <67952005.bxtw>,Simon BÈgin <67952005.bxtw>
70123,Ren√©-Gaultier / √âmile-Nelligan,H-C,Actif,Aucun visuel affich√©,,12-07-2025 01:34 PM,12-07-2025 01:34 PM,2603,Simon BÈgin <67952005.bxtw>,Simon BÈgin <67952005.bxtw>
70124,Marie-Victorin / Qu√©villon,H-C,Actif,Aucun visuel affich√©,,12-07-2025 01:34 PM,12-07-2025 01:34 PM,2604,Simon BÈgin <67952005.bxtw>,Simon BÈgin <67952005.bxtw>
70125,Marie-Victorin / Qu√©villon,H-C,Actif,Aucun visuel affich√©,,12-07-2025 01:34 PM,12-07-2025 01:34 PM,2605,Simon BÈgin <67952005.bxtw>,Simon BÈgin <67952005.bxtw>
70126,Qu√©villon / Ren√©-Gaultier,H-C,Actif,Aucun visuel affich√©,,12-07-2025 01:34 PM,12-07-2025 01:34 PM,2606,Simon BÈgin <67952005.bxtw>,Simon BÈgin <67952005.bxtw>
70127,Ren√©-Gaultier / Qu√©villon,H-C,Actif,Aucun visuel affich√©,,12-07-2025 01:34 PM,12-07-2025 01:34 PM,2607,Simon BÈgin <67952005.bxtw>,Simon BÈgin <67952005.bxtw>
70131,Frontenac / Qu√©villon,H-C,Actif,Aucun visuel affich√©,,12-07-2025 01:34 PM,12-07-2025 01:34 PM,2608,Simon BÈgin <67952005.bxtw>,Simon BÈgin <67952005.bxtw>
70133,Sainte-Anne / Jobin,H-C,Actif,Aucun visuel affich√©,,12-07-2025 01:34 PM,12-07-2025 01:34 PM,2609,Simon BÈgin <67952005.bxtw>,Simon BÈgin <67952005.bxtw>
70134,Ren√©-Gaultier / De La V√©rendrye,H-C,Actif,Aucun visuel affich√©,,12-07-2025 01:34 PM,12-07-2025 01:34 PM,2610,Simon BÈgin <67952005.bxtw>,Simon BÈgin <67952005.bxtw>
70135,Ren√©-Gaultier / De La V√©rendrye,H-C,Actif,Aucun visuel affich√©,,12-07-2025 01:34 PM,12-07-2025 01:34 PM,2611,Simon BÈgin <67952005.bxtw>,Simon BÈgin <67952005.bxtw>
70136,Ren√©-Gaultier / Marie-Ren√©e,H-C,Actif,Aucun visuel affich√©,,12-07-2025 01:34 PM,12-07-2025 01:34 PM,2612,Simon BÈgin <67952005.bxtw>,Simon BÈgin <67952005.bxtw>
70137,Ren√©-Gaultier / Marie-Ren√©e,H-C,Actif,Aucun visuel affich√©,,12-07-2025 01:34 PM,12-07-2025 01:34 PM,2613,Simon BÈgin <67952005.bxtw>,Simon BÈgin <67952005.bxtw>
70139,Sainte-Anne / Rioux,H-C,Actif,Aucun visuel affich√©,,12-07-2025 01:34 PM,12-07-2025 01:34 PM,2614,Simon BÈgin <67952005.bxtw>,Simon BÈgin <67952005.bxtw>
70140,Ren√©-Gaultier / Louis-Berlinguet,H-C,Actif,Aucun visuel affich√©,,12-07-2025 01:34 PM,12-07-2025 01:34 PM,2615,Simon BÈgin <67952005.bxtw>,Simon BÈgin <67952005.bxtw>
70141,Ren√©-Gaultier / Louis-Berlinguet,H-C,Actif,Aucun visuel affich√©,,12-07-2025 01:34 PM,12-07-2025 01:34 PM,2616,Simon BÈgin <67952005.bxtw>,Simon BÈgin <67952005.bxtw>
70143,Michel-Messier / devant le Parc Ki-Ri,H-C,Actif,Aucun visuel affich√©,,12-07-2025 01:34 PM,12-07-2025 01:34 PM,2617,Simon BÈgin <67952005.bxtw>,Simon BÈgin <67952005.bxtw>
70145,Sainte-Anne / Michel-Messier,H-C,Actif,Aucun visuel affich√©,,12-07-2025 01:34 PM,12-07-2025 01:34 PM,2618,Simon BÈgin <67952005.bxtw>,Simon BÈgin <67952005.bxtw>
70148,Marie-Victorin / Mont√©e de Picardie,H-C,Actif,Aucun visuel affich√©,,12-07-2025 01:34 PM,12-07-2025 01:34 PM,2619,Simon BÈgin <67952005.bxtw>,Simon BÈgin <67952005.bxtw>
70149,Marie-Victorin / Sainte-Anne,H-C,Actif,Aucun visuel affich√©,,12-07-2025 01:34 PM,12-07-2025 01:34 PM,2620,Simon BÈgin <67952005.bxtw>,Simon BÈgin <67952005.bxtw>
70150,Marie-Victorin / devant le 2801,H-C,Actif,Aucun visuel affich√©,,12-07-2025 01:34 PM,12-07-2025 01:34 PM,2621,Simon BÈgin <67952005.bxtw>,Simon BÈgin <67952005.bxtw>
70151,Marie-Victorin / face au 2801,H-C,Actif,Aucun visuel affich√©,,12-07-2025 01:34 PM,12-07-2025 01:34 PM,2622,Simon BÈgin <67952005.bxtw>,Simon BÈgin <67952005.bxtw>
70155,Tellier / face √† SAQ,H-C,Actif,Aucun visuel affich√©,,12-07-2025 01:34 PM,12-07-2025 01:34 PM,2623,Simon BÈgin <67952005.bxtw>,Simon BÈgin <67952005.bxtw>
70156,A25 / Sherbrooke,H-C,Actif,Aucun visuel affich√©,,12-07-2025 01:34 PM,12-07-2025 01:34 PM,2624,Simon BÈgin <67952005.bxtw>,Simon BÈgin <67952005.bxtw>
70162,Marie-Victorin / devant le 3405 (Kemira),H-C,Actif,Aucun visuel affich√©,,12-07-2025 01:34 PM,12-07-2025 01:34 PM,2625,Simon BÈgin <67952005.bxtw>,Simon BÈgin <67952005.bxtw>
70163,Marie-Victorin / face au 3390 (face √† Kemira),H-C,Actif,Aucun visuel affich√©,,12-07-2025 01:34 PM,12-07-2025 01:34 PM,2626,Simon BÈgin <67952005.bxtw>,Simon BÈgin <67952005.bxtw>
70182,Marie-Victorin / Mont√©e de la Baronnie,H-C,Actif,Aucun visuel affich√©,,12-07-2025 01:34 PM,12-07-2025 01:34 PM,2627,Simon BÈgin <67952005.bxtw>,Simon BÈgin <67952005.bxtw>
70183,Marie-Victorin / Mont√©e de la Baronnie,H-C,Actif,Aucun visuel affich√©,,12-07-2025 01:34 PM,12-07-2025 01:34 PM,2628,Simon BÈgin <67952005.bxtw>,Simon BÈgin <67952005.bxtw>
70184,Route 132 / devant SC. Johnson & Dupont,H-C,Actif,Aucun visuel affich√©,,12-07-2025 01:34 PM,12-07-2025 01:34 PM,2629,Simon BÈgin <67952005.bxtw>,Simon BÈgin <67952005.bxtw>
70185,Route 132 / face √† SC. Johnson & Dupont,H-C,Actif,Aucun visuel affich√©,,12-07-2025 01:34 PM,12-07-2025 01:34 PM,2630,Simon BÈgin <67952005.bxtw>,Simon BÈgin <67952005.bxtw>
70186,Route 132 / devant Greenfield Global,H-C,Actif,Aucun visuel affich√©,,12-07-2025 01:34 PM,12-07-2025 01:34 PM,2631,Simon BÈgin <67952005.bxtw>,Simon BÈgin <67952005.bxtw>
70187,Route 132 / devant SEMECS,H-C,Actif,Aucun visuel affich√©,,12-07-2025 01:34 PM,12-07-2025 01:34 PM,2632,Simon BÈgin <67952005.bxtw>,Simon BÈgin <67952005.bxtw>
70188,Route 132 / devant le 2950,H-C,Actif,Aucun visuel affich√©,,12-07-2025 01:34 PM,12-07-2025 01:34 PM,2633,Simon BÈgin <67952005.bxtw>,Simon BÈgin <67952005.bxtw>
70189,Route 132 / face au 2950,H-C,Actif,Aucun visuel affich√©,,12-07-2025 01:34 PM,12-07-2025 01:34 PM,2634,Simon BÈgin <67952005.bxtw>,Simon BÈgin <67952005.bxtw>
70190,Route 132 / devant Grantech,H-C,Actif,Aucun visuel affich√©,,12-07-2025 01:34 PM,12-07-2025 01:34 PM,2635,Simon BÈgin <67952005.bxtw>,Simon BÈgin <67952005.bxtw>
70191,Route 132 / devant Bourgeois,H-C,Actif,Aucun visuel affich√©,,12-07-2025 01:34 PM,12-07-2025 01:34 PM,2636,Simon BÈgin <67952005.bxtw>,Simon BÈgin <67952005.bxtw>
70219,Principale / devant le 147,H-C,Actif,Aucun visuel affich√©,,12-07-2025 01:34 PM,12-07-2025 01:34 PM,2637,Simon BÈgin <67952005.bxtw>,Simon BÈgin <67952005.bxtw>
70220,Principale / devant le 154,H-C,Actif,Aucun visuel affich√©,,12-07-2025 01:34 PM,12-07-2025 01:34 PM,2638,Simon BÈgin <67952005.bxtw>,Simon BÈgin <67952005.bxtw>
70221,Auger / Principale,H-C,Actif,Aucun visuel affich√©,,12-07-2025 01:34 PM,12-07-2025 01:34 PM,2639,Simon BÈgin <67952005.bxtw>,Simon BÈgin <67952005.bxtw>
70223,Principale / Auger,H-C,Actif,Aucun visuel affich√©,,12-07-2025 01:34 PM,12-07-2025 01:34 PM,2640,Simon BÈgin <67952005.bxtw>,Simon BÈgin <67952005.bxtw>
70224,Principale / Auger,H-C,Actif,Aucun visuel affich√©,,12-07-2025 01:34 PM,12-07-2025 01:34 PM,2641,Simon BÈgin <67952005.bxtw>,Simon BÈgin <67952005.bxtw>
70225,Auger / Charlebois,H-C,Actif,Aucun visuel affich√©,,12-07-2025 01:34 PM,12-07-2025 01:34 PM,2642,Simon BÈgin <67952005.bxtw>,Simon BÈgin <67952005.bxtw>
70226,Auger / Charlebois,H-C,Actif,Aucun visuel affich√©,,12-07-2025 01:34 PM,12-07-2025 01:34 PM,2643,Simon BÈgin <67952005.bxtw>,Simon BÈgin <67952005.bxtw>
70227,Auger / Thomas,H-C,Actif,Aucun visuel affich√©,,12-07-2025 01:34 PM,12-07-2025 01:34 PM,2644,Simon BÈgin <67952005.bxtw>,Simon BÈgin <67952005.bxtw>
70228,Thomas / Auger,H-C,Actif,Aucun visuel affich√©,,12-07-2025 01:34 PM,12-07-2025 01:34 PM,2645,Simon BÈgin <67952005.bxtw>,Simon BÈgin <67952005.bxtw>
70229,Thomas / Alfred,H-C,Actif,Aucun visuel affich√©,,12-07-2025 01:34 PM,12-07-2025 01:34 PM,2646,Simon BÈgin <67952005.bxtw>,Simon BÈgin <67952005.bxtw>
70230,Thomas / Alfred,H-C,Actif,Aucun visuel affich√©,,12-07-2025 01:34 PM,12-07-2025 01:34 PM,2647,Simon BÈgin <67952005.bxtw>,Simon BÈgin <67952005.bxtw>
70231,Auger / Principale,H-C,Actif,Aucun visuel affich√©,,12-07-2025 01:34 PM,12-07-2025 01:34 PM,2648,Simon BÈgin <67952005.bxtw>,Simon BÈgin <67952005.bxtw>
70232,Daniel / Principale,H-C,Actif,Aucun visuel affich√©,,12-07-2025 01:34 PM,12-07-2025 01:34 PM,2649,Simon BÈgin <67952005.bxtw>,Simon BÈgin <67952005.bxtw>
70233,de l'√âglise / Raymond,H-C,Actif,Aucun visuel affich√©,,12-07-2025 01:34 PM,12-07-2025 01:34 PM,2650,Simon BÈgin <67952005.bxtw>,Simon BÈgin <67952005.bxtw>
70234,de l'√âglise / Raymond,H-C,Actif,Aucun visuel affich√©,,12-07-2025 01:34 PM,12-07-2025 01:34 PM,2651,Simon BÈgin <67952005.bxtw>,Simon BÈgin <67952005.bxtw>
70236,du Cardinal / face au 229,H-C,Actif,Aucun visuel affich√©,,12-07-2025 01:34 PM,12-07-2025 01:34 PM,2652,Simon BÈgin <67952005.bxtw>,Simon BÈgin <67952005.bxtw>
70237,Thomas / Drapeau,H-C,Actif,Aucun visuel affich√©,,12-07-2025 01:34 PM,12-07-2025 01:34 PM,2653,Simon BÈgin <67952005.bxtw>,Simon BÈgin <67952005.bxtw>
70238,Thomas / Drapeau,H-C,Actif,Aucun visuel affich√©,,12-07-2025 01:34 PM,12-07-2025 01:34 PM,2654,Simon BÈgin <67952005.bxtw>,Simon BÈgin <67952005.bxtw>
70239,Thomas / Dulude,H-C,Actif,Aucun visuel affich√©,,12-07-2025 01:34 PM,12-07-2025 01:34 PM,2655,Simon BÈgin <67952005.bxtw>,Simon BÈgin <67952005.bxtw>
70240,Dulude / Thomas,H-C,Actif,Aucun visuel affich√©,,12-07-2025 01:34 PM,12-07-2025 01:34 PM,2656,Simon BÈgin <67952005.bxtw>,Simon BÈgin <67952005.bxtw>
70241,Principale / des Iris,H-C,Actif,Aucun visuel affich√©,,12-07-2025 01:34 PM,12-07-2025 01:34 PM,2657,Simon BÈgin <67952005.bxtw>,Simon BÈgin <67952005.bxtw>
70242,Principale / des Iris,H-C,Actif,Aucun visuel affich√©,,12-07-2025 01:34 PM,12-07-2025 01:34 PM,2658,Simon BÈgin <67952005.bxtw>,Simon BÈgin <67952005.bxtw>
70243,Principale / Guy,H-C,Actif,Aucun visuel affich√©,,12-07-2025 01:34 PM,12-07-2025 01:34 PM,2659,Simon BÈgin <67952005.bxtw>,Simon BÈgin <67952005.bxtw>
70244,Principale / Guy,H-C,Actif,Aucun visuel affich√©,,12-07-2025 01:34 PM,12-07-2025 01:34 PM,2660,Simon BÈgin <67952005.bxtw>,Simon BÈgin <67952005.bxtw>
70245,Saint-Joseph / de l'√âglise Nord,H-C,Actif,Aucun visuel affich√©,,12-07-2025 01:34 PM,12-07-2025 01:34 PM,2661,Simon BÈgin <67952005.bxtw>,Simon BÈgin <67952005.bxtw>
70246,de l'√âglise Nord / Saint-Joseph,H-C,Actif,Aucun visuel affich√©,,12-07-2025 01:34 PM,12-07-2025 01:34 PM,2662,Simon BÈgin <67952005.bxtw>,Simon BÈgin <67952005.bxtw>
70247,de l'√âglise Nord / Robert,H-C,Actif,Aucun visuel affich√©,,12-07-2025 01:34 PM,12-07-2025 01:34 PM,2663,Simon BÈgin <67952005.bxtw>,Simon BÈgin <67952005.bxtw>
70248,de l'√âglise Nord / Robert,H-C,Actif,Aucun visuel affich√©,,12-07-2025 01:34 PM,12-07-2025 01:34 PM,2664,Simon BÈgin <67952005.bxtw>,Simon BÈgin <67952005.bxtw>
70249,de l'√âglise Nord / Eug√©ne,H-C,Actif,Aucun visuel affich√©,,12-07-2025 01:34 PM,12-07-2025 01:34 PM,2665,Simon BÈgin <67952005.bxtw>,Simon BÈgin <67952005.bxtw>
70250,de l'√âglise Nord / Eug√©ne,H-C,Actif,Aucun visuel affich√©,,12-07-2025 01:34 PM,12-07-2025 01:34 PM,2666,Simon BÈgin <67952005.bxtw>,Simon BÈgin <67952005.bxtw>
70252,Jeannine / Principale,H-C,Actif,Aucun visuel affich√©,,12-07-2025 01:34 PM,12-07-2025 01:34 PM,2667,Simon BÈgin <67952005.bxtw>,Simon BÈgin <67952005.bxtw>
70254,Katy / Pascal,H-C,Actif,Aucun visuel affich√©,,12-07-2025 01:34 PM,12-07-2025 01:34 PM,2668,Simon BÈgin <67952005.bxtw>,Simon BÈgin <67952005.bxtw>
70255,Principale / Joliette Nord,H-C,Actif,Aucun visuel affich√©,,12-07-2025 01:34 PM,12-07-2025 01:34 PM,2669,Simon BÈgin <67952005.bxtw>,Simon BÈgin <67952005.bxtw>
70256,Principale / Joliette Sud,H-C,Actif,Aucun visuel affich√©,,12-07-2025 01:34 PM,12-07-2025 01:34 PM,2670,Simon BÈgin <67952005.bxtw>,Simon BÈgin <67952005.bxtw>
70257,du Cardinal / devant le 229,H-C,Actif,Aucun visuel affich√©,,12-07-2025 01:34 PM,12-07-2025 01:34 PM,2671,Simon BÈgin <67952005.bxtw>,Simon BÈgin <67952005.bxtw>
70259,Principale / Herv√© Nord,H-C,Actif,Aucun visuel affich√©,,12-07-2025 01:34 PM,12-07-2025 01:34 PM,2672,Simon BÈgin <67952005.bxtw>,Simon BÈgin <67952005.bxtw>
70260,Principale / Herv√© Sud,H-C,Actif,Aucun visuel affich√©,,12-07-2025 01:34 PM,12-07-2025 01:34 PM,2673,Simon BÈgin <67952005.bxtw>,Simon BÈgin <67952005.bxtw>
70261,Principale / Pag√©,H-C,Actif,Aucun visuel affich√©,,12-07-2025 01:34 PM,12-07-2025 01:34 PM,2674,Simon BÈgin <67952005.bxtw>,Simon BÈgin <67952005.bxtw>
70262,Principale / Pag√©,H-C,Actif,Aucun visuel affich√©,,12-07-2025 01:34 PM,12-07-2025 01:34 PM,2675,Simon BÈgin <67952005.bxtw>,Simon BÈgin <67952005.bxtw>
70263,Principale / √âmile,H-C,Actif,Aucun visuel affich√©,,12-07-2025 01:34 PM,12-07-2025 01:34 PM,2676,Simon BÈgin <67952005.bxtw>,Simon BÈgin <67952005.bxtw>
70264,Principale / √âmile,H-C,Actif,Aucun visuel affich√©,,12-07-2025 01:34 PM,12-07-2025 01:34 PM,2677,Simon BÈgin <67952005.bxtw>,Simon BÈgin <67952005.bxtw>
70265,Principale / √âthel,H-C,Actif,Aucun visuel affich√©,,12-07-2025 01:34 PM,12-07-2025 01:34 PM,2678,Simon BÈgin <67952005.bxtw>,Simon BÈgin <67952005.bxtw>
70266,Principale / Edmond,H-C,Actif,Aucun visuel affich√©,,12-07-2025 01:34 PM,12-07-2025 01:34 PM,2679,Simon BÈgin <67952005.bxtw>,Simon BÈgin <67952005.bxtw>
70267,Principale / de l'√âglise Nord,H-C,Actif,Aucun visuel affich√©,,12-07-2025 01:34 PM,12-07-2025 01:34 PM,2680,Simon BÈgin <67952005.bxtw>,Simon BÈgin <67952005.bxtw>
70268,Principale / de l'√âglise Sud,H-C,Actif,Aucun visuel affich√©,,12-07-2025 01:34 PM,12-07-2025 01:34 PM,2681,Simon BÈgin <67952005.bxtw>,Simon BÈgin <67952005.bxtw>
70269,Principale / Daniel Nord,H-C,Actif,Aucun visuel affich√©,,12-07-2025 01:34 PM,12-07-2025 01:34 PM,2682,Simon BÈgin <67952005.bxtw>,Simon BÈgin <67952005.bxtw>
70270,Principale / Daniel Sud,H-C,Actif,Aucun visuel affich√©,,12-07-2025 01:34 PM,12-07-2025 01:34 PM,2683,Simon BÈgin <67952005.bxtw>,Simon BÈgin <67952005.bxtw>
70271,Daniel Sud / de Normandie,H-C,Actif,Aucun visuel affich√©,,12-07-2025 01:34 PM,12-07-2025 01:34 PM,2684,Simon BÈgin <67952005.bxtw>,Simon BÈgin <67952005.bxtw>
70272,de Normandie / Daniel Sud,H-C,Actif,Aucun visuel affich√©,,12-07-2025 01:34 PM,12-07-2025 01:34 PM,2685,Simon BÈgin <67952005.bxtw>,Simon BÈgin <67952005.bxtw>
70273,Dominique / Daunais,H-C,Actif,Aucun visuel affich√©,,12-07-2025 01:34 PM,12-07-2025 01:34 PM,2686,Simon BÈgin <67952005.bxtw>,Simon BÈgin <67952005.bxtw>
70274,Dominique / Daunais,H-C,Actif,Aucun visuel affich√©,,12-07-2025 01:34 PM,12-07-2025 01:34 PM,2687,Simon BÈgin <67952005.bxtw>,Simon BÈgin <67952005.bxtw>
70275,Dominique / du M√©l√®ze,H-C,Actif,Aucun visuel affich√©,,12-07-2025 01:34 PM,12-07-2025 01:34 PM,2688,Simon BÈgin <67952005.bxtw>,Simon BÈgin <67952005.bxtw>
70276,du M√©l√®ze / Dominique,H-C,Actif,Aucun visuel affich√©,,12-07-2025 01:34 PM,12-07-2025 01:34 PM,2689,Simon BÈgin <67952005.bxtw>,Simon BÈgin <67952005.bxtw>
70277,McDuff / des Ch√™nes,H-C,Actif,Aucun visuel affich√©,,12-07-2025 01:34 PM,12-07-2025 01:34 PM,2690,Simon BÈgin <67952005.bxtw>,Simon BÈgin <67952005.bxtw>
70278,des Ch√™nes / McDuff,H-C,Actif,Aucun visuel affich√©,,12-07-2025 01:34 PM,12-07-2025 01:34 PM,2691,Simon BÈgin <67952005.bxtw>,Simon BÈgin <67952005.bxtw>
70279,des Ch√™nes / du Marronnier,H-C,Actif,Aucun visuel affich√©,,12-07-2025 01:34 PM,12-07-2025 01:34 PM,2692,Simon BÈgin <67952005.bxtw>,Simon BÈgin <67952005.bxtw>
70280,du Marronnier / des Ch√™nes,H-C,Actif,Aucun visuel affich√©,,12-07-2025 01:34 PM,12-07-2025 01:34 PM,2693,Simon BÈgin <67952005.bxtw>,Simon BÈgin <67952005.bxtw>
70281,Principale / David Nord,H-C,Actif,Aucun visuel affich√©,,12-07-2025 01:34 PM,12-07-2025 01:34 PM,2694,Simon BÈgin <67952005.bxtw>,Simon BÈgin <67952005.bxtw>
70282,Principale / David Sud,H-C,Actif,Aucun visuel affich√©,,12-07-2025 01:34 PM,12-07-2025 01:34 PM,2695,Simon BÈgin <67952005.bxtw>,Simon BÈgin <67952005.bxtw>
70283,Principale / Bourgeois Nord,H-C,Actif,Aucun visuel affich√©,,12-07-2025 01:34 PM,12-07-2025 01:34 PM,2696,Simon BÈgin <67952005.bxtw>,Simon BÈgin <67952005.bxtw>
70284,Principale / du Cardinal,H-C,Actif,Aucun visuel affich√©,,12-07-2025 01:34 PM,12-07-2025 01:34 PM,2697,Simon BÈgin <67952005.bxtw>,Simon BÈgin <67952005.bxtw>
70285,du Cardinal / Ouellette,H-C,Actif,Aucun visuel affich√©,,12-07-2025 01:34 PM,12-07-2025 01:34 PM,2698,Simon BÈgin <67952005.bxtw>,Simon BÈgin <67952005.bxtw>
70286,du Cardinal / Ouellette,H-C,Actif,Aucun visuel affich√©,,12-07-2025 01:34 PM,12-07-2025 01:34 PM,2699,Simon BÈgin <67952005.bxtw>,Simon BÈgin <67952005.bxtw>
70287,du Cardinal / des Martinets,H-C,Actif,Aucun visuel affich√©,,12-07-2025 01:34 PM,12-07-2025 01:34 PM,2700,Simon BÈgin <67952005.bxtw>,Simon BÈgin <67952005.bxtw>
70288,des Martinets / du Cardinal,H-C,Actif,Aucun visuel affich√©,,12-07-2025 01:34 PM,12-07-2025 01:34 PM,2701,Simon BÈgin <67952005.bxtw>,Simon BÈgin <67952005.bxtw>
70289,des Martinets / du Bois-Joli,H-C,Actif,Aucun visuel affich√©,,12-07-2025 01:34 PM,12-07-2025 01:34 PM,2702,Simon BÈgin <67952005.bxtw>,Simon BÈgin <67952005.bxtw>
70290,du Bois-Joli / des Martinets,H-C,Actif,Aucun visuel affich√©,,12-07-2025 01:34 PM,12-07-2025 01:34 PM,2703,Simon BÈgin <67952005.bxtw>,Simon BÈgin <67952005.bxtw>
70291,du Begonia / Monseigneur-Coderre,H-C,Actif,Aucun visuel affich√©,,12-07-2025 01:34 PM,12-07-2025 01:34 PM,2704,Simon BÈgin <67952005.bxtw>,Simon BÈgin <67952005.bxtw>
70292,Monseigneur-Coderre / du Begonia,H-C,Actif,Aucun visuel affich√©,,12-07-2025 01:34 PM,12-07-2025 01:34 PM,2705,Simon BÈgin <67952005.bxtw>,Simon BÈgin <67952005.bxtw>
70293,Ouellette / Brion,H-C,Actif,Aucun visuel affich√©,,12-07-2025 01:34 PM,12-07-2025 01:34 PM,2706,Simon BÈgin <67952005.bxtw>,Simon BÈgin <67952005.bxtw>
70294,Brion / Ouellette,H-C,Actif,Aucun visuel affich√©,,12-07-2025 01:34 PM,12-07-2025 01:34 PM,2707,Simon BÈgin <67952005.bxtw>,Simon BÈgin <67952005.bxtw>
70295,Principale / Brion,H-C,Actif,Aucun visuel affich√©,,12-07-2025 01:34 PM,12-07-2025 01:34 PM,2708,Simon BÈgin <67952005.bxtw>,Simon BÈgin <67952005.bxtw>
70296,Principale / Brion,H-C,Actif,Aucun visuel affich√©,,12-07-2025 01:34 PM,12-07-2025 01:34 PM,2709,Simon BÈgin <67952005.bxtw>,Simon BÈgin <67952005.bxtw>
70297,Principale / R√©mi,H-C,Actif,Aucun visuel affich√©,,12-07-2025 01:34 PM,12-07-2025 01:34 PM,2710,Simon BÈgin <67952005.bxtw>,Simon BÈgin <67952005.bxtw>
70298,Principale / Aim√©,H-C,Actif,Aucun visuel affich√©,,12-07-2025 01:34 PM,12-07-2025 01:34 PM,2711,Simon BÈgin <67952005.bxtw>,Simon BÈgin <67952005.bxtw>
70299,Principale / Coursol,H-C,Actif,Aucun visuel affich√©,,12-07-2025 01:34 PM,12-07-2025 01:34 PM,2712,Simon BÈgin <67952005.bxtw>,Simon BÈgin <67952005.bxtw>
70300,Principale / Coursol,H-C,Actif,Aucun visuel affich√©,,12-07-2025 01:34 PM,12-07-2025 01:34 PM,2713,Simon BÈgin <67952005.bxtw>,Simon BÈgin <67952005.bxtw>
70301,du Bois-Joli / des Marguerites,H-C,Actif,Aucun visuel affich√©,,12-07-2025 01:34 PM,12-07-2025 01:34 PM,2714,Simon BÈgin <67952005.bxtw>,Simon BÈgin <67952005.bxtw>
70302,des Marguerites / du Bois-Joli,H-C,Actif,Aucun visuel affich√©,,12-07-2025 01:34 PM,12-07-2025 01:34 PM,2715,Simon BÈgin <67952005.bxtw>,Simon BÈgin <67952005.bxtw>
70303,McDuff / Daniel Sud,H-C,Actif,Aucun visuel affich√©,,12-07-2025 01:34 PM,12-07-2025 01:34 PM,2716,Simon BÈgin <67952005.bxtw>,Simon BÈgin <67952005.bxtw>
70304,McDuff / Daniel Sud,H-C,Actif,Aucun visuel affich√©,,12-07-2025 01:34 PM,12-07-2025 01:34 PM,2717,Simon BÈgin <67952005.bxtw>,Simon BÈgin <67952005.bxtw>
70305,du Cardinal / des M√©sanges,H-C,Actif,Aucun visuel affich√©,,12-07-2025 01:34 PM,12-07-2025 01:34 PM,2718,Simon BÈgin <67952005.bxtw>,Simon BÈgin <67952005.bxtw>
70306,du Cardinal / des M√©sanges,H-C,Actif,Aucun visuel affich√©,,12-07-2025 01:34 PM,12-07-2025 01:34 PM,2719,Simon BÈgin <67952005.bxtw>,Simon BÈgin <67952005.bxtw>
70307,Monseigneur-Coderre / Alain,H-C,Actif,Aucun visuel affich√©,,12-07-2025 01:34 PM,12-07-2025 01:34 PM,2720,Simon BÈgin <67952005.bxtw>,Simon BÈgin <67952005.bxtw>
70308,Alain / Monseigneur-Coderre,H-C,Actif,Aucun visuel affich√©,,12-07-2025 01:34 PM,12-07-2025 01:34 PM,2721,Simon BÈgin <67952005.bxtw>,Simon BÈgin <67952005.bxtw>
70309,Alain / Ouellette,H-C,Actif,Aucun visuel affich√©,,12-07-2025 01:34 PM,12-07-2025 01:34 PM,2722,Simon BÈgin <67952005.bxtw>,Simon BÈgin <67952005.bxtw>
70310,Ouellette / Alain,H-C,Actif,Aucun visuel affich√©,,12-07-2025 01:34 PM,12-07-2025 01:34 PM,2723,Simon BÈgin <67952005.bxtw>,Simon BÈgin <67952005.bxtw>
70311,Brion / Principale,H-C,Actif,Aucun visuel affich√©,,12-07-2025 01:34 PM,12-07-2025 01:34 PM,2724,Simon BÈgin <67952005.bxtw>,Simon BÈgin <67952005.bxtw>
70312,Daniel Sud / devant le Pavillon Multifonctionnel,H-C,Actif,Aucun visuel affich√©,,12-07-2025 01:34 PM,12-07-2025 01:34 PM,2725,Simon BÈgin <67952005.bxtw>,Simon BÈgin <67952005.bxtw>
70313,des Martinets / Monseigneur-Coderre,H-C,Actif,Aucun visuel affich√©,,12-07-2025 01:34 PM,12-07-2025 01:34 PM,2726,Simon BÈgin <67952005.bxtw>,Simon BÈgin <67952005.bxtw>
70314,des Martinets / Monseigneur-Coderre,H-C,Actif,Aucun visuel affich√©,,12-07-2025 01:34 PM,12-07-2025 01:34 PM,2727,Simon BÈgin <67952005.bxtw>,Simon BÈgin <67952005.bxtw>
70315,du Marronnier / David Sud,H-C,Actif,Aucun visuel affich√©,,12-07-2025 01:34 PM,12-07-2025 01:34 PM,2728,Simon BÈgin <67952005.bxtw>,Simon BÈgin <67952005.bxtw>
70316,David Sud / du Marronnier,H-C,Actif,Aucun visuel affich√©,,12-07-2025 01:34 PM,12-07-2025 01:34 PM,2729,Simon BÈgin <67952005.bxtw>,Simon BÈgin <67952005.bxtw>
70317,David Sud / Dolor√®s,H-C,Actif,Aucun visuel affich√©,,12-07-2025 01:34 PM,12-07-2025 01:34 PM,2730,Simon BÈgin <67952005.bxtw>,Simon BÈgin <67952005.bxtw>
70318,David Sud / Dolor√®s,H-C,Actif,Aucun visuel affich√©,,12-07-2025 01:34 PM,12-07-2025 01:34 PM,2731,Simon BÈgin <67952005.bxtw>,Simon BÈgin <67952005.bxtw>
70319,Principale / Beno√Æt,H-C,Actif,Aucun visuel affich√©,,12-07-2025 01:34 PM,12-07-2025 01:34 PM,2732,Simon BÈgin <67952005.bxtw>,Simon BÈgin <67952005.bxtw>
70320,Principale / Beno√Æt,H-C,Actif,Aucun visuel affich√©,,12-07-2025 01:34 PM,12-07-2025 01:34 PM,2733,Simon BÈgin <67952005.bxtw>,Simon BÈgin <67952005.bxtw>
70321,Brion / Omer,H-C,Actif,Aucun visuel affich√©,,12-07-2025 01:34 PM,12-07-2025 01:34 PM,2734,Simon BÈgin <67952005.bxtw>,Simon BÈgin <67952005.bxtw>
70322,Brion / Omer,H-C,Actif,Aucun visuel affich√©,,12-07-2025 01:34 PM,12-07-2025 01:34 PM,2735,Simon BÈgin <67952005.bxtw>,Simon BÈgin <67952005.bxtw>
70323,Principale / devant le 1531,H-C,Actif,Aucun visuel affich√©,,12-07-2025 01:34 PM,12-07-2025 01:34 PM,2736,Simon BÈgin <67952005.bxtw>,Simon BÈgin <67952005.bxtw>
70324,Principale / devant le 1530,H-C,Actif,Aucun visuel affich√©,,12-07-2025 01:34 PM,12-07-2025 01:34 PM,2737,Simon BÈgin <67952005.bxtw>,Simon BÈgin <67952005.bxtw>
70325,Monseigneur-Coderre / Ancolie,H-C,Actif,Aucun visuel affich√©,,12-07-2025 01:34 PM,12-07-2025 01:34 PM,2738,Simon BÈgin <67952005.bxtw>,Simon BÈgin <67952005.bxtw>
70326,Monseigneur-Coderre / Ancolie,H-C,Actif,Aucun visuel affich√©,,12-07-2025 01:34 PM,12-07-2025 01:34 PM,2739,Simon BÈgin <67952005.bxtw>,Simon BÈgin <67952005.bxtw>
70334,Marie-Victorin / Jean-XXIII,H-C,Actif,Aucun visuel affich√©,,12-07-2025 01:34 PM,12-07-2025 01:34 PM,2740,Simon BÈgin <67952005.bxtw>,Simon BÈgin <67952005.bxtw>
70335,Marie-Victorin / Jean-XXIII,H-C,Actif,Aucun visuel affich√©,,12-07-2025 01:34 PM,12-07-2025 01:34 PM,2741,Simon BÈgin <67952005.bxtw>,Simon BÈgin <67952005.bxtw>
70336,Marie-Victorin / devant le 310,H-C,Actif,Aucun visuel affich√©,,12-07-2025 01:34 PM,12-07-2025 01:34 PM,2742,Simon BÈgin <67952005.bxtw>,Simon BÈgin <67952005.bxtw>
70337,Marie-Victorin / Fontaine,H-C,Actif,Aucun visuel affich√©,,12-07-2025 01:34 PM,12-07-2025 01:34 PM,2743,Simon BÈgin <67952005.bxtw>,Simon BÈgin <67952005.bxtw>
70338,Marie-Victorin / Laurier,H-C,Actif,Aucun visuel affich√©,,12-07-2025 01:34 PM,12-07-2025 01:34 PM,2744,Simon BÈgin <67952005.bxtw>,Simon BÈgin <67952005.bxtw>
70339,Marie-Victorin / Laurier,H-C,Actif,Aucun visuel affich√©,,12-07-2025 01:34 PM,12-07-2025 01:34 PM,2745,Simon BÈgin <67952005.bxtw>,Simon BÈgin <67952005.bxtw>
70340,Marie-Victorin / devant le 438,H-C,Actif,Aucun visuel affich√©,,12-07-2025 01:34 PM,12-07-2025 01:34 PM,2746,Simon BÈgin <67952005.bxtw>,Simon BÈgin <67952005.bxtw>
70341,Marie-Victorin / devant le 445,H-C,Actif,Aucun visuel affich√©,,12-07-2025 01:34 PM,12-07-2025 01:34 PM,2747,Simon BÈgin <67952005.bxtw>,Simon BÈgin <67952005.bxtw>
70342,Marie-Victorin / Saint-Alexandre,H-C,Actif,Aucun visuel affich√©,,12-07-2025 01:34 PM,12-07-2025 01:34 PM,2748,Simon BÈgin <67952005.bxtw>,Simon BÈgin <67952005.bxtw>
70343,Marie-Victorin / Saint-Alexandre,H-C,Actif,Aucun visuel affich√©,,12-07-2025 01:34 PM,12-07-2025 01:34 PM,2749,Simon BÈgin <67952005.bxtw>,Simon BÈgin <67952005.bxtw>
70344,Marie-Victorin / Henri-Lapierre,H-C,Actif,Aucun visuel affich√©,,12-07-2025 01:34 PM,12-07-2025 01:34 PM,2750,Simon BÈgin <67952005.bxtw>,Simon BÈgin <67952005.bxtw>
70345,Marie-Victorin / Henri-Lapierre,H-C,Actif,Aucun visuel affich√©,,12-07-2025 01:34 PM,12-07-2025 01:34 PM,2751,Simon BÈgin <67952005.bxtw>,Simon BÈgin <67952005.bxtw>
70346,Marie-Victorin / Bissonnette,H-C,Actif,Aucun visuel affich√©,,12-07-2025 01:34 PM,12-07-2025 01:34 PM,2752,Simon BÈgin <67952005.bxtw>,Simon BÈgin <67952005.bxtw>
70347,Marie-Victorin / Sainte-Famille,H-C,Actif,Aucun visuel affich√©,,12-07-2025 01:34 PM,12-07-2025 01:34 PM,2753,Simon BÈgin <67952005.bxtw>,Simon BÈgin <67952005.bxtw>
70348,Marie-Victorin / Pierre-Boisseau,H-C,Actif,Aucun visuel affich√©,,12-07-2025 01:34 PM,12-07-2025 01:34 PM,2754,Simon BÈgin <67952005.bxtw>,Simon BÈgin <67952005.bxtw>
70349,Marie-Victorin / Pierre-Boisseau,H-C,Actif,Aucun visuel affich√©,,12-07-2025 01:34 PM,12-07-2025 01:34 PM,2755,Simon BÈgin <67952005.bxtw>,Simon BÈgin <67952005.bxtw>
70376,Marie-Victorin / devant le 1156,H-C,Actif,Aucun visuel affich√©,,12-07-2025 01:34 PM,12-07-2025 01:34 PM,2756,Simon BÈgin <67952005.bxtw>,Simon BÈgin <67952005.bxtw>
70377,Marie-Victorin / devant le 1155,H-C,Actif,Aucun visuel affich√©,,12-07-2025 01:34 PM,12-07-2025 01:34 PM,2757,Simon BÈgin <67952005.bxtw>,Simon BÈgin <67952005.bxtw>
70400,Cartier / Bernard-Pilon,H-C,Actif,Aucun visuel affich√©,,12-07-2025 01:34 PM,12-07-2025 01:34 PM,2758,Simon BÈgin <67952005.bxtw>,Simon BÈgin <67952005.bxtw>
70401,Allard / Malo,H-C,Actif,Aucun visuel affich√©,,12-07-2025 01:34 PM,12-07-2025 01:34 PM,2759,Simon BÈgin <67952005.bxtw>,Simon BÈgin <67952005.bxtw>
70402,Allard / Malo,H-C,Actif,Aucun visuel affich√©,,12-07-2025 01:34 PM,12-07-2025 01:34 PM,2760,Simon BÈgin <67952005.bxtw>,Simon BÈgin <67952005.bxtw>
70403,Allard / Forand,H-C,Actif,Aucun visuel affich√©,,12-07-2025 01:34 PM,12-07-2025 01:34 PM,2761,Simon BÈgin <67952005.bxtw>,Simon BÈgin <67952005.bxtw>
70404,Forand / Allard,H-C,Actif,Aucun visuel affich√©,,12-07-2025 01:34 PM,12-07-2025 01:34 PM,2762,Simon BÈgin <67952005.bxtw>,Simon BÈgin <67952005.bxtw>
70405,Forand / Bernard-Pilon,H-C,Actif,Aucun visuel affich√©,,12-07-2025 01:34 PM,12-07-2025 01:34 PM,2763,Simon BÈgin <67952005.bxtw>,Simon BÈgin <67952005.bxtw>
70406,Forand / Bernard-Pilon,H-C,Actif,Aucun visuel affich√©,,12-07-2025 01:34 PM,12-07-2025 01:34 PM,2764,Simon BÈgin <67952005.bxtw>,Simon BÈgin <67952005.bxtw>
70407,des Vingts / des Muguets,H-C,Actif,Aucun visuel affich√©,,12-07-2025 01:34 PM,12-07-2025 01:34 PM,2765,Simon BÈgin <67952005.bxtw>,Simon BÈgin <67952005.bxtw>
70408,des Vingts / des Muguets,H-C,Actif,Aucun visuel affich√©,,12-07-2025 01:34 PM,12-07-2025 01:34 PM,2766,Simon BÈgin <67952005.bxtw>,Simon BÈgin <67952005.bxtw>
70409,des Vingts / des Violettes,H-C,Actif,Aucun visuel affich√©,,12-07-2025 01:34 PM,12-07-2025 01:34 PM,2767,Simon BÈgin <67952005.bxtw>,Simon BÈgin <67952005.bxtw>
70410,des Vingts / des Violettes,H-C,Actif,Aucun visuel affich√©,,12-07-2025 01:34 PM,12-07-2025 01:34 PM,2768,Simon BÈgin <67952005.bxtw>,Simon BÈgin <67952005.bxtw>
70411,Therrien / Place Saint-Mathieu,H-C,Actif,Aucun visuel affich√©,,12-07-2025 01:34 PM,12-07-2025 01:34 PM,2769,Simon BÈgin <67952005.bxtw>,Simon BÈgin <67952005.bxtw>
70412,Therrien / Carrier,H-C,Actif,Aucun visuel affich√©,,12-07-2025 01:34 PM,12-07-2025 01:34 PM,2770,Simon BÈgin <67952005.bxtw>,Simon BÈgin <67952005.bxtw>
70413,Therrien / du Domaine,H-C,Actif,Aucun visuel affich√©,,12-07-2025 01:34 PM,12-07-2025 01:34 PM,2771,Simon BÈgin <67952005.bxtw>,Simon BÈgin <67952005.bxtw>
70414,de la Seigneurie / du Champ-Dor√©,H-C,Actif,Aucun visuel affich√©,,12-07-2025 01:34 PM,12-07-2025 01:34 PM,2772,Simon BÈgin <67952005.bxtw>,Simon BÈgin <67952005.bxtw>
70415,du Champ-Dor√© / devant le civique 149,H-C,Actif,Aucun visuel affich√©,,12-07-2025 01:34 PM,12-07-2025 01:34 PM,2773,Simon BÈgin <67952005.bxtw>,Simon BÈgin <67952005.bxtw>
70416,du Champ-Dor√© / Beauchesne,H-C,Actif,Aucun visuel affich√©,,12-07-2025 01:34 PM,12-07-2025 01:34 PM,2774,Simon BÈgin <67952005.bxtw>,Simon BÈgin <67952005.bxtw>
70417,du Cr√©puscule / Lumicit√©,H-C,Actif,Aucun visuel affich√©,,12-07-2025 01:34 PM,12-07-2025 01:34 PM,2775,Simon BÈgin <67952005.bxtw>,Simon BÈgin <67952005.bxtw>
70418,du Cr√©puscule / Lumicit√©,H-C,Actif,Aucun visuel affich√©,,12-07-2025 01:34 PM,12-07-2025 01:34 PM,2776,Simon BÈgin <67952005.bxtw>,Simon BÈgin <67952005.bxtw>
70419,du Cr√©puscule / devant le civique 4500,H-C,Actif,Aucun visuel affich√©,,12-07-2025 01:34 PM,12-07-2025 01:34 PM,2777,Simon BÈgin <67952005.bxtw>,Simon BÈgin <67952005.bxtw>
70420,du Cr√©puscule / devant le civique 3481,H-C,Actif,Aucun visuel affich√©,,12-07-2025 01:34 PM,12-07-2025 01:34 PM,2778,Simon BÈgin <67952005.bxtw>,Simon BÈgin <67952005.bxtw>
70421,du Cr√©puscule / devant le civique 3211,H-C,Actif,Aucun visuel affich√©,,12-07-2025 01:34 PM,12-07-2025 01:34 PM,2779,Simon BÈgin <67952005.bxtw>,Simon BÈgin <67952005.bxtw>
70422,du Ruisseau Nord / des Grands-Coteaux,H-C,Actif,Aucun visuel affich√©,,12-07-2025 01:34 PM,12-07-2025 01:34 PM,2780,Simon BÈgin <67952005.bxtw>,Simon BÈgin <67952005.bxtw>
70423,du Ruisseau Nord / des Grands-Coteaux,H-C,Actif,Aucun visuel affich√©,,12-07-2025 01:34 PM,12-07-2025 01:34 PM,2781,Simon BÈgin <67952005.bxtw>,Simon BÈgin <67952005.bxtw>
70424,du Ruisseau Nord / des Loisirs,H-C,Actif,Aucun visuel affich√©,,12-07-2025 01:34 PM,12-07-2025 01:34 PM,2782,Simon BÈgin <67952005.bxtw>,Simon BÈgin <67952005.bxtw>
70425,du Ruisseau Nord / des Loisirs,H-C,Actif,Aucun visuel affich√©,,12-07-2025 01:34 PM,12-07-2025 01:34 PM,2783,Simon BÈgin <67952005.bxtw>,Simon BÈgin <67952005.bxtw>
70426,du Ruisseau Nord / Saint-Jean-Baptiste,H-C,Actif,Aucun visuel affich√©,,12-07-2025 01:34 PM,12-07-2025 01:34 PM,2784,Simon BÈgin <67952005.bxtw>,Simon BÈgin <67952005.bxtw>
70427,Saint-Jean-Baptiste / du Ruisseau Nord,H-C,Actif,Aucun visuel affich√©,,12-07-2025 01:34 PM,12-07-2025 01:34 PM,2785,Simon BÈgin <67952005.bxtw>,Simon BÈgin <67952005.bxtw>
70428,de l'Industrie / devant le civique 2095-A,H-C,Actif,Aucun visuel affich√©,,12-07-2025 01:34 PM,12-07-2025 01:34 PM,2786,Simon BÈgin <67952005.bxtw>,Simon BÈgin <67952005.bxtw>
70429,de l'Industrie / devant le civique 1895,H-C,Actif,Aucun visuel affich√©,,12-07-2025 01:34 PM,12-07-2025 01:34 PM,2787,Simon BÈgin <67952005.bxtw>,Simon BÈgin <67952005.bxtw>
70444,Marie-Victorin / Mont√©e de la Pomme-d'Or,H-C,Actif,Aucun visuel affich√©,,12-07-2025 01:34 PM,12-07-2025 01:34 PM,2788,Simon BÈgin <67952005.bxtw>,Simon BÈgin <67952005.bxtw>
70445,Marie-Victorin / Mont√©e de la Pomme-d'Or,H-C,Actif,Aucun visuel affich√©,,12-07-2025 01:34 PM,12-07-2025 01:34 PM,2789,Simon BÈgin <67952005.bxtw>,Simon BÈgin <67952005.bxtw>
70452,Marie-Victorin / Jacques,H-C,Actif,Aucun visuel affich√©,,12-07-2025 01:34 PM,12-07-2025 01:34 PM,2790,Simon BÈgin <67952005.bxtw>,Simon BÈgin <67952005.bxtw>
70453,Marie-Victorin / Jacques,H-C,Actif,Aucun visuel affich√©,,12-07-2025 01:34 PM,12-07-2025 01:34 PM,2791,Simon BÈgin <67952005.bxtw>,Simon BÈgin <67952005.bxtw>
70454,Marie-Victorin / Duhamel,H-C,Actif,Aucun visuel affich√©,,12-07-2025 01:34 PM,12-07-2025 01:34 PM,2792,Simon BÈgin <67952005.bxtw>,Simon BÈgin <67952005.bxtw>
70455,Marie-Victorin / Viau,H-C,Actif,Aucun visuel affich√©,,12-07-2025 01:34 PM,12-07-2025 01:34 PM,2793,Simon BÈgin <67952005.bxtw>,Simon BÈgin <67952005.bxtw>
70456,Marie-Victorin / Charron,H-C,Actif,Aucun visuel affich√©,,12-07-2025 01:34 PM,12-07-2025 01:34 PM,2794,Simon BÈgin <67952005.bxtw>,Simon BÈgin <67952005.bxtw>
70457,Marie-Victorin / Charron,H-C,Actif,Aucun visuel affich√©,,12-07-2025 01:34 PM,12-07-2025 01:34 PM,2795,Simon BÈgin <67952005.bxtw>,Simon BÈgin <67952005.bxtw>
70460,Marie-Victorin / Ducharme,H-C,Actif,Aucun visuel affich√©,,12-07-2025 01:34 PM,12-07-2025 01:34 PM,2796,Simon BÈgin <67952005.bxtw>,Simon BÈgin <67952005.bxtw>
70461,Marie-Victorin / Ducharme,H-C,Actif,Aucun visuel affich√©,,12-07-2025 01:34 PM,12-07-2025 01:34 PM,2797,Simon BÈgin <67952005.bxtw>,Simon BÈgin <67952005.bxtw>
70462,Terminus Contrecoeur - Quai 1,H-C,Actif,Aucun visuel affich√©,,12-07-2025 01:34 PM,12-07-2025 01:34 PM,2798,Simon BÈgin <67952005.bxtw>,Simon BÈgin <67952005.bxtw>
70463,Terminus Contrecoeur - Quai 2,H-C,Actif,Aucun visuel affich√©,,12-07-2025 01:34 PM,12-07-2025 01:34 PM,2799,Simon BÈgin <67952005.bxtw>,Simon BÈgin <67952005.bxtw>
70464,Marie-Victorin / Pag√©,H-C,Actif,Aucun visuel affich√©,,12-07-2025 01:34 PM,12-07-2025 01:34 PM,2800,Simon BÈgin <67952005.bxtw>,Simon BÈgin <67952005.bxtw>
70465,Marie-Victorin / Pag√©,H-C,Actif,Aucun visuel affich√©,,12-07-2025 01:34 PM,12-07-2025 01:34 PM,2801,Simon BÈgin <67952005.bxtw>,Simon BÈgin <67952005.bxtw>
70468,Marie-Victorin / Robert,H-C,Actif,Aucun visuel affich√©,,12-07-2025 01:34 PM,12-07-2025 01:34 PM,2802,Simon BÈgin <67952005.bxtw>,Simon BÈgin <67952005.bxtw>
70469,Marie-Victorin / Robert,H-C,Actif,Aucun visuel affich√©,,12-07-2025 01:34 PM,12-07-2025 01:34 PM,2803,Simon BÈgin <67952005.bxtw>,Simon BÈgin <67952005.bxtw>
70474,Marie-Victorin / Gauthier,H-C,Actif,Aucun visuel affich√©,,12-07-2025 01:34 PM,12-07-2025 01:34 PM,2804,Simon BÈgin <67952005.bxtw>,Simon BÈgin <67952005.bxtw>
70475,Marie-Victorin / Gauthier,H-C,Actif,Aucun visuel affich√©,,12-07-2025 01:34 PM,12-07-2025 01:34 PM,2805,Simon BÈgin <67952005.bxtw>,Simon BÈgin <67952005.bxtw>
70480,Marie-Victorin / des Malards,H-C,Actif,Aucun visuel affich√©,,12-07-2025 01:34 PM,12-07-2025 01:34 PM,2806,Simon BÈgin <67952005.bxtw>,Simon BÈgin <67952005.bxtw>
70481,Marie-Victorin / des Malards,H-C,Actif,Aucun visuel affich√©,,12-07-2025 01:34 PM,12-07-2025 01:34 PM,2807,Simon BÈgin <67952005.bxtw>,Simon BÈgin <67952005.bxtw>
70494,Marie-Victorin / 8e Avenue,H-C,Actif,Aucun visuel affich√©,,12-07-2025 01:34 PM,12-07-2025 01:34 PM,2808,Simon BÈgin <67952005.bxtw>,Simon BÈgin <67952005.bxtw>
70495,Marie-Victorin / 8e Avenue,H-C,Actif,Aucun visuel affich√©,,12-07-2025 01:34 PM,12-07-2025 01:34 PM,2809,Simon BÈgin <67952005.bxtw>,Simon BÈgin <67952005.bxtw>
70500,Terminus De Montarville,H-C,Actif,Aucun visuel affich√©,,12-07-2025 01:34 PM,12-07-2025 01:34 PM,2810,Simon BÈgin <67952005.bxtw>,Simon BÈgin <67952005.bxtw>
70522,Marie-Victorin / Mont√©e Saint-Roch,H-C,Actif,Aucun visuel affich√©,,12-07-2025 01:34 PM,12-07-2025 01:34 PM,2811,Simon BÈgin <67952005.bxtw>,Simon BÈgin <67952005.bxtw>
70523,Marie-Victorin / Mont√©e Saint-Roch,H-C,Actif,Aucun visuel affich√©,,12-07-2025 01:34 PM,12-07-2025 01:34 PM,2812,Simon BÈgin <67952005.bxtw>,Simon BÈgin <67952005.bxtw>
70530,Marie-Victorin / Veillette,H-C,Actif,Aucun visuel affich√©,,12-07-2025 01:34 PM,12-07-2025 01:34 PM,2813,Simon BÈgin <67952005.bxtw>,Simon BÈgin <67952005.bxtw>
70531,Marie-Victorin / Veillette,H-C,Actif,Aucun visuel affich√©,,12-07-2025 01:34 PM,12-07-2025 01:34 PM,2814,Simon BÈgin <67952005.bxtw>,Simon BÈgin <67952005.bxtw>
70532,Marie-Victorin / Savignac,H-C,Actif,Aucun visuel affich√©,,12-07-2025 01:34 PM,12-07-2025 01:34 PM,2815,Simon BÈgin <67952005.bxtw>,Simon BÈgin <67952005.bxtw>
70533,Marie-Victorin / Savignac,H-C,Actif,Aucun visuel affich√©,,12-07-2025 01:34 PM,12-07-2025 01:34 PM,2816,Simon BÈgin <67952005.bxtw>,Simon BÈgin <67952005.bxtw>
70564,Marie-Victorin / devant le 10020,H-C,Actif,Aucun visuel affich√©,,12-07-2025 01:34 PM,12-07-2025 01:34 PM,2817,Simon BÈgin <67952005.bxtw>,Simon BÈgin <67952005.bxtw>
70565,Marie-Victorin / face au 10020,H-C,Actif,Aucun visuel affich√©,,12-07-2025 01:34 PM,12-07-2025 01:34 PM,2818,Simon BÈgin <67952005.bxtw>,Simon BÈgin <67952005.bxtw>
70572,Marie-Victorin / devant le 10350,H-C,Actif,Aucun visuel affich√©,,12-07-2025 01:34 PM,12-07-2025 01:34 PM,2819,Simon BÈgin <67952005.bxtw>,Simon BÈgin <67952005.bxtw>
70573,Marie-Victorin / face au 10350,H-C,Actif,Aucun visuel affich√©,,12-07-2025 01:34 PM,12-07-2025 01:34 PM,2820,Simon BÈgin <67952005.bxtw>,Simon BÈgin <67952005.bxtw>
70576,Marie-Victorin / Annie,H-C,Actif,Aucun visuel affich√©,,12-07-2025 01:34 PM,12-07-2025 01:34 PM,2821,Simon BÈgin <67952005.bxtw>,Simon BÈgin <67952005.bxtw>
70577,Marie-Victorin / Annie,H-C,Actif,Aucun visuel affich√©,,12-07-2025 01:34 PM,12-07-2025 01:34 PM,2822,Simon BÈgin <67952005.bxtw>,Simon BÈgin <67952005.bxtw>
70580,Marie-Victorin / Martine,H-C,Actif,Aucun visuel affich√©,,12-07-2025 01:34 PM,12-07-2025 01:34 PM,2823,Simon BÈgin <67952005.bxtw>,Simon BÈgin <67952005.bxtw>
70581,Marie-Victorin / Martine,H-C,Actif,Aucun visuel affich√©,,12-07-2025 01:34 PM,12-07-2025 01:34 PM,2824,Simon BÈgin <67952005.bxtw>,Simon BÈgin <67952005.bxtw>
70584,Marie-Victorin / du Golf,H-C,Actif,Aucun visuel affich√©,,12-07-2025 01:34 PM,12-07-2025 01:34 PM,2825,Simon BÈgin <67952005.bxtw>,Simon BÈgin <67952005.bxtw>
70585,Marie-Victorin / du Golf,H-C,Actif,Aucun visuel affich√©,,12-07-2025 01:34 PM,12-07-2025 01:34 PM,2826,Simon BÈgin <67952005.bxtw>,Simon BÈgin <67952005.bxtw>
70596,Marie-Victorin / face √† Hydro-Qu√©bec,H-C,Actif,Aucun visuel affich√©,,12-07-2025 01:34 PM,12-07-2025 01:34 PM,2827,Simon BÈgin <67952005.bxtw>,Simon BÈgin <67952005.bxtw>
70597,Marie-Victorin / face √† Hydro-Qu√©bec,H-C,Actif,Aucun visuel affich√©,,12-07-2025 01:34 PM,12-07-2025 01:34 PM,2828,Simon BÈgin <67952005.bxtw>,Simon BÈgin <67952005.bxtw>
70600,Marie-Victorin / Joseph-Simard,H-C,Actif,Aucun visuel affich√©,,12-07-2025 01:34 PM,12-07-2025 01:34 PM,2829,Simon BÈgin <67952005.bxtw>,Simon BÈgin <67952005.bxtw>
70601,Marie-Victorin / Joseph-Simard,H-C,Actif,Aucun visuel affich√©,,12-07-2025 01:34 PM,12-07-2025 01:34 PM,2830,Simon BÈgin <67952005.bxtw>,Simon BÈgin <67952005.bxtw>
70604,Marie-Victorin / des Chantiers,H-C,Actif,Aucun visuel affich√©,,12-07-2025 01:34 PM,12-07-2025 01:34 PM,2831,Simon BÈgin <67952005.bxtw>,Simon BÈgin <67952005.bxtw>
70605,Marie-Victorin / des Chantiers,H-C,Actif,Aucun visuel affich√©,,12-07-2025 01:34 PM,12-07-2025 01:34 PM,2832,Simon BÈgin <67952005.bxtw>,Simon BÈgin <67952005.bxtw>
70606,Marie-Victorin / Valois,H-C,Actif,Aucun visuel affich√©,,12-07-2025 01:34 PM,12-07-2025 01:34 PM,2833,Simon BÈgin <67952005.bxtw>,Simon BÈgin <67952005.bxtw>
70607,Marie-Victorin / Valois,H-C,Actif,Aucun visuel affich√©,,12-07-2025 01:34 PM,12-07-2025 01:34 PM,2834,Simon BÈgin <67952005.bxtw>,Simon BÈgin <67952005.bxtw>
70614,de Tracy / Saint-Laurent,H-C,Actif,Aucun visuel affich√©,,12-07-2025 01:34 PM,12-07-2025 01:34 PM,2835,Simon BÈgin <67952005.bxtw>,Simon BÈgin <67952005.bxtw>
70615,de Tracy / Saint-Laurent,H-C,Actif,Aucun visuel affich√©,,12-07-2025 01:34 PM,12-07-2025 01:34 PM,2836,Simon BÈgin <67952005.bxtw>,Simon BÈgin <67952005.bxtw>
70616,Marie-Victorin / de Tracy,H-C,Actif,Aucun visuel affich√©,,12-07-2025 01:34 PM,12-07-2025 01:34 PM,2837,Simon BÈgin <67952005.bxtw>,Simon BÈgin <67952005.bxtw>
70617,Marie-Victorin / de Tracy,H-C,Actif,Aucun visuel affich√©,,12-07-2025 01:34 PM,12-07-2025 01:34 PM,2838,Simon BÈgin <67952005.bxtw>,Simon BÈgin <67952005.bxtw>
70618,de la Plaza / des √ârables,H-C,Actif,Aucun visuel affich√©,,12-07-2025 01:34 PM,12-07-2025 01:34 PM,2839,Simon BÈgin <67952005.bxtw>,Simon BÈgin <67952005.bxtw>
70619,des √ârables / de la Plaza,H-C,Actif,Aucun visuel affich√©,,12-07-2025 01:34 PM,12-07-2025 01:34 PM,2840,Simon BÈgin <67952005.bxtw>,Simon BÈgin <67952005.bxtw>
70620,de Tracy / Major-Beaudet (C√âGEP Sorel-Tracy),H-C,Actif,Aucun visuel affich√©,,12-07-2025 01:34 PM,12-07-2025 01:34 PM,2841,Simon BÈgin <67952005.bxtw>,Simon BÈgin <67952005.bxtw>
70621,de Tracy / Major-Beaudet (C√âGEP Sorel-Tracy),H-C,Actif,Aucun visuel affich√©,,12-07-2025 01:34 PM,12-07-2025 01:34 PM,2842,Simon BÈgin <67952005.bxtw>,Simon BÈgin <67952005.bxtw>
70674,autoroute 30 / de Ramezay,H-C,Actif,Aucun visuel affich√©,,12-07-2025 01:34 PM,12-07-2025 01:34 PM,2843,Simon BÈgin <67952005.bxtw>,Simon BÈgin <67952005.bxtw>
70675,autoroute 30 / de Ramezay,H-C,Actif,Aucun visuel affich√©,,12-07-2025 01:34 PM,12-07-2025 01:34 PM,2844,Simon BÈgin <67952005.bxtw>,Simon BÈgin <67952005.bxtw>
70712,Poliquin / Fiset,H-C,Actif,Aucun visuel affich√©,,12-07-2025 01:34 PM,12-07-2025 01:34 PM,2845,Simon BÈgin <67952005.bxtw>,Simon BÈgin <67952005.bxtw>
70713,Poliquin / Fiset,H-C,Actif,Aucun visuel affich√©,,12-07-2025 01:34 PM,12-07-2025 01:34 PM,2846,Simon BÈgin <67952005.bxtw>,Simon BÈgin <67952005.bxtw>
70718,Terminus de Sorel - Quai 2,H-C,Actif,Aucun visuel affich√©,,12-07-2025 01:34 PM,12-07-2025 01:34 PM,2847,Simon BÈgin <67952005.bxtw>,Simon BÈgin <67952005.bxtw>
70719,Terminus de Sorel,H-C,Actif,Aucun visuel affich√©,,12-07-2025 01:34 PM,12-07-2025 01:34 PM,2848,Simon BÈgin <67952005.bxtw>,Simon BÈgin <67952005.bxtw>
70722,Saint-Antoine / des Ormes,H-C,Actif,Aucun visuel affich√©,,12-07-2025 01:34 PM,12-07-2025 01:34 PM,2849,Simon BÈgin <67952005.bxtw>,Simon BÈgin <67952005.bxtw>
70723,Saint-Antoine / des Ormes,H-C,Actif,Aucun visuel affich√©,,12-07-2025 01:34 PM,12-07-2025 01:34 PM,2850,Simon BÈgin <67952005.bxtw>,Simon BÈgin <67952005.bxtw>
70724,Saint-Antoine / des √ârables,H-C,Actif,Aucun visuel affich√©,,12-07-2025 01:34 PM,12-07-2025 01:34 PM,2851,Simon BÈgin <67952005.bxtw>,Simon BÈgin <67952005.bxtw>
70725,Saint-Antoine / Sainte-Th√©r√®se,H-C,Actif,Aucun visuel affich√©,,12-07-2025 01:34 PM,12-07-2025 01:34 PM,2852,Simon BÈgin <67952005.bxtw>,Simon BÈgin <67952005.bxtw>
70726,Saint-Antoine / L'Heureux,H-C,Actif,Aucun visuel affich√©,,12-07-2025 01:34 PM,12-07-2025 01:34 PM,2853,Simon BÈgin <67952005.bxtw>,Simon BÈgin <67952005.bxtw>
70727,Saint-Antoine / L'Heureux,H-C,Actif,Aucun visuel affich√©,,12-07-2025 01:34 PM,12-07-2025 01:34 PM,2854,Simon BÈgin <67952005.bxtw>,Simon BÈgin <67952005.bxtw>
70728,Bourgchemin / Saint-Antoine,H-C,Actif,Aucun visuel affich√©,,12-07-2025 01:34 PM,12-07-2025 01:34 PM,2855,Simon BÈgin <67952005.bxtw>,Simon BÈgin <67952005.bxtw>
70729,Saint-Antoine / des Patriotes,H-C,Actif,Aucun visuel affich√©,,12-07-2025 01:34 PM,12-07-2025 01:34 PM,2856,Simon BÈgin <67952005.bxtw>,Simon BÈgin <67952005.bxtw>
70730,des Patriotes / Laurent-Hubert,H-C,Actif,Aucun visuel affich√©,,12-07-2025 01:34 PM,12-07-2025 01:34 PM,2857,Simon BÈgin <67952005.bxtw>,Simon BÈgin <67952005.bxtw>
70731,des Patriotes / Joseph-Lamoureux,H-C,Actif,Aucun visuel affich√©,,12-07-2025 01:34 PM,12-07-2025 01:34 PM,2858,Simon BÈgin <67952005.bxtw>,Simon BÈgin <67952005.bxtw>
70732,des Patriotes / Olivier-Gloutnez,H-C,Actif,Aucun visuel affich√©,,12-07-2025 01:34 PM,12-07-2025 01:34 PM,2859,Simon BÈgin <67952005.bxtw>,Simon BÈgin <67952005.bxtw>
70733,des Patriotes / Olivier-Gloutnez,H-C,Actif,Aucun visuel affich√©,,12-07-2025 01:34 PM,12-07-2025 01:34 PM,2860,Simon BÈgin <67952005.bxtw>,Simon BÈgin <67952005.bxtw>
70734,des Patriotes / Jean-Moreau-Desjordy,H-C,Actif,Aucun visuel affich√©,,12-07-2025 01:34 PM,12-07-2025 01:34 PM,2861,Simon BÈgin <67952005.bxtw>,Simon BÈgin <67952005.bxtw>
70735,des Patriotes / Jean-Moreau-Desjordy,H-C,Actif,Aucun visuel affich√©,,12-07-2025 01:34 PM,12-07-2025 01:34 PM,2862,Simon BÈgin <67952005.bxtw>,Simon BÈgin <67952005.bxtw>
70736,des Patriotes / Louis-Fiset,H-C,Actif,Aucun visuel affich√©,,12-07-2025 01:34 PM,12-07-2025 01:34 PM,2863,Simon BÈgin <67952005.bxtw>,Simon BÈgin <67952005.bxtw>
70737,des Patriotes / Louis-Fiset,H-C,Actif,Aucun visuel affich√©,,12-07-2025 01:34 PM,12-07-2025 01:34 PM,2864,Simon BÈgin <67952005.bxtw>,Simon BÈgin <67952005.bxtw>
70739,des Patriotes / Saint-Antoine,H-C,Actif,Aucun visuel affich√©,,12-07-2025 01:34 PM,12-07-2025 01:34 PM,2865,Simon BÈgin <67952005.bxtw>,Simon BÈgin <67952005.bxtw>
70898,Ange-Aim√©-Lebrun / Azarie-Lamer,H-C,Actif,Aucun visuel affich√©,,12-07-2025 01:34 PM,12-07-2025 01:34 PM,2866,Simon BÈgin <67952005.bxtw>,Simon BÈgin <67952005.bxtw>
70899,Ange-Aim√©-Lebrun / Azarie-Lamer,H-C,Actif,Aucun visuel affich√©,,12-07-2025 01:34 PM,12-07-2025 01:34 PM,2867,Simon BÈgin <67952005.bxtw>,Simon BÈgin <67952005.bxtw>
70900,Ange-Aim√©-Lebrun / Paul-Perreault,H-C,Actif,Aucun visuel affich√©,,12-07-2025 01:34 PM,12-07-2025 01:34 PM,2868,Simon BÈgin <67952005.bxtw>,Simon BÈgin <67952005.bxtw>
70901,Ange-Aim√©-Lebrun / Paul-Perreault,H-C,Actif,Aucun visuel affich√©,,12-07-2025 01:34 PM,12-07-2025 01:34 PM,2869,Simon BÈgin <67952005.bxtw>,Simon BÈgin <67952005.bxtw>
70902,Ange-Aim√©-Lebrun / Denise-Asselin,H-C,Actif,Aucun visuel affich√©,,12-07-2025 01:34 PM,12-07-2025 01:34 PM,2870,Simon BÈgin <67952005.bxtw>,Simon BÈgin <67952005.bxtw>
70903,Denise-Asselin / Ange-Aim√©-Lebrun,H-C,Actif,Aucun visuel affich√©,,12-07-2025 01:34 PM,12-07-2025 01:34 PM,2871,Simon BÈgin <67952005.bxtw>,Simon BÈgin <67952005.bxtw>
70904,Denise-Asselin / Yolande-Chartrand,H-C,Actif,Aucun visuel affich√©,,12-07-2025 01:34 PM,12-07-2025 01:34 PM,2872,Simon BÈgin <67952005.bxtw>,Simon BÈgin <67952005.bxtw>
70905,Denise-Asselin / Yolande-Chartrand,H-C,Actif,Aucun visuel affich√©,,12-07-2025 01:34 PM,12-07-2025 01:34 PM,2873,Simon BÈgin <67952005.bxtw>,Simon BÈgin <67952005.bxtw>
70909,Henri-Bourassa / du Bosquet,H-C,Actif,Aucun visuel affich√©,,12-07-2025 01:34 PM,12-07-2025 01:34 PM,2874,Simon BÈgin <67952005.bxtw>,Simon BÈgin <67952005.bxtw>
70914,Hertel / Cartier,H-C,Actif,Aucun visuel affich√©,,12-07-2025 01:34 PM,12-07-2025 01:34 PM,2875,Simon BÈgin <67952005.bxtw>,Simon BÈgin <67952005.bxtw>
70915,Cartier (devant l'√©cole Joli-Vent),H-C,Actif,Aucun visuel affich√©,,12-07-2025 01:34 PM,12-07-2025 01:34 PM,2876,Simon BÈgin <67952005.bxtw>,Simon BÈgin <67952005.bxtw>
70916,Cartier / Bonair,H-C,Actif,Aucun visuel affich√©,,12-07-2025 01:34 PM,12-07-2025 01:34 PM,2877,Simon BÈgin <67952005.bxtw>,Simon BÈgin <67952005.bxtw>
70917,Cartier / Choquette,H-C,Actif,Aucun visuel affich√©,,12-07-2025 01:34 PM,12-07-2025 01:34 PM,2878,Simon BÈgin <67952005.bxtw>,Simon BÈgin <67952005.bxtw>
70926,Lapointe / Saint-Jean-Baptiste,H-C,Actif,Aucun visuel affich√©,,12-07-2025 01:34 PM,12-07-2025 01:34 PM,2879,Simon BÈgin <67952005.bxtw>,Simon BÈgin <67952005.bxtw>
70937,Ange-Aim√©-Lebrun,H-C,Actif,Aucun visuel affich√©,,12-07-2025 01:34 PM,12-07-2025 01:34 PM,2880,Simon BÈgin <67952005.bxtw>,Simon BÈgin <67952005.bxtw>
70940,Bernard-Pilon / Dupr√©,H-C,Actif,Aucun visuel affich√©,,12-07-2025 01:34 PM,12-07-2025 01:34 PM,2881,Simon BÈgin <67952005.bxtw>,Simon BÈgin <67952005.bxtw>
70942,Qu√©villon / Ren√©-Gaultier,H-C,Actif,Aucun visuel affich√©,,12-07-2025 01:34 PM,12-07-2025 01:34 PM,2882,Simon BÈgin <67952005.bxtw>,Simon BÈgin <67952005.bxtw>
70949,Cartier / de Rouville,H-C,Actif,Aucun visuel affich√©,,12-07-2025 01:34 PM,12-07-2025 01:34 PM,2883,Simon BÈgin <67952005.bxtw>,Simon BÈgin <67952005.bxtw>
70950,Cartier / de Rouville,H-C,Actif,Aucun visuel affich√©,,12-07-2025 01:34 PM,12-07-2025 01:34 PM,2884,Simon BÈgin <67952005.bxtw>,Simon BÈgin <67952005.bxtw>
71001,du Fer-√†-Cheval / Nobel,H-C,Actif,Aucun visuel affich√©,,12-07-2025 01:34 PM,12-07-2025 01:34 PM,2885,Simon BÈgin <67952005.bxtw>,Simon BÈgin <67952005.bxtw>
71004,Darwin / Bombardier,H-C,Actif,Aucun visuel affich√©,,12-07-2025 01:34 PM,12-07-2025 01:34 PM,2886,Simon BÈgin <67952005.bxtw>,Simon BÈgin <67952005.bxtw>
71005,Bombardier / Marconi,H-C,Actif,Aucun visuel affich√©,,12-07-2025 01:34 PM,12-07-2025 01:34 PM,2887,Simon BÈgin <67952005.bxtw>,Simon BÈgin <67952005.bxtw>
71006,Bombardier / Nobel,H-C,Actif,Aucun visuel affich√©,,12-07-2025 01:34 PM,12-07-2025 01:34 PM,2888,Simon BÈgin <67952005.bxtw>,Simon BÈgin <67952005.bxtw>
71007,Lavoisier (entr√©e est) / Nobel,H-C,Actif,Aucun visuel affich√©,,12-07-2025 01:34 PM,12-07-2025 01:34 PM,2889,Simon BÈgin <67952005.bxtw>,Simon BÈgin <67952005.bxtw>
71008,Lavoisier (entr√©e ouest) / Nobel,H-C,Actif,Aucun visuel affich√©,,12-07-2025 01:34 PM,12-07-2025 01:34 PM,2890,Simon BÈgin <67952005.bxtw>,Simon BÈgin <67952005.bxtw>
71009,L√©onard-De Vinci / du Fer-√†-Cheval,H-C,Actif,Aucun visuel affich√©,,12-07-2025 01:34 PM,12-07-2025 01:34 PM,2891,Simon BÈgin <67952005.bxtw>,Simon BÈgin <67952005.bxtw>
71010,L√©onard-De Vinci / Raymond-Blais,H-C,Actif,Aucun visuel affich√©,,12-07-2025 01:34 PM,12-07-2025 01:34 PM,2892,Simon BÈgin <67952005.bxtw>,Simon BÈgin <67952005.bxtw>
71011,L√©onard-De Vinci / Blaise-Pascal,H-C,Actif,Aucun visuel affich√©,,12-07-2025 01:34 PM,12-07-2025 01:34 PM,2893,Simon BÈgin <67952005.bxtw>,Simon BÈgin <67952005.bxtw>
71012,Blaise-Pascal / Nobel,H-C,Actif,Aucun visuel affich√©,,12-07-2025 01:34 PM,12-07-2025 01:34 PM,2894,Simon BÈgin <67952005.bxtw>,Simon BÈgin <67952005.bxtw>
71013,Nobel / devant le 2181,H-C,Actif,Aucun visuel affich√©,,12-07-2025 01:34 PM,12-07-2025 01:34 PM,2895,Simon BÈgin <67952005.bxtw>,Simon BÈgin <67952005.bxtw>
71014,de Chambly / Saint-Charles,H-C,Actif,Aucun visuel affich√©,,12-07-2025 01:34 PM,12-07-2025 01:34 PM,2896,Simon BÈgin <67952005.bxtw>,Simon BÈgin <67952005.bxtw>
71015,Du Tremblay / devant le CFP Pierre-Dupuy,H-C,Actif,Aucun visuel affich√©,,12-07-2025 01:34 PM,12-07-2025 01:34 PM,2897,Simon BÈgin <67952005.bxtw>,Simon BÈgin <67952005.bxtw>
71016,Blaise-Pascal / L√©onard-De Vinci,H-C,Actif,Aucun visuel affich√©,,12-07-2025 01:34 PM,12-07-2025 01:34 PM,2898,Simon BÈgin <67952005.bxtw>,Simon BÈgin <67952005.bxtw>
71017,L√©onard-De Vinci / Raymond-Blais,H-C,Actif,Aucun visuel affich√©,,12-07-2025 01:34 PM,12-07-2025 01:34 PM,2899,Simon BÈgin <67952005.bxtw>,Simon BÈgin <67952005.bxtw>
71018,L√©onard-De Vinci / du Fer-√†-Cheval,H-C,Actif,Aucun visuel affich√©,,12-07-2025 01:34 PM,12-07-2025 01:34 PM,2900,Simon BÈgin <67952005.bxtw>,Simon BÈgin <67952005.bxtw>
71019,Nobel / Lavoisier (entr√©e ouest),H-C,Actif,Aucun visuel affich√©,,12-07-2025 01:34 PM,12-07-2025 01:34 PM,2901,Simon BÈgin <67952005.bxtw>,Simon BÈgin <67952005.bxtw>
71020,Lavoisier (entr√©e est) / Nobel,H-C,Actif,Aucun visuel affich√©,,12-07-2025 01:34 PM,12-07-2025 01:34 PM,2902,Simon BÈgin <67952005.bxtw>,Simon BÈgin <67952005.bxtw>
71021,Nobel / Bombardier,H-C,Actif,Aucun visuel affich√©,,12-07-2025 01:34 PM,12-07-2025 01:34 PM,2903,Simon BÈgin <67952005.bxtw>,Simon BÈgin <67952005.bxtw>
71022,Bombardier / Marconi,H-C,Actif,Aucun visuel affich√©,,12-07-2025 01:34 PM,12-07-2025 01:34 PM,2904,Simon BÈgin <67952005.bxtw>,Simon BÈgin <67952005.bxtw>
71023,Bombardier / Darwin,H-C,Actif,Aucun visuel affich√©,,12-07-2025 01:34 PM,12-07-2025 01:34 PM,2905,Simon BÈgin <67952005.bxtw>,Simon BÈgin <67952005.bxtw>
71024,Centre de formation professionnelle des Patriotes,H-C,Actif,Aucun visuel affich√©,,12-07-2025 01:34 PM,12-07-2025 01:34 PM,2906,Simon BÈgin <67952005.bxtw>,Simon BÈgin <67952005.bxtw>
71026,Principale / Coulombe,H-C,Actif,Aucun visuel affich√©,,12-07-2025 01:34 PM,12-07-2025 01:34 PM,2907,Simon BÈgin <67952005.bxtw>,Simon BÈgin <67952005.bxtw>
71027,Bertrand / Principale,H-C,Actif,Aucun visuel affich√©,,12-07-2025 01:34 PM,12-07-2025 01:34 PM,2908,Simon BÈgin <67952005.bxtw>,Simon BÈgin <67952005.bxtw>
71028,Mont√©e des Quarante-Deux / devant le 561,H-C,Actif,Aucun visuel affich√©,,12-07-2025 01:34 PM,12-07-2025 01:34 PM,2909,Simon BÈgin <67952005.bxtw>,Simon BÈgin <67952005.bxtw>
71029,Rang de la Vall√©e / devant le 1275,H-C,Actif,Aucun visuel affich√©,,12-07-2025 01:34 PM,12-07-2025 01:34 PM,2910,Simon BÈgin <67952005.bxtw>,Simon BÈgin <67952005.bxtw>
71031,Terminus Longueuil Porte C20,H-C,Actif,Aucun visuel affich√©,,12-07-2025 01:34 PM,12-07-2025 01:34 PM,2911,Simon BÈgin <67952005.bxtw>,Simon BÈgin <67952005.bxtw>
71033,Principale / Coulombe,H-C,Actif,Aucun visuel affich√©,,12-07-2025 01:34 PM,12-07-2025 01:34 PM,2912,Simon BÈgin <67952005.bxtw>,Simon BÈgin <67952005.bxtw>
71034,du Fer-√†-Cheval / devant le 765,H-C,Actif,Aucun visuel affich√©,,12-07-2025 01:34 PM,12-07-2025 01:34 PM,2913,Simon BÈgin <67952005.bxtw>,Simon BÈgin <67952005.bxtw>
71035,du Fer-√†-Cheval / de Touraine,H-C,Actif,Aucun visuel affich√©,,12-07-2025 01:34 PM,12-07-2025 01:34 PM,2914,Simon BÈgin <67952005.bxtw>,Simon BÈgin <67952005.bxtw>
71036,Charlebois / devant le 568,H-C,Actif,Aucun visuel affich√©,,12-07-2025 01:34 PM,12-07-2025 01:34 PM,2915,Simon BÈgin <67952005.bxtw>,Simon BÈgin <67952005.bxtw>
71037,de Touraine / face au 1380,H-C,Actif,Aucun visuel affich√©,,12-07-2025 01:34 PM,12-07-2025 01:34 PM,2916,Simon BÈgin <67952005.bxtw>,Simon BÈgin <67952005.bxtw>
71038,de Touraine / Rang de la Belle-Rivi√®re,H-C,Actif,Aucun visuel affich√©,,12-07-2025 01:34 PM,12-07-2025 01:34 PM,2917,Simon BÈgin <67952005.bxtw>,Simon BÈgin <67952005.bxtw>
71039,de la Belle-Rivi√®re / Mont√©e Sainte-Julie,H-C,Actif,Aucun visuel affich√©,,12-07-2025 01:34 PM,12-07-2025 01:34 PM,2918,Simon BÈgin <67952005.bxtw>,Simon BÈgin <67952005.bxtw>
71040,Mont√©e Sainte-Julie / Calixa-Lavall√©e,H-C,Actif,Aucun visuel affich√©,,12-07-2025 01:34 PM,12-07-2025 01:34 PM,2919,Simon BÈgin <67952005.bxtw>,Simon BÈgin <67952005.bxtw>
71041,Rang de la Vall√©e / devant le 1370 (Serres Dauphinais),H-C,Actif,Aucun visuel affich√©,,12-07-2025 01:34 PM,12-07-2025 01:34 PM,2920,Simon BÈgin <67952005.bxtw>,Simon BÈgin <67952005.bxtw>
71042,de la Belle-Rivi√®re / Mont√©e Sainte-Julie,H-C,Actif,Aucun visuel affich√©,,12-07-2025 01:34 PM,12-07-2025 01:34 PM,2921,Simon BÈgin <67952005.bxtw>,Simon BÈgin <67952005.bxtw>
71043,de Touraine / devant le 1380,H-C,Actif,Aucun visuel affich√©,,12-07-2025 01:34 PM,12-07-2025 01:34 PM,2922,Simon BÈgin <67952005.bxtw>,Simon BÈgin <67952005.bxtw>
71044,Rang de la Belle-Rivi√®re / de Touraine,H-C,Actif,Aucun visuel affich√©,,12-07-2025 01:34 PM,12-07-2025 01:34 PM,2923,Simon BÈgin <67952005.bxtw>,Simon BÈgin <67952005.bxtw>
71045,Charlebois / devant le 568,H-C,Actif,Aucun visuel affich√©,,12-07-2025 01:34 PM,12-07-2025 01:34 PM,2924,Simon BÈgin <67952005.bxtw>,Simon BÈgin <67952005.bxtw>
71046,de Touraine / du Fer-√†-Cheval,H-C,Actif,Aucun visuel affich√©,,12-07-2025 01:34 PM,12-07-2025 01:34 PM,2925,Simon BÈgin <67952005.bxtw>,Simon BÈgin <67952005.bxtw>
71047,du Fer-√†-Cheval / devant le 784,H-C,Actif,Aucun visuel affich√©,,12-07-2025 01:34 PM,12-07-2025 01:34 PM,2926,Simon BÈgin <67952005.bxtw>,Simon BÈgin <67952005.bxtw>
71051,C√©gep √âdouard-Montpetit,H-C,Actif,Aucun visuel affich√©,,12-07-2025 01:34 PM,12-07-2025 01:34 PM,2927,Simon BÈgin <67952005.bxtw>,Simon BÈgin <67952005.bxtw>
71079,de Touraine / face au 632,H-C,Actif,Aucun visuel affich√©,,12-07-2025 01:34 PM,12-07-2025 01:34 PM,2928,Simon BÈgin <67952005.bxtw>,Simon BÈgin <67952005.bxtw>
71080,de Touraine / face au 613,H-C,Actif,Aucun visuel affich√©,,12-07-2025 01:34 PM,12-07-2025 01:34 PM,2929,Simon BÈgin <67952005.bxtw>,Simon BÈgin <67952005.bxtw>
71084,Principale / de l'Abb√©-Th√©oret,H-C,Actif,Aucun visuel affich√©,,12-07-2025 01:34 PM,12-07-2025 01:34 PM,2930,Simon BÈgin <67952005.bxtw>,Simon BÈgin <67952005.bxtw>
71085,de l'Abb√©-Th√©oret / Principale,H-C,Actif,Aucun visuel affich√©,,12-07-2025 01:34 PM,12-07-2025 01:34 PM,2931,Simon BÈgin <67952005.bxtw>,Simon BÈgin <67952005.bxtw>
71089,D√©carie / des Paysans,H-C,Actif,Aucun visuel affich√©,,12-07-2025 01:34 PM,12-07-2025 01:34 PM,2932,Simon BÈgin <67952005.bxtw>,Simon BÈgin <67952005.bxtw>
71091,D√©carie / Provost,H-C,Actif,Aucun visuel affich√©,,12-07-2025 01:34 PM,12-07-2025 01:34 PM,2933,Simon BÈgin <67952005.bxtw>,Simon BÈgin <67952005.bxtw>
71092,Savaria / D√©carie,H-C,Actif,Aucun visuel affich√©,,12-07-2025 01:34 PM,12-07-2025 01:34 PM,2934,Simon BÈgin <67952005.bxtw>,Simon BÈgin <67952005.bxtw>
71095,N.-P.-Lapierre / Yoland-Gu√©rard,H-C,Actif,Aucun visuel affich√©,,12-07-2025 01:34 PM,12-07-2025 01:34 PM,2935,Simon BÈgin <67952005.bxtw>,Simon BÈgin <67952005.bxtw>
71098,de Grenoble / du Poitou,H-C,Actif,Aucun visuel affich√©,,12-07-2025 01:34 PM,12-07-2025 01:34 PM,2936,Simon BÈgin <67952005.bxtw>,Simon BÈgin <67952005.bxtw>
71100,de Grenoble / Marie-Curie,H-C,Actif,Aucun visuel affich√©,,12-07-2025 01:34 PM,12-07-2025 01:34 PM,2937,Simon BÈgin <67952005.bxtw>,Simon BÈgin <67952005.bxtw>
71127,du Fer-√†-Cheval / des Iris,H-C,Actif,Aucun visuel affich√©,,12-07-2025 01:34 PM,12-07-2025 01:34 PM,2938,Simon BÈgin <67952005.bxtw>,Simon BÈgin <67952005.bxtw>
71149,Mont√©e Sainte-Julie / de la Verdure,H-C,Actif,Aucun visuel affich√©,,12-07-2025 01:34 PM,12-07-2025 01:34 PM,2939,Simon BÈgin <67952005.bxtw>,Simon BÈgin <67952005.bxtw>
71150,Mont√©e Sainte-Julie / de la Verdure,H-C,Actif,Aucun visuel affich√©,,12-07-2025 01:34 PM,12-07-2025 01:34 PM,2940,Simon BÈgin <67952005.bxtw>,Simon BÈgin <67952005.bxtw>
71151,Mont√©e Sainte-Julie / N.-P.-Lapierre,H-C,Actif,Aucun visuel affich√©,,12-07-2025 01:34 PM,12-07-2025 01:34 PM,2941,Simon BÈgin <67952005.bxtw>,Simon BÈgin <67952005.bxtw>
71153,N.-P.-Lapierre / Mont√©e Sainte-Julie,H-C,Actif,Aucun visuel affich√©,,12-07-2025 01:34 PM,12-07-2025 01:34 PM,2942,Simon BÈgin <67952005.bxtw>,Simon BÈgin <67952005.bxtw>
71155,N.-P.-Lapierre / Comtois,H-C,Actif,Aucun visuel affich√©,,12-07-2025 01:34 PM,12-07-2025 01:34 PM,2943,Simon BÈgin <67952005.bxtw>,Simon BÈgin <67952005.bxtw>
71160,N.-P.-Lapierre / Huet,H-C,Actif,Aucun visuel affich√©,,12-07-2025 01:34 PM,12-07-2025 01:34 PM,2944,Simon BÈgin <67952005.bxtw>,Simon BÈgin <67952005.bxtw>
71161,N.-P.-Lapierre / Savaria,H-C,Actif,Aucun visuel affich√©,,12-07-2025 01:34 PM,12-07-2025 01:34 PM,2945,Simon BÈgin <67952005.bxtw>,Simon BÈgin <67952005.bxtw>
71163,Jules-Choquet / Saint-Louis,H-C,Actif,Aucun visuel affich√©,,12-07-2025 01:34 PM,12-07-2025 01:34 PM,2946,Simon BÈgin <67952005.bxtw>,Simon BÈgin <67952005.bxtw>
71166,Savaria / N.-P.-Lapierre,H-C,Actif,Aucun visuel affich√©,,12-07-2025 01:34 PM,12-07-2025 01:34 PM,2947,Simon BÈgin <67952005.bxtw>,Simon BÈgin <67952005.bxtw>
71167,N.-P.-Lapierre / Principale,H-C,Actif,Aucun visuel affich√©,,12-07-2025 01:34 PM,12-07-2025 01:34 PM,2948,Simon BÈgin <67952005.bxtw>,Simon BÈgin <67952005.bxtw>
71169,N.-P.-Lapierre / Principale,H-C,Actif,Aucun visuel affich√©,,12-07-2025 01:34 PM,12-07-2025 01:34 PM,2949,Simon BÈgin <67952005.bxtw>,Simon BÈgin <67952005.bxtw>
71171,Principale / Borduas,H-C,Actif,Aucun visuel affich√©,,12-07-2025 01:34 PM,12-07-2025 01:34 PM,2950,Simon BÈgin <67952005.bxtw>,Simon BÈgin <67952005.bxtw>
71173,Principale / de Vienne,H-C,Actif,Aucun visuel affich√©,,12-07-2025 01:34 PM,12-07-2025 01:34 PM,2951,Simon BÈgin <67952005.bxtw>,Simon BÈgin <67952005.bxtw>
71176,N.-P.-Lapierre / Borduas,H-C,Actif,Aucun visuel affich√©,,12-07-2025 01:34 PM,12-07-2025 01:34 PM,2952,Simon BÈgin <67952005.bxtw>,Simon BÈgin <67952005.bxtw>
71179,Armand-Frappier / devant le 201,H-C,Actif,Aucun visuel affich√©,,12-07-2025 01:34 PM,12-07-2025 01:34 PM,2953,Simon BÈgin <67952005.bxtw>,Simon BÈgin <67952005.bxtw>
71180,Armand-Frappier / de Grenoble,H-C,Actif,Aucun visuel affich√©,,12-07-2025 01:34 PM,12-07-2025 01:34 PM,2954,Simon BÈgin <67952005.bxtw>,Simon BÈgin <67952005.bxtw>
71182,Armand-Frappier / devant le 1433,H-C,Actif,Aucun visuel affich√©,,12-07-2025 01:34 PM,12-07-2025 01:34 PM,2955,Simon BÈgin <67952005.bxtw>,Simon BÈgin <67952005.bxtw>
71183,Savaria / Paul-Sauv√©,H-C,Actif,Aucun visuel affich√©,,12-07-2025 01:34 PM,12-07-2025 01:34 PM,2956,Simon BÈgin <67952005.bxtw>,Simon BÈgin <67952005.bxtw>
71184,Savaria / Jean-Lesage,H-C,Actif,Aucun visuel affich√©,,12-07-2025 01:34 PM,12-07-2025 01:34 PM,2957,Simon BÈgin <67952005.bxtw>,Simon BÈgin <67952005.bxtw>
71185,Borduas / des Fauvettes,H-C,Actif,Aucun visuel affich√©,,12-07-2025 01:34 PM,12-07-2025 01:34 PM,2958,Simon BÈgin <67952005.bxtw>,Simon BÈgin <67952005.bxtw>
71187,Saint-Joseph / de Normandie,H-C,Actif,Aucun visuel affich√©,,12-07-2025 01:34 PM,12-07-2025 01:34 PM,2959,Simon BÈgin <67952005.bxtw>,Simon BÈgin <67952005.bxtw>
71188,Saint-Joseph / de Normandie,H-C,Actif,Aucun visuel affich√©,,12-07-2025 01:34 PM,12-07-2025 01:34 PM,2960,Simon BÈgin <67952005.bxtw>,Simon BÈgin <67952005.bxtw>
71191,Borduas / de Grenoble,H-C,Actif,Aucun visuel affich√©,,12-07-2025 01:34 PM,12-07-2025 01:34 PM,2961,Simon BÈgin <67952005.bxtw>,Simon BÈgin <67952005.bxtw>
71192,de Grenoble / Borduas,H-C,Actif,Aucun visuel affich√©,,12-07-2025 01:34 PM,12-07-2025 01:34 PM,2962,Simon BÈgin <67952005.bxtw>,Simon BÈgin <67952005.bxtw>
71193,Borduas / Simone-De Beauvoir,H-C,Actif,Aucun visuel affich√©,,12-07-2025 01:34 PM,12-07-2025 01:34 PM,2963,Simon BÈgin <67952005.bxtw>,Simon BÈgin <67952005.bxtw>
71200,du Fer-√†-Cheval / Saint-Joseph,H-C,Actif,Aucun visuel affich√©,,12-07-2025 01:34 PM,12-07-2025 01:34 PM,2964,Simon BÈgin <67952005.bxtw>,Simon BÈgin <67952005.bxtw>
71201,du Fer-√†-Cheval / Jules-Choquet,H-C,Actif,Aucun visuel affich√©,,12-07-2025 01:34 PM,12-07-2025 01:34 PM,2965,Simon BÈgin <67952005.bxtw>,Simon BÈgin <67952005.bxtw>
71202,du Fer-√†-Cheval / des Marguerites,H-C,Actif,Aucun visuel affich√©,,12-07-2025 01:34 PM,12-07-2025 01:34 PM,2966,Simon BÈgin <67952005.bxtw>,Simon BÈgin <67952005.bxtw>
71203,du Fer-√†-Cheval / des Pervenches,H-C,Actif,Aucun visuel affich√©,,12-07-2025 01:34 PM,12-07-2025 01:34 PM,2967,Simon BÈgin <67952005.bxtw>,Simon BÈgin <67952005.bxtw>
71204,Principale / Savaria,H-C,Actif,Aucun visuel affich√©,,12-07-2025 01:34 PM,12-07-2025 01:34 PM,2968,Simon BÈgin <67952005.bxtw>,Simon BÈgin <67952005.bxtw>
71205,Savaria / Honor√©-Mercier,H-C,Actif,Aucun visuel affich√©,,12-07-2025 01:34 PM,12-07-2025 01:34 PM,2969,Simon BÈgin <67952005.bxtw>,Simon BÈgin <67952005.bxtw>
71206,Principale / D√©carie,H-C,Actif,Aucun visuel affich√©,,12-07-2025 01:34 PM,12-07-2025 01:34 PM,2970,Simon BÈgin <67952005.bxtw>,Simon BÈgin <67952005.bxtw>
71207,Principale / Mont√©e Sainte-Julie,H-C,Actif,Aucun visuel affich√©,,12-07-2025 01:34 PM,12-07-2025 01:34 PM,2971,Simon BÈgin <67952005.bxtw>,Simon BÈgin <67952005.bxtw>
71208,Mont√©e Sainte-Julie / Principale,H-C,Actif,Aucun visuel affich√©,,12-07-2025 01:34 PM,12-07-2025 01:34 PM,2972,Simon BÈgin <67952005.bxtw>,Simon BÈgin <67952005.bxtw>
71210,Saint-Joseph / Borduas,H-C,Actif,Aucun visuel affich√©,,12-07-2025 01:34 PM,12-07-2025 01:34 PM,2973,Simon BÈgin <67952005.bxtw>,Simon BÈgin <67952005.bxtw>
71213,Borduas / Saint-Joseph,H-C,Actif,Aucun visuel affich√©,,12-07-2025 01:34 PM,12-07-2025 01:34 PM,2974,Simon BÈgin <67952005.bxtw>,Simon BÈgin <67952005.bxtw>
71216,Saint-Joseph / Monseigneur-De Laval,H-C,Actif,Aucun visuel affich√©,,12-07-2025 01:34 PM,12-07-2025 01:34 PM,2975,Simon BÈgin <67952005.bxtw>,Simon BÈgin <67952005.bxtw>
71218,Saint-Joseph / De L√©vis,H-C,Actif,Aucun visuel affich√©,,12-07-2025 01:34 PM,12-07-2025 01:34 PM,2976,Simon BÈgin <67952005.bxtw>,Simon BÈgin <67952005.bxtw>
71220,du Fer-√†-Cheval / Jules-Choquet (devant le 1595),H-C,Actif,Aucun visuel affich√©,,12-07-2025 01:34 PM,12-07-2025 01:34 PM,2977,Simon BÈgin <67952005.bxtw>,Simon BÈgin <67952005.bxtw>
71221,du Fer-√†-Cheval / Saint-Joseph,H-C,Actif,Aucun visuel affich√©,,12-07-2025 01:34 PM,12-07-2025 01:34 PM,2978,Simon BÈgin <67952005.bxtw>,Simon BÈgin <67952005.bxtw>
71224,des Hauts-Bois / Gilles-Vigneault,H-C,Actif,Aucun visuel affich√©,,12-07-2025 01:34 PM,12-07-2025 01:34 PM,2979,Simon BÈgin <67952005.bxtw>,Simon BÈgin <67952005.bxtw>
71225,des Hauts-Bois / Norman-Bethune,H-C,Actif,Aucun visuel affich√©,,12-07-2025 01:34 PM,12-07-2025 01:34 PM,2980,Simon BÈgin <67952005.bxtw>,Simon BÈgin <67952005.bxtw>
71226,des Hauts-Bois / du Lac,H-C,Actif,Aucun visuel affich√©,,12-07-2025 01:34 PM,12-07-2025 01:34 PM,2981,Simon BÈgin <67952005.bxtw>,Simon BÈgin <67952005.bxtw>
71228,du Lac / Gilles-Vigneault,H-C,Actif,Aucun visuel affich√©,,12-07-2025 01:34 PM,12-07-2025 01:34 PM,2982,Simon BÈgin <67952005.bxtw>,Simon BÈgin <67952005.bxtw>
71229,Borduas / Daoust,H-C,Actif,Aucun visuel affich√©,,12-07-2025 01:34 PM,12-07-2025 01:34 PM,2983,Simon BÈgin <67952005.bxtw>,Simon BÈgin <67952005.bxtw>
71230,Daoust / Borduas,H-C,Actif,Aucun visuel affich√©,,12-07-2025 01:34 PM,12-07-2025 01:34 PM,2984,Simon BÈgin <67952005.bxtw>,Simon BÈgin <67952005.bxtw>
71233,Paul-De Maricourt / Pierre-D'Iberville,H-C,Actif,Aucun visuel affich√©,,12-07-2025 01:34 PM,12-07-2025 01:34 PM,2985,Simon BÈgin <67952005.bxtw>,Simon BÈgin <67952005.bxtw>
71234,Jacques-De Sainte-H√©l√®ne / Paul-De Maricourt,H-C,Actif,Aucun visuel affich√©,,12-07-2025 01:34 PM,12-07-2025 01:34 PM,2986,Simon BÈgin <67952005.bxtw>,Simon BÈgin <67952005.bxtw>
71235,Jacques-De Sainte-H√©l√®ne / du Mont-Saint-Bruno,H-C,Actif,Aucun visuel affich√©,,12-07-2025 01:34 PM,12-07-2025 01:34 PM,2987,Simon BÈgin <67952005.bxtw>,Simon BÈgin <67952005.bxtw>
71236,du Mont-Saint-Bruno / du Bois-Franc,H-C,Actif,Aucun visuel affich√©,,12-07-2025 01:34 PM,12-07-2025 01:34 PM,2988,Simon BÈgin <67952005.bxtw>,Simon BÈgin <67952005.bxtw>
71237,du Bois-Franc / du Parc,H-C,Actif,Aucun visuel affich√©,,12-07-2025 01:34 PM,12-07-2025 01:34 PM,2989,Simon BÈgin <67952005.bxtw>,Simon BÈgin <67952005.bxtw>
71238,du Parc / de la Montagne,H-C,Actif,Aucun visuel affich√©,,12-07-2025 01:34 PM,12-07-2025 01:34 PM,2990,Simon BÈgin <67952005.bxtw>,Simon BÈgin <67952005.bxtw>
71239,de la Montagne / des Hauts-Bois,H-C,Actif,Aucun visuel affich√©,,12-07-2025 01:34 PM,12-07-2025 01:34 PM,2991,Simon BÈgin <67952005.bxtw>,Simon BÈgin <67952005.bxtw>
71240,de la Montagne / du Grand-Ravin,H-C,Actif,Aucun visuel affich√©,,12-07-2025 01:34 PM,12-07-2025 01:34 PM,2992,Simon BÈgin <67952005.bxtw>,Simon BÈgin <67952005.bxtw>
71241,de la Montagne / des H√™tres,H-C,Actif,Aucun visuel affich√©,,12-07-2025 01:34 PM,12-07-2025 01:34 PM,2993,Simon BÈgin <67952005.bxtw>,Simon BÈgin <67952005.bxtw>
71242,de la Montagne / du Grand-Coteau,H-C,Actif,Aucun visuel affich√©,,12-07-2025 01:34 PM,12-07-2025 01:34 PM,2994,Simon BÈgin <67952005.bxtw>,Simon BÈgin <67952005.bxtw>
71243,Principale / Daoust,H-C,Actif,Aucun visuel affich√©,,12-07-2025 01:34 PM,12-07-2025 01:34 PM,2995,Simon BÈgin <67952005.bxtw>,Simon BÈgin <67952005.bxtw>
71246,du Grand-Coteau / de Poitiers,H-C,Actif,Aucun visuel affich√©,,12-07-2025 01:34 PM,12-07-2025 01:34 PM,2996,Simon BÈgin <67952005.bxtw>,Simon BÈgin <67952005.bxtw>
71247,du Grand-Coteau / de Nantes,H-C,Actif,Aucun visuel affich√©,,12-07-2025 01:34 PM,12-07-2025 01:34 PM,2997,Simon BÈgin <67952005.bxtw>,Simon BÈgin <67952005.bxtw>
71248,du Grand-Coteau / d'Angoul√™me,H-C,Actif,Aucun visuel affich√©,,12-07-2025 01:34 PM,12-07-2025 01:34 PM,2998,Simon BÈgin <67952005.bxtw>,Simon BÈgin <67952005.bxtw>
71250,du Grand-Coteau / Charles-De Gaulle,H-C,Actif,Aucun visuel affich√©,,12-07-2025 01:34 PM,12-07-2025 01:34 PM,2999,Simon BÈgin <67952005.bxtw>,Simon BÈgin <67952005.bxtw>
71251,Charles-De Gaulle / du Mar√©chal-Foch,H-C,Actif,Aucun visuel affich√©,,12-07-2025 01:34 PM,12-07-2025 01:34 PM,3000,Simon BÈgin <67952005.bxtw>,Simon BÈgin <67952005.bxtw>
71252,Des Autels / Ronsard,H-C,Actif,Aucun visuel affich√©,,12-07-2025 01:34 PM,12-07-2025 01:34 PM,3001,Simon BÈgin <67952005.bxtw>,Simon BÈgin <67952005.bxtw>
71253,Des Autels / du Ponceau,H-C,Actif,Aucun visuel affich√©,,12-07-2025 01:34 PM,12-07-2025 01:34 PM,3002,Simon BÈgin <67952005.bxtw>,Simon BÈgin <67952005.bxtw>
71254,du Ponceau / De La Salle,H-C,Actif,Aucun visuel affich√©,,12-07-2025 01:34 PM,12-07-2025 01:34 PM,3003,Simon BÈgin <67952005.bxtw>,Simon BÈgin <67952005.bxtw>
71255,du Ponceau / du Fer-√†-Cheval,H-C,Actif,Aucun visuel affich√©,,12-07-2025 01:34 PM,12-07-2025 01:34 PM,3004,Simon BÈgin <67952005.bxtw>,Simon BÈgin <67952005.bxtw>
71256,du Fer-√†-Cheval / du Ponceau,H-C,Actif,Aucun visuel affich√©,,12-07-2025 01:34 PM,12-07-2025 01:34 PM,3005,Simon BÈgin <67952005.bxtw>,Simon BÈgin <67952005.bxtw>
71260,du Fer-√†-Cheval / devant les R√©sidences Soleil,H-C,Actif,Aucun visuel affich√©,,12-07-2025 01:34 PM,12-07-2025 01:34 PM,3006,Simon BÈgin <67952005.bxtw>,Simon BÈgin <67952005.bxtw>
71263,Mont√©e Sainte-Julie / Calixa-Lavall√©e,H-C,Actif,Aucun visuel affich√©,,12-07-2025 01:34 PM,12-07-2025 01:34 PM,3007,Simon BÈgin <67952005.bxtw>,Simon BÈgin <67952005.bxtw>
71265,Calixa-Lavall√©e / Charles-Gill,H-C,Actif,Aucun visuel affich√©,,12-07-2025 01:34 PM,12-07-2025 01:34 PM,3008,Simon BÈgin <67952005.bxtw>,Simon BÈgin <67952005.bxtw>
71267,Calixa-Lavall√©e / du Moulin,H-C,Actif,Aucun visuel affich√©,,12-07-2025 01:34 PM,12-07-2025 01:34 PM,3009,Simon BÈgin <67952005.bxtw>,Simon BÈgin <67952005.bxtw>
71269,du Moulin / Marie-Rollet,H-C,Actif,Aucun visuel affich√©,,12-07-2025 01:34 PM,12-07-2025 01:34 PM,3010,Simon BÈgin <67952005.bxtw>,Simon BÈgin <67952005.bxtw>
71270,du Moulin / Arthur-Buies,H-C,Actif,Aucun visuel affich√©,,12-07-2025 01:34 PM,12-07-2025 01:34 PM,3011,Simon BÈgin <67952005.bxtw>,Simon BÈgin <67952005.bxtw>
71272,du Moulin / Lionel-Groulx,H-C,Actif,Aucun visuel affich√©,,12-07-2025 01:34 PM,12-07-2025 01:34 PM,3012,Simon BÈgin <67952005.bxtw>,Simon BÈgin <67952005.bxtw>
71274,du Moulin / de l'Abb√©-Th√©oret,H-C,Actif,Aucun visuel affich√©,,12-07-2025 01:34 PM,12-07-2025 01:34 PM,3013,Simon BÈgin <67952005.bxtw>,Simon BÈgin <67952005.bxtw>
71275,Mont√©e Sainte-Julie / devant le 811,H-C,Actif,Aucun visuel affich√©,,12-07-2025 01:34 PM,12-07-2025 01:34 PM,3014,Simon BÈgin <67952005.bxtw>,Simon BÈgin <67952005.bxtw>
71276,Mont√©e Sainte-Julie / face au 811,H-C,Actif,Aucun visuel affich√©,,12-07-2025 01:34 PM,12-07-2025 01:34 PM,3015,Simon BÈgin <67952005.bxtw>,Simon BÈgin <67952005.bxtw>
71277,Mont√©e Sainte-Julie / Savaria,H-C,Actif,Aucun visuel affich√©,,12-07-2025 01:34 PM,12-07-2025 01:34 PM,3016,Simon BÈgin <67952005.bxtw>,Simon BÈgin <67952005.bxtw>
71278,Mont√©e Sainte-Julie / Savaria,H-C,Actif,Aucun visuel affich√©,,12-07-2025 01:34 PM,12-07-2025 01:34 PM,3017,Simon BÈgin <67952005.bxtw>,Simon BÈgin <67952005.bxtw>
71279,Principale / Jules-Choquet,H-C,Actif,Aucun visuel affich√©,,12-07-2025 01:34 PM,12-07-2025 01:34 PM,3018,Simon BÈgin <67952005.bxtw>,Simon BÈgin <67952005.bxtw>
71280,Daoust / de Bourgogne,H-C,Actif,Aucun visuel affich√©,,12-07-2025 01:34 PM,12-07-2025 01:34 PM,3019,Simon BÈgin <67952005.bxtw>,Simon BÈgin <67952005.bxtw>
71281,Principale / du Muguet,H-C,Actif,Aucun visuel affich√©,,12-07-2025 01:34 PM,12-07-2025 01:34 PM,3020,Simon BÈgin <67952005.bxtw>,Simon BÈgin <67952005.bxtw>
71282,de Murano / devant la Biblioth√®que Municipale,H-C,Actif,Aucun visuel affich√©,,12-07-2025 01:34 PM,12-07-2025 01:34 PM,3021,Simon BÈgin <67952005.bxtw>,Simon BÈgin <67952005.bxtw>
71283,Daoust / de la Bretagne,H-C,Actif,Aucun visuel affich√©,,12-07-2025 01:34 PM,12-07-2025 01:34 PM,3022,Simon BÈgin <67952005.bxtw>,Simon BÈgin <67952005.bxtw>
71284,Daoust / de la Savoie,H-C,Actif,Aucun visuel affich√©,,12-07-2025 01:34 PM,12-07-2025 01:34 PM,3023,Simon BÈgin <67952005.bxtw>,Simon BÈgin <67952005.bxtw>
71286,Jules-Choquet / Borduas,H-C,Actif,Aucun visuel affich√©,,12-07-2025 01:34 PM,12-07-2025 01:34 PM,3024,Simon BÈgin <67952005.bxtw>,Simon BÈgin <67952005.bxtw>
71287,Jules-Choquet / Robert,H-C,Actif,Aucun visuel affich√©,,12-07-2025 01:34 PM,12-07-2025 01:34 PM,3025,Simon BÈgin <67952005.bxtw>,Simon BÈgin <67952005.bxtw>
71288,Jules-Choquet / Principale,H-C,Actif,Aucun visuel affich√©,,12-07-2025 01:34 PM,12-07-2025 01:34 PM,3026,Simon BÈgin <67952005.bxtw>,Simon BÈgin <67952005.bxtw>
71291,Blaise-Pascal / Nobel,H-C,Actif,Aucun visuel affich√©,,12-07-2025 01:34 PM,12-07-2025 01:34 PM,3027,Simon BÈgin <67952005.bxtw>,Simon BÈgin <67952005.bxtw>
71294,du Fer-√†-Cheval / des Marguerites,H-C,Actif,Aucun visuel affich√©,,12-07-2025 01:34 PM,12-07-2025 01:34 PM,3028,Simon BÈgin <67952005.bxtw>,Simon BÈgin <67952005.bxtw>
71296,du Fer-√†-Cheval / Jules-Choquet,H-C,Actif,Aucun visuel affich√©,,12-07-2025 01:34 PM,12-07-2025 01:34 PM,3029,Simon BÈgin <67952005.bxtw>,Simon BÈgin <67952005.bxtw>
71300,Mont√©e Sainte-Julie / du Moulin,H-C,Actif,Aucun visuel affich√©,,12-07-2025 01:34 PM,12-07-2025 01:34 PM,3030,Simon BÈgin <67952005.bxtw>,Simon BÈgin <67952005.bxtw>
71301,Mont√©e Sainte-Julie / du Moulin,H-C,Actif,Aucun visuel affich√©,,12-07-2025 01:34 PM,12-07-2025 01:34 PM,3031,Simon BÈgin <67952005.bxtw>,Simon BÈgin <67952005.bxtw>
71303,de l'Abb√©-Th√©oret / F.-X.-Garneau,H-C,Actif,Aucun visuel affich√©,,12-07-2025 01:34 PM,12-07-2025 01:34 PM,3032,Simon BÈgin <67952005.bxtw>,Simon BÈgin <67952005.bxtw>
71305,de l'Abb√©-Th√©oret / Lionel-Groulx,H-C,Actif,Aucun visuel affich√©,,12-07-2025 01:34 PM,12-07-2025 01:34 PM,3033,Simon BÈgin <67952005.bxtw>,Simon BÈgin <67952005.bxtw>
71307,N.-P.-Lapierre / Borduas,H-C,Actif,Aucun visuel affich√©,,12-07-2025 01:34 PM,12-07-2025 01:34 PM,3034,Simon BÈgin <67952005.bxtw>,Simon BÈgin <67952005.bxtw>
71320,Terminus Sainte-Julie - Quai 7,H-C,Actif,Aucun visuel affich√©,,12-07-2025 01:34 PM,12-07-2025 01:34 PM,3035,Simon BÈgin <67952005.bxtw>,Simon BÈgin <67952005.bxtw>
71321,Terminus Sainte-Julie - Quai 6,H-C,Actif,Aucun visuel affich√©,,12-07-2025 01:34 PM,12-07-2025 01:34 PM,3036,Simon BÈgin <67952005.bxtw>,Simon BÈgin <67952005.bxtw>
71322,de l'Abb√©-Th√©oret / Croissant Beauchesne,H-C,Actif,Aucun visuel affich√©,,12-07-2025 01:34 PM,12-07-2025 01:34 PM,3037,Simon BÈgin <67952005.bxtw>,Simon BÈgin <67952005.bxtw>
71323,Terminus Sainte-Julie - Quai 1,H-C,Actif,Aucun visuel affich√©,,12-07-2025 01:34 PM,12-07-2025 01:34 PM,3038,Simon BÈgin <67952005.bxtw>,Simon BÈgin <67952005.bxtw>
71324,Terminus Sainte-Julie - Quai 2,H-C,Actif,Aucun visuel affich√©,,12-07-2025 01:34 PM,12-07-2025 01:34 PM,3039,Simon BÈgin <67952005.bxtw>,Simon BÈgin <67952005.bxtw>
71325,Terminus Sainte-Julie - Quai 3,H-C,Actif,Aucun visuel affich√©,,12-07-2025 01:34 PM,12-07-2025 01:34 PM,3040,Simon BÈgin <67952005.bxtw>,Simon BÈgin <67952005.bxtw>
71326,Terminus Sainte-Julie - Quai 4,H-C,Actif,Aucun visuel affich√©,,12-07-2025 01:34 PM,12-07-2025 01:34 PM,3041,Simon BÈgin <67952005.bxtw>,Simon BÈgin <67952005.bxtw>
71327,Terminus Sainte-Julie - Quai 5,H-C,Actif,Aucun visuel affich√©,,12-07-2025 01:34 PM,12-07-2025 01:34 PM,3042,Simon BÈgin <67952005.bxtw>,Simon BÈgin <67952005.bxtw>
71328,Terminus Sainte-Julie - Quai taxi,H-C,Actif,Aucun visuel affich√©,,12-07-2025 01:34 PM,12-07-2025 01:34 PM,3043,Simon BÈgin <67952005.bxtw>,Simon BÈgin <67952005.bxtw>
71330,Roland-Therrien / Fernand-Lafontaine,H-C,Actif,Aucun visuel affich√©,,12-07-2025 01:34 PM,12-07-2025 01:34 PM,3044,Simon BÈgin <67952005.bxtw>,Simon BÈgin <67952005.bxtw>
71331,Promenades Saint-Bruno / face √† la porte 2,H-C,Actif,Aucun visuel affich√©,,12-07-2025 01:34 PM,12-07-2025 01:34 PM,3045,Simon BÈgin <67952005.bxtw>,Simon BÈgin <67952005.bxtw>
71337,du Fer-√†-Cheval / Jacquelin-Beaulieu,H-C,Actif,Aucun visuel affich√©,,12-07-2025 01:34 PM,12-07-2025 01:34 PM,3046,Simon BÈgin <67952005.bxtw>,Simon BÈgin <67952005.bxtw>
71338,du Fer-√†-Cheval / de l'An√©mone,H-C,Actif,Aucun visuel affich√©,,12-07-2025 01:34 PM,12-07-2025 01:34 PM,3047,Simon BÈgin <67952005.bxtw>,Simon BÈgin <67952005.bxtw>
71339,de l'An√©mone / du Sorbier,H-C,Actif,Aucun visuel affich√©,,12-07-2025 01:34 PM,12-07-2025 01:34 PM,3048,Simon BÈgin <67952005.bxtw>,Simon BÈgin <67952005.bxtw>
71340,du Sorbier / du Sureau,H-C,Actif,Aucun visuel affich√©,,12-07-2025 01:34 PM,12-07-2025 01:34 PM,3049,Simon BÈgin <67952005.bxtw>,Simon BÈgin <67952005.bxtw>
71341,du Sureau / du Fer-√†-Cheval,H-C,Actif,Aucun visuel affich√©,,12-07-2025 01:34 PM,12-07-2025 01:34 PM,3050,Simon BÈgin <67952005.bxtw>,Simon BÈgin <67952005.bxtw>
71343,du Liseron / devant le 117,H-C,Actif,Aucun visuel affich√©,,12-07-2025 01:34 PM,12-07-2025 01:34 PM,3051,Simon BÈgin <67952005.bxtw>,Simon BÈgin <67952005.bxtw>
71344,du Liseron / devant le 61,H-C,Actif,Aucun visuel affich√©,,12-07-2025 01:34 PM,12-07-2025 01:34 PM,3052,Simon BÈgin <67952005.bxtw>,Simon BÈgin <67952005.bxtw>
71345,du Liseron / du Fer-√†-Cheval,H-C,Actif,Aucun visuel affich√©,,12-07-2025 01:34 PM,12-07-2025 01:34 PM,3053,Simon BÈgin <67952005.bxtw>,Simon BÈgin <67952005.bxtw>
71346,du Fer-√†-Cheval / Place du Fer-√†-Cheval,H-C,Actif,Aucun visuel affich√©,,12-07-2025 01:34 PM,12-07-2025 01:34 PM,3054,Simon BÈgin <67952005.bxtw>,Simon BÈgin <67952005.bxtw>
71352,Principale / du Fer-√†-Cheval,H-C,Actif,Aucun visuel affich√©,,12-07-2025 01:34 PM,12-07-2025 01:34 PM,3055,Simon BÈgin <67952005.bxtw>,Simon BÈgin <67952005.bxtw>
71354,Principale / des Capucines,H-C,Actif,Aucun visuel affich√©,,12-07-2025 01:34 PM,12-07-2025 01:34 PM,3056,Simon BÈgin <67952005.bxtw>,Simon BÈgin <67952005.bxtw>
71356,du Fer-√†-Cheval / des Pervenches,H-C,Actif,Aucun visuel affich√©,,12-07-2025 01:34 PM,12-07-2025 01:34 PM,3057,Simon BÈgin <67952005.bxtw>,Simon BÈgin <67952005.bxtw>
71370,Calixa-Lavall√©e / Albert-Ferland,H-C,Actif,Aucun visuel affich√©,,12-07-2025 01:34 PM,12-07-2025 01:34 PM,3058,Simon BÈgin <67952005.bxtw>,Simon BÈgin <67952005.bxtw>
71394,Armand-Frappier / Principale,H-C,Actif,Aucun visuel affich√©,,12-07-2025 01:34 PM,12-07-2025 01:34 PM,3059,Simon BÈgin <67952005.bxtw>,Simon BÈgin <67952005.bxtw>
71412,N.-P.-Lapierre / Beauchemin,H-C,Actif,Aucun visuel affich√©,,12-07-2025 01:34 PM,12-07-2025 01:34 PM,3060,Simon BÈgin <67952005.bxtw>,Simon BÈgin <67952005.bxtw>
71413,D√©carie / N.-P.-Lapierre,H-C,Actif,Aucun visuel affich√©,,12-07-2025 01:34 PM,12-07-2025 01:34 PM,3061,Simon BÈgin <67952005.bxtw>,Simon BÈgin <67952005.bxtw>
71423,Armand-Frappier / N.-P.-Lapierre,H-C,Actif,Aucun visuel affich√©,,12-07-2025 01:34 PM,12-07-2025 01:34 PM,3062,Simon BÈgin <67952005.bxtw>,Simon BÈgin <67952005.bxtw>
71424,N.-P.-Lapierre / Armand-Frappier,H-C,Actif,Aucun visuel affich√©,,12-07-2025 01:34 PM,12-07-2025 01:34 PM,3063,Simon BÈgin <67952005.bxtw>,Simon BÈgin <67952005.bxtw>
71425,Armand-Frappier / de Paris,H-C,Actif,Aucun visuel affich√©,,12-07-2025 01:34 PM,12-07-2025 01:34 PM,3064,Simon BÈgin <67952005.bxtw>,Simon BÈgin <67952005.bxtw>
71426,Armand-Frappier / Place de Blois,H-C,Actif,Aucun visuel affich√©,,12-07-2025 01:34 PM,12-07-2025 01:34 PM,3065,Simon BÈgin <67952005.bxtw>,Simon BÈgin <67952005.bxtw>
71427,Armand-Frappier / Place de Valen√ßay,H-C,Actif,Aucun visuel affich√©,,12-07-2025 01:34 PM,12-07-2025 01:34 PM,3066,Simon BÈgin <67952005.bxtw>,Simon BÈgin <67952005.bxtw>
71428,Principale / de la Concorde,H-C,Actif,Aucun visuel affich√©,,12-07-2025 01:34 PM,12-07-2025 01:34 PM,3067,Simon BÈgin <67952005.bxtw>,Simon BÈgin <67952005.bxtw>
71429,Armand-Frappier / devant le 210,H-C,Actif,Aucun visuel affich√©,,12-07-2025 01:34 PM,12-07-2025 01:34 PM,3068,Simon BÈgin <67952005.bxtw>,Simon BÈgin <67952005.bxtw>
71431,Armand-Frappier / de Grenoble,H-C,Actif,Aucun visuel affich√©,,12-07-2025 01:34 PM,12-07-2025 01:34 PM,3069,Simon BÈgin <67952005.bxtw>,Simon BÈgin <67952005.bxtw>
71432,de Murano (Maxi),H-C,Actif,Aucun visuel affich√©,,12-07-2025 01:34 PM,12-07-2025 01:34 PM,3070,Simon BÈgin <67952005.bxtw>,Simon BÈgin <67952005.bxtw>
71433,de Murano (R√©sidence Vast),H-C,Actif,Aucun visuel affich√©,,12-07-2025 01:34 PM,12-07-2025 01:34 PM,3071,Simon BÈgin <67952005.bxtw>,Simon BÈgin <67952005.bxtw>
71450,des Pionniers / du Cr√©puscule,H-C,Actif,Aucun visuel affich√©,,12-07-2025 01:34 PM,12-07-2025 01:34 PM,3072,Simon BÈgin <67952005.bxtw>,Simon BÈgin <67952005.bxtw>
71452,des Pionniers / B√©nard,H-C,Actif,Aucun visuel affich√©,,12-07-2025 01:34 PM,12-07-2025 01:34 PM,3073,Simon BÈgin <67952005.bxtw>,Simon BÈgin <67952005.bxtw>
71454,des Pionniers / Saint-Pierre,H-C,Actif,Aucun visuel affich√©,,12-07-2025 01:34 PM,12-07-2025 01:34 PM,3074,Simon BÈgin <67952005.bxtw>,Simon BÈgin <67952005.bxtw>
71456,des Pionniers / des B√¢tisseurs,H-C,Actif,Aucun visuel affich√©,,12-07-2025 01:34 PM,12-07-2025 01:34 PM,3075,Simon BÈgin <67952005.bxtw>,Simon BÈgin <67952005.bxtw>
71464,des Batisseurs / Denise-Collette,H-C,Actif,Aucun visuel affich√©,,12-07-2025 01:34 PM,12-07-2025 01:34 PM,3076,Simon BÈgin <67952005.bxtw>,Simon BÈgin <67952005.bxtw>
71602,Ch. Du Fer-√†-cheval / face au #930,H-C,Actif,Aucun visuel affich√©,,12-07-2025 01:34 PM,12-07-2025 01:34 PM,3077,Simon BÈgin <67952005.bxtw>,Simon BÈgin <67952005.bxtw>
71603,Ch. Du Fer-√†-cheval / devant le #930,H-C,Actif,Aucun visuel affich√©,,12-07-2025 01:34 PM,12-07-2025 01:34 PM,3078,Simon BÈgin <67952005.bxtw>,Simon BÈgin <67952005.bxtw>
71604,Ch. Du Fer-√†-cheval / devant le #911,H-C,Actif,Aucun visuel affich√©,,12-07-2025 01:34 PM,12-07-2025 01:34 PM,3079,Simon BÈgin <67952005.bxtw>,Simon BÈgin <67952005.bxtw>
71605,Route 229 / devant le #1284,H-C,Actif,Aucun visuel affich√©,,12-07-2025 01:34 PM,12-07-2025 01:34 PM,3080,Simon BÈgin <67952005.bxtw>,Simon BÈgin <67952005.bxtw>
71606,Route 229 / devant le #1275,H-C,Actif,Aucun visuel affich√©,,12-07-2025 01:34 PM,12-07-2025 01:34 PM,3081,Simon BÈgin <67952005.bxtw>,Simon BÈgin <67952005.bxtw>
71607,Coulombe / devant le #1101,H-C,Actif,Aucun visuel affich√©,,12-07-2025 01:34 PM,12-07-2025 01:34 PM,3082,Simon BÈgin <67952005.bxtw>,Simon BÈgin <67952005.bxtw>
71608,Coulombe / face au #1101,H-C,Actif,Aucun visuel affich√©,,12-07-2025 01:34 PM,12-07-2025 01:34 PM,3083,Simon BÈgin <67952005.bxtw>,Simon BÈgin <67952005.bxtw>
71609,Coulombe / face au #1800,H-C,Actif,Aucun visuel affich√©,,12-07-2025 01:34 PM,12-07-2025 01:34 PM,3084,Simon BÈgin <67952005.bxtw>,Simon BÈgin <67952005.bxtw>
71973,Main / Cameron,H-C,Actif,Aucun visuel affich√©,,12-07-2025 01:34 PM,12-07-2025 01:34 PM,3085,Simon BÈgin <67952005.bxtw>,Simon BÈgin <67952005.bxtw>
71974,Main / Selkirk,H-C,Actif,Aucun visuel affich√©,,12-07-2025 01:34 PM,12-07-2025 01:34 PM,3086,Simon BÈgin <67952005.bxtw>,Simon BÈgin <67952005.bxtw>
71975,Main / Elm,H-C,Actif,Aucun visuel affich√©,,12-07-2025 01:34 PM,12-07-2025 01:34 PM,3087,Simon BÈgin <67952005.bxtw>,Simon BÈgin <67952005.bxtw>
71996,Bourget / Jeannotte,H-C,Actif,Aucun visuel affich√©,,12-07-2025 01:34 PM,12-07-2025 01:34 PM,3088,Simon BÈgin <67952005.bxtw>,Simon BÈgin <67952005.bxtw>
71997,Pointe-aux-Renards / de la Coop√©rative,H-C,Actif,Aucun visuel affich√©,,12-07-2025 01:34 PM,12-07-2025 01:34 PM,3089,Simon BÈgin <67952005.bxtw>,Simon BÈgin <67952005.bxtw>
71998,1er Boulevard / 11e Avenue,H-C,Actif,Aucun visuel affich√©,,12-07-2025 01:34 PM,12-07-2025 01:34 PM,3090,Simon BÈgin <67952005.bxtw>,Simon BÈgin <67952005.bxtw>
71999,1er Boulevard / 11e Avenue,H-C,Actif,Aucun visuel affich√©,,12-07-2025 01:34 PM,12-07-2025 01:34 PM,3091,Simon BÈgin <67952005.bxtw>,Simon BÈgin <67952005.bxtw>
72007,C√¥te Saint-Charles / Bridle Path,H-C,Actif,Aucun visuel affich√©,,12-07-2025 01:34 PM,12-07-2025 01:34 PM,3092,Simon BÈgin <67952005.bxtw>,Simon BÈgin <67952005.bxtw>
72008,Main / Mount Pleasant,H-C,Actif,Aucun visuel affich√©,,12-07-2025 01:34 PM,12-07-2025 01:34 PM,3093,Simon BÈgin <67952005.bxtw>,Simon BÈgin <67952005.bxtw>
72009,Mount Pleasant / devant le civique 92,H-C,Actif,Aucun visuel affich√©,,12-07-2025 01:34 PM,12-07-2025 01:34 PM,3094,Simon BÈgin <67952005.bxtw>,Simon BÈgin <67952005.bxtw>
72010,Mount Pleasant / Upper McNaughten,H-C,Actif,Aucun visuel affich√©,,12-07-2025 01:34 PM,12-07-2025 01:34 PM,3095,Simon BÈgin <67952005.bxtw>,Simon BÈgin <67952005.bxtw>
72011,Mount Pleasant / Cameron,H-C,Actif,Aucun visuel affich√©,,12-07-2025 01:34 PM,12-07-2025 01:34 PM,3096,Simon BÈgin <67952005.bxtw>,Simon BÈgin <67952005.bxtw>
72012,Cameron / Wellesley,H-C,Actif,Aucun visuel affich√©,,12-07-2025 01:34 PM,12-07-2025 01:34 PM,3097,Simon BÈgin <67952005.bxtw>,Simon BÈgin <67952005.bxtw>
72013,Cameron / Fairhaven,H-C,Actif,Aucun visuel affich√©,,12-07-2025 01:34 PM,12-07-2025 01:34 PM,3098,Simon BÈgin <67952005.bxtw>,Simon BÈgin <67952005.bxtw>
72014,C√¥te Saint-Charles / Windcrest,H-C,Actif,Aucun visuel affich√©,,12-07-2025 01:34 PM,12-07-2025 01:34 PM,3099,Simon BÈgin <67952005.bxtw>,Simon BÈgin <67952005.bxtw>
72015,C√¥te Saint-Charles / devant l'√âcole Westwood,H-C,Actif,Aucun visuel affich√©,,12-07-2025 01:34 PM,12-07-2025 01:34 PM,3100,Simon BÈgin <67952005.bxtw>,Simon BÈgin <67952005.bxtw>
72016,C√¥te Saint-Charles / Forestview,H-C,Actif,Aucun visuel affich√©,,12-07-2025 01:34 PM,12-07-2025 01:34 PM,3101,Simon BÈgin <67952005.bxtw>,Simon BÈgin <67952005.bxtw>
72017,C√¥te Saint-Charles / Hillside,H-C,Actif,Aucun visuel affich√©,,12-07-2025 01:34 PM,12-07-2025 01:34 PM,3102,Simon BÈgin <67952005.bxtw>,Simon BÈgin <67952005.bxtw>
72018,C√¥te Saint-Charles / Ridge,H-C,Actif,Aucun visuel affich√©,,12-07-2025 01:34 PM,12-07-2025 01:34 PM,3103,Simon BÈgin <67952005.bxtw>,Simon BÈgin <67952005.bxtw>
72019,C√¥te Saint-Charles / Main,H-C,Actif,Aucun visuel affich√©,,12-07-2025 01:34 PM,12-07-2025 01:34 PM,3104,Simon BÈgin <67952005.bxtw>,Simon BÈgin <67952005.bxtw>
72020,de Provence / Raimbeau,H-C,Actif,Aucun visuel affich√©,,12-07-2025 01:34 PM,12-07-2025 01:34 PM,3105,Simon BÈgin <67952005.bxtw>,Simon BÈgin <67952005.bxtw>
72021,de Provence / Raimbeau,H-C,Actif,Aucun visuel affich√©,,12-07-2025 01:34 PM,12-07-2025 01:34 PM,3106,Simon BÈgin <67952005.bxtw>,Simon BÈgin <67952005.bxtw>
72022,Mont√©e Sagala / Henriette,H-C,Actif,Aucun visuel affich√©,,12-07-2025 01:34 PM,12-07-2025 01:34 PM,3107,Simon BÈgin <67952005.bxtw>,Simon BÈgin <67952005.bxtw>
72023,Mont√©e Sagala / Henriette,H-C,Actif,Aucun visuel affich√©,,12-07-2025 01:34 PM,12-07-2025 01:34 PM,3108,Simon BÈgin <67952005.bxtw>,Simon BÈgin <67952005.bxtw>
72024,Grand Boulevard / 4e Rue,H-C,Actif,Aucun visuel affich√©,,12-07-2025 01:34 PM,12-07-2025 01:34 PM,3109,Simon BÈgin <67952005.bxtw>,Simon BÈgin <67952005.bxtw>
72025,4e Rue / Grand Boulevard,H-C,Actif,Aucun visuel affich√©,,12-07-2025 01:34 PM,12-07-2025 01:34 PM,3110,Simon BÈgin <67952005.bxtw>,Simon BÈgin <67952005.bxtw>
72026,Grand Boulevard / 4e Rue,H-C,Actif,Aucun visuel affich√©,,12-07-2025 01:34 PM,12-07-2025 01:34 PM,3111,Simon BÈgin <67952005.bxtw>,Simon BÈgin <67952005.bxtw>
72027,4e Rue / 7e Avenue,H-C,Actif,Aucun visuel affich√©,,12-07-2025 01:34 PM,12-07-2025 01:34 PM,3112,Simon BÈgin <67952005.bxtw>,Simon BÈgin <67952005.bxtw>
72028,4e Rue / 7e Avenue,H-C,Actif,Aucun visuel affich√©,,12-07-2025 01:34 PM,12-07-2025 01:34 PM,3113,Simon BÈgin <67952005.bxtw>,Simon BÈgin <67952005.bxtw>
72029,Boischatel / de Provence,H-C,Actif,Aucun visuel affich√©,,12-07-2025 01:34 PM,12-07-2025 01:34 PM,3114,Simon BÈgin <67952005.bxtw>,Simon BÈgin <67952005.bxtw>
72030,Boischatel / de Provence,H-C,Actif,Aucun visuel affich√©,,12-07-2025 01:34 PM,12-07-2025 01:34 PM,3115,Simon BÈgin <67952005.bxtw>,Simon BÈgin <67952005.bxtw>
72031,du Bois√© / 4e Rue,H-C,Actif,Aucun visuel affich√©,,12-07-2025 01:34 PM,12-07-2025 01:34 PM,3116,Simon BÈgin <67952005.bxtw>,Simon BÈgin <67952005.bxtw>
72032,4e Rue / du Bois√©,H-C,Actif,Aucun visuel affich√©,,12-07-2025 01:34 PM,12-07-2025 01:34 PM,3117,Simon BÈgin <67952005.bxtw>,Simon BÈgin <67952005.bxtw>
72033,Boischatel / des Bouleaux,H-C,Actif,Aucun visuel affich√©,,12-07-2025 01:34 PM,12-07-2025 01:34 PM,3118,Simon BÈgin <67952005.bxtw>,Simon BÈgin <67952005.bxtw>
72034,Boischatel / des Bouleaux,H-C,Actif,Aucun visuel affich√©,,12-07-2025 01:34 PM,12-07-2025 01:34 PM,3119,Simon BÈgin <67952005.bxtw>,Simon BÈgin <67952005.bxtw>
72035,Don-Quichotte / 24e Avenue,H-C,Actif,Aucun visuel affich√©,,12-07-2025 01:34 PM,12-07-2025 01:34 PM,3120,Simon BÈgin <67952005.bxtw>,Simon BÈgin <67952005.bxtw>
72036,Don-Quichotte / devant le LILO,H-C,Actif,Aucun visuel affich√©,,12-07-2025 01:34 PM,12-07-2025 01:34 PM,3121,Simon BÈgin <67952005.bxtw>,Simon BÈgin <67952005.bxtw>
72037,Grand Boulevard / face √† l'√©cole Virginie-Roy,H-C,Actif,Aucun visuel affich√©,,12-07-2025 01:34 PM,12-07-2025 01:34 PM,3122,Simon BÈgin <67952005.bxtw>,Simon BÈgin <67952005.bxtw>
72038,Don-Quichotte / Grand Boulevard,H-C,Actif,Aucun visuel affich√©,,12-07-2025 01:34 PM,12-07-2025 01:34 PM,3123,Simon BÈgin <67952005.bxtw>,Simon BÈgin <67952005.bxtw>
72039,Don-Quichotte / Grand Boulevard,H-C,Actif,Aucun visuel affich√©,,12-07-2025 01:34 PM,12-07-2025 01:34 PM,3124,Simon BÈgin <67952005.bxtw>,Simon BÈgin <67952005.bxtw>
72040,Gare √éle-Perrot - Quai 4,H-C,Actif,Aucun visuel affich√©,,12-07-2025 01:34 PM,12-07-2025 01:34 PM,3125,Simon BÈgin <67952005.bxtw>,Simon BÈgin <67952005.bxtw>
72041,Gare √éle-Perrot - Quai 3,H-C,Actif,Aucun visuel affich√©,,12-07-2025 01:34 PM,12-07-2025 01:34 PM,3126,Simon BÈgin <67952005.bxtw>,Simon BÈgin <67952005.bxtw>
72042,Grand Boulevard / devant le civique 405,H-C,Actif,Aucun visuel affich√©,,12-07-2025 01:34 PM,12-07-2025 01:34 PM,3127,Simon BÈgin <67952005.bxtw>,Simon BÈgin <67952005.bxtw>
72043,Grand Boulevard / devant le civique 400,H-C,Actif,Aucun visuel affich√©,,12-07-2025 01:34 PM,12-07-2025 01:34 PM,3128,Simon BÈgin <67952005.bxtw>,Simon BÈgin <67952005.bxtw>
72044,de Provence / de Marseille,H-C,Actif,Aucun visuel affich√©,,12-07-2025 01:34 PM,12-07-2025 01:34 PM,3129,Simon BÈgin <67952005.bxtw>,Simon BÈgin <67952005.bxtw>
72045,de Provence / de Marseille,H-C,Actif,Aucun visuel affich√©,,12-07-2025 01:34 PM,12-07-2025 01:34 PM,3130,Simon BÈgin <67952005.bxtw>,Simon BÈgin <67952005.bxtw>
72046,des √ârables / Giffard,H-C,Actif,Aucun visuel affich√©,,12-07-2025 01:34 PM,12-07-2025 01:34 PM,3131,Simon BÈgin <67952005.bxtw>,Simon BÈgin <67952005.bxtw>
72047,des √ârables / Giffard,H-C,Actif,Aucun visuel affich√©,,12-07-2025 01:34 PM,12-07-2025 01:34 PM,3132,Simon BÈgin <67952005.bxtw>,Simon BÈgin <67952005.bxtw>
72048,des √ârables / du Port-Joli,H-C,Actif,Aucun visuel affich√©,,12-07-2025 01:34 PM,12-07-2025 01:34 PM,3133,Simon BÈgin <67952005.bxtw>,Simon BÈgin <67952005.bxtw>
72049,des √ârables / du Port-Joli,H-C,Actif,Aucun visuel affich√©,,12-07-2025 01:34 PM,12-07-2025 01:34 PM,3134,Simon BÈgin <67952005.bxtw>,Simon BÈgin <67952005.bxtw>
72050,des √ârables / des H√™tres,H-C,Actif,Aucun visuel affich√©,,12-07-2025 01:34 PM,12-07-2025 01:34 PM,3135,Simon BÈgin <67952005.bxtw>,Simon BÈgin <67952005.bxtw>
72051,des √ârables / des H√™tres,H-C,Actif,Aucun visuel affich√©,,12-07-2025 01:34 PM,12-07-2025 01:34 PM,3136,Simon BÈgin <67952005.bxtw>,Simon BÈgin <67952005.bxtw>
72052,des √ârables / 25e Avenue,H-C,Actif,Aucun visuel affich√©,,12-07-2025 01:34 PM,12-07-2025 01:34 PM,3137,Simon BÈgin <67952005.bxtw>,Simon BÈgin <67952005.bxtw>
72053,des √ârables / 25e Avenue,H-C,Actif,Aucun visuel affich√©,,12-07-2025 01:34 PM,12-07-2025 01:34 PM,3138,Simon BÈgin <67952005.bxtw>,Simon BÈgin <67952005.bxtw>
72054,23e Avenue / des √ârables,H-C,Actif,Aucun visuel affich√©,,12-07-2025 01:34 PM,12-07-2025 01:34 PM,3139,Simon BÈgin <67952005.bxtw>,Simon BÈgin <67952005.bxtw>
72055,des √ârables / 23e Avenue,H-C,Actif,Aucun visuel affich√©,,12-07-2025 01:34 PM,12-07-2025 01:34 PM,3140,Simon BÈgin <67952005.bxtw>,Simon BÈgin <67952005.bxtw>
72056,23e Avenue / 4e Rue,H-C,Actif,Aucun visuel affich√©,,12-07-2025 01:34 PM,12-07-2025 01:34 PM,3141,Simon BÈgin <67952005.bxtw>,Simon BÈgin <67952005.bxtw>
72057,4e Rue / 23e Avenue,H-C,Actif,Aucun visuel affich√©,,12-07-2025 01:34 PM,12-07-2025 01:34 PM,3142,Simon BÈgin <67952005.bxtw>,Simon BÈgin <67952005.bxtw>
72058,4e Rue / des Ancolies,H-C,Actif,Aucun visuel affich√©,,12-07-2025 01:34 PM,12-07-2025 01:34 PM,3143,Simon BÈgin <67952005.bxtw>,Simon BÈgin <67952005.bxtw>
72059,4e Rue / des Ancolies,H-C,Actif,Aucun visuel affich√©,,12-07-2025 01:34 PM,12-07-2025 01:34 PM,3144,Simon BÈgin <67952005.bxtw>,Simon BÈgin <67952005.bxtw>
72060,du Parc / des Foug√®res,H-C,Actif,Aucun visuel affich√©,,12-07-2025 01:34 PM,12-07-2025 01:34 PM,3145,Simon BÈgin <67952005.bxtw>,Simon BÈgin <67952005.bxtw>
72061,Perrot / 10e Avenue,H-C,Actif,Aucun visuel affich√©,,12-07-2025 01:34 PM,12-07-2025 01:34 PM,3146,Simon BÈgin <67952005.bxtw>,Simon BÈgin <67952005.bxtw>
72062,10e Avenue / Perrot,H-C,Actif,Aucun visuel affich√©,,12-07-2025 01:34 PM,12-07-2025 01:34 PM,3147,Simon BÈgin <67952005.bxtw>,Simon BÈgin <67952005.bxtw>
72063,Perrot / 10e Avenue,H-C,Actif,Aucun visuel affich√©,,12-07-2025 01:34 PM,12-07-2025 01:34 PM,3148,Simon BÈgin <67952005.bxtw>,Simon BÈgin <67952005.bxtw>
72064,Perrot / 7e Avenue,H-C,Actif,Aucun visuel affich√©,,12-07-2025 01:34 PM,12-07-2025 01:34 PM,3149,Simon BÈgin <67952005.bxtw>,Simon BÈgin <67952005.bxtw>
72065,Perrot / 7e Avenue,H-C,Actif,Aucun visuel affich√©,,12-07-2025 01:34 PM,12-07-2025 01:34 PM,3150,Simon BÈgin <67952005.bxtw>,Simon BÈgin <67952005.bxtw>
72066,Grand Boulevard / Saint-Pierre,H-C,Actif,Aucun visuel affich√©,,12-07-2025 01:34 PM,12-07-2025 01:34 PM,3151,Simon BÈgin <67952005.bxtw>,Simon BÈgin <67952005.bxtw>
72067,Grand Boulevard / Saint-Pierre,H-C,Actif,Aucun visuel affich√©,,12-07-2025 01:34 PM,12-07-2025 01:34 PM,3152,Simon BÈgin <67952005.bxtw>,Simon BÈgin <67952005.bxtw>
72068,Don-Quichotte / devant le Carrefour Don-Quichotte,H-C,Actif,Aucun visuel affich√©,,12-07-2025 01:34 PM,12-07-2025 01:34 PM,3153,Simon BÈgin <67952005.bxtw>,Simon BÈgin <67952005.bxtw>
72069,Don-Quichotte / face au Carrefour Don-Quichotte,H-C,Actif,Aucun visuel affich√©,,12-07-2025 01:34 PM,12-07-2025 01:34 PM,3154,Simon BÈgin <67952005.bxtw>,Simon BÈgin <67952005.bxtw>
72070,Grand Boulevard / 4e Avenue,H-C,Actif,Aucun visuel affich√©,,12-07-2025 01:34 PM,12-07-2025 01:34 PM,3155,Simon BÈgin <67952005.bxtw>,Simon BÈgin <67952005.bxtw>
72071,Grand Boulevard / 4e Avenue,H-C,Actif,Aucun visuel affich√©,,12-07-2025 01:34 PM,12-07-2025 01:34 PM,3156,Simon BÈgin <67952005.bxtw>,Simon BÈgin <67952005.bxtw>
72072,5e Avenue / Grand Boulevard,H-C,Actif,Aucun visuel affich√©,,12-07-2025 01:34 PM,12-07-2025 01:34 PM,3157,Simon BÈgin <67952005.bxtw>,Simon BÈgin <67952005.bxtw>
72073,Grand Boulevard / 5e Avenue,H-C,Actif,Aucun visuel affich√©,,12-07-2025 01:34 PM,12-07-2025 01:34 PM,3158,Simon BÈgin <67952005.bxtw>,Simon BÈgin <67952005.bxtw>
72074,Aur√©lien-S√©guin / 8e Avenue,H-C,Actif,Aucun visuel affich√©,,12-07-2025 01:34 PM,12-07-2025 01:34 PM,3159,Simon BÈgin <67952005.bxtw>,Simon BÈgin <67952005.bxtw>
72075,8e Avenue / Aur√©lien-S√©guin,H-C,Actif,Aucun visuel affich√©,,12-07-2025 01:34 PM,12-07-2025 01:34 PM,3160,Simon BÈgin <67952005.bxtw>,Simon BÈgin <67952005.bxtw>
72076,10e Avenue / Aur√©lien-S√©guin,H-C,Actif,Aucun visuel affich√©,,12-07-2025 01:34 PM,12-07-2025 01:34 PM,3161,Simon BÈgin <67952005.bxtw>,Simon BÈgin <67952005.bxtw>
72077,Aur√©lien-S√©guin / 10e Avenue,H-C,Actif,Aucun visuel affich√©,,12-07-2025 01:34 PM,12-07-2025 01:34 PM,3162,Simon BÈgin <67952005.bxtw>,Simon BÈgin <67952005.bxtw>
72078,Perrot / 23e Avenue,H-C,Actif,Aucun visuel affich√©,,12-07-2025 01:34 PM,12-07-2025 01:34 PM,3163,Simon BÈgin <67952005.bxtw>,Simon BÈgin <67952005.bxtw>
72079,Perrot / 23e Avenue,H-C,Actif,Aucun visuel affich√©,,12-07-2025 01:34 PM,12-07-2025 01:34 PM,3164,Simon BÈgin <67952005.bxtw>,Simon BÈgin <67952005.bxtw>
72080,27e Avenue / Perrot,H-C,Actif,Aucun visuel affich√©,,12-07-2025 01:34 PM,12-07-2025 01:34 PM,3165,Simon BÈgin <67952005.bxtw>,Simon BÈgin <67952005.bxtw>
72081,Perrot / 27e Avenue,H-C,Actif,Aucun visuel affich√©,,12-07-2025 01:34 PM,12-07-2025 01:34 PM,3166,Simon BÈgin <67952005.bxtw>,Simon BÈgin <67952005.bxtw>
72082,Perrot / 27e Avenue,H-C,Actif,Aucun visuel affich√©,,12-07-2025 01:34 PM,12-07-2025 01:34 PM,3167,Simon BÈgin <67952005.bxtw>,Simon BÈgin <67952005.bxtw>
72083,des Ruisseaux / 27e Avenue,H-C,Actif,Aucun visuel affich√©,,12-07-2025 01:34 PM,12-07-2025 01:34 PM,3168,Simon BÈgin <67952005.bxtw>,Simon BÈgin <67952005.bxtw>
72084,27e Avenue / des Ruisseaux,H-C,Actif,Aucun visuel affich√©,,12-07-2025 01:34 PM,12-07-2025 01:34 PM,3169,Simon BÈgin <67952005.bxtw>,Simon BÈgin <67952005.bxtw>
72085,des Ruisseaux / face au 145,H-C,Actif,Aucun visuel affich√©,,12-07-2025 01:34 PM,12-07-2025 01:34 PM,3170,Simon BÈgin <67952005.bxtw>,Simon BÈgin <67952005.bxtw>
72086,des Ruisseaux / face au 150,H-C,Actif,Aucun visuel affich√©,,12-07-2025 01:34 PM,12-07-2025 01:34 PM,3171,Simon BÈgin <67952005.bxtw>,Simon BÈgin <67952005.bxtw>
72087,Datura / des Ruisseaux,H-C,Actif,Aucun visuel affich√©,,12-07-2025 01:34 PM,12-07-2025 01:34 PM,3172,Simon BÈgin <67952005.bxtw>,Simon BÈgin <67952005.bxtw>
72088,des Ruisseaux / Datura,H-C,Actif,Aucun visuel affich√©,,12-07-2025 01:34 PM,12-07-2025 01:34 PM,3173,Simon BÈgin <67952005.bxtw>,Simon BÈgin <67952005.bxtw>
72089,Datura / Perrot,H-C,Actif,Aucun visuel affich√©,,12-07-2025 01:34 PM,12-07-2025 01:34 PM,3174,Simon BÈgin <67952005.bxtw>,Simon BÈgin <67952005.bxtw>
72090,Perrot / Datura,H-C,Actif,Aucun visuel affich√©,,12-07-2025 01:34 PM,12-07-2025 01:34 PM,3175,Simon BÈgin <67952005.bxtw>,Simon BÈgin <67952005.bxtw>
72091,Perrot / Datura,H-C,Actif,Aucun visuel affich√©,,12-07-2025 01:34 PM,12-07-2025 01:34 PM,3176,Simon BÈgin <67952005.bxtw>,Simon BÈgin <67952005.bxtw>
72092,Perrot / 21e Avenue,H-C,Actif,Aucun visuel affich√©,,12-07-2025 01:34 PM,12-07-2025 01:34 PM,3177,Simon BÈgin <67952005.bxtw>,Simon BÈgin <67952005.bxtw>
72093,Perrot / 21e Avenue,H-C,Actif,Aucun visuel affich√©,,12-07-2025 01:34 PM,12-07-2025 01:34 PM,3178,Simon BÈgin <67952005.bxtw>,Simon BÈgin <67952005.bxtw>
72094,Don-Quichotte / devant Galeries Don-Quichotte,H-C,Actif,Aucun visuel affich√©,,12-07-2025 01:34 PM,12-07-2025 01:34 PM,3179,Simon BÈgin <67952005.bxtw>,Simon BÈgin <67952005.bxtw>
72095,Don-Quichotte / des Rosiers,H-C,Actif,Aucun visuel affich√©,,12-07-2025 01:34 PM,12-07-2025 01:34 PM,3180,Simon BÈgin <67952005.bxtw>,Simon BÈgin <67952005.bxtw>
72096,Don-Quichotte / des Rosiers,H-C,Actif,Aucun visuel affich√©,,12-07-2025 01:34 PM,12-07-2025 01:34 PM,3181,Simon BÈgin <67952005.bxtw>,Simon BÈgin <67952005.bxtw>
72097,Grand Boulevard / devant le civique 573,H-C,Actif,Aucun visuel affich√©,,12-07-2025 01:34 PM,12-07-2025 01:34 PM,3182,Simon BÈgin <67952005.bxtw>,Simon BÈgin <67952005.bxtw>
72098,Ren√©-√âmard / Grand Boulevard,H-C,Actif,Aucun visuel affich√©,,12-07-2025 01:34 PM,12-07-2025 01:34 PM,3183,Simon BÈgin <67952005.bxtw>,Simon BÈgin <67952005.bxtw>
72099,Ren√©-√âmard / Lucien-Manning,H-C,Actif,Aucun visuel affich√©,,12-07-2025 01:34 PM,12-07-2025 01:34 PM,3184,Simon BÈgin <67952005.bxtw>,Simon BÈgin <67952005.bxtw>
72100,Lucien-Manning / Ren√©-√âmard,H-C,Actif,Aucun visuel affich√©,,12-07-2025 01:34 PM,12-07-2025 01:34 PM,3185,Simon BÈgin <67952005.bxtw>,Simon BÈgin <67952005.bxtw>
72101,Grand Boulevard / Lucien-Manning,H-C,Actif,Aucun visuel affich√©,,12-07-2025 01:34 PM,12-07-2025 01:34 PM,3186,Simon BÈgin <67952005.bxtw>,Simon BÈgin <67952005.bxtw>
72102,Lucien-Manning / Grand Boulevard,H-C,Actif,Aucun visuel affich√©,,12-07-2025 01:34 PM,12-07-2025 01:34 PM,3187,Simon BÈgin <67952005.bxtw>,Simon BÈgin <67952005.bxtw>
72103,Grand Boulevard / des √âmeraudes,H-C,Actif,Aucun visuel affich√©,,12-07-2025 01:34 PM,12-07-2025 01:34 PM,3188,Simon BÈgin <67952005.bxtw>,Simon BÈgin <67952005.bxtw>
72105,Lucien-Manning / Grand Boulevard,H-C,Actif,Aucun visuel affich√©,,12-07-2025 01:34 PM,12-07-2025 01:34 PM,3189,Simon BÈgin <67952005.bxtw>,Simon BÈgin <67952005.bxtw>
72106,25e Avenue / Boischatel,H-C,Actif,Aucun visuel affich√©,,12-07-2025 01:34 PM,12-07-2025 01:34 PM,3190,Simon BÈgin <67952005.bxtw>,Simon BÈgin <67952005.bxtw>
72107,Boischatel / 25e Avenue,H-C,Actif,Aucun visuel affich√©,,12-07-2025 01:34 PM,12-07-2025 01:34 PM,3191,Simon BÈgin <67952005.bxtw>,Simon BÈgin <67952005.bxtw>
72108,25e Avenue / des Ormes,H-C,Actif,Aucun visuel affich√©,,12-07-2025 01:34 PM,12-07-2025 01:34 PM,3192,Simon BÈgin <67952005.bxtw>,Simon BÈgin <67952005.bxtw>
72109,25e Avenue / des Ormes,H-C,Actif,Aucun visuel affich√©,,12-07-2025 01:34 PM,12-07-2025 01:34 PM,3193,Simon BÈgin <67952005.bxtw>,Simon BÈgin <67952005.bxtw>
72110,des Lilas / des Peupliers,H-C,Actif,Aucun visuel affich√©,,12-07-2025 01:34 PM,12-07-2025 01:34 PM,3194,Simon BÈgin <67952005.bxtw>,Simon BÈgin <67952005.bxtw>
72111,des Lilas / des Peupliers,H-C,Actif,Aucun visuel affich√©,,12-07-2025 01:34 PM,12-07-2025 01:34 PM,3195,Simon BÈgin <67952005.bxtw>,Simon BÈgin <67952005.bxtw>
72112,des Rosiers / des Lilas,H-C,Actif,Aucun visuel affich√©,,12-07-2025 01:34 PM,12-07-2025 01:34 PM,3196,Simon BÈgin <67952005.bxtw>,Simon BÈgin <67952005.bxtw>
72113,des Rosiers / des Lilas,H-C,Actif,Aucun visuel affich√©,,12-07-2025 01:34 PM,12-07-2025 01:34 PM,3197,Simon BÈgin <67952005.bxtw>,Simon BÈgin <67952005.bxtw>
72114,du Bois√© / du Parc,H-C,Actif,Aucun visuel affich√©,,12-07-2025 01:34 PM,12-07-2025 01:34 PM,3198,Simon BÈgin <67952005.bxtw>,Simon BÈgin <67952005.bxtw>
72115,Don-Quichotte / de Provence,H-C,Actif,Aucun visuel affich√©,,12-07-2025 01:34 PM,12-07-2025 01:34 PM,3199,Simon BÈgin <67952005.bxtw>,Simon BÈgin <67952005.bxtw>
72116,Don-Quichotte / de Provence,H-C,Actif,Aucun visuel affich√©,,12-07-2025 01:34 PM,12-07-2025 01:34 PM,3200,Simon BÈgin <67952005.bxtw>,Simon BÈgin <67952005.bxtw>
72117,8e Avenue / 7e Avenue,H-C,Actif,Aucun visuel affich√©,,12-07-2025 01:34 PM,12-07-2025 01:34 PM,3201,Simon BÈgin <67952005.bxtw>,Simon BÈgin <67952005.bxtw>
72118,7e Avenue / 8e Avenue,H-C,Actif,Aucun visuel affich√©,,12-07-2025 01:34 PM,12-07-2025 01:34 PM,3202,Simon BÈgin <67952005.bxtw>,Simon BÈgin <67952005.bxtw>
72119,5e Avenue / Mont√©e Sagala,H-C,Actif,Aucun visuel affich√©,,12-07-2025 01:34 PM,12-07-2025 01:34 PM,3203,Simon BÈgin <67952005.bxtw>,Simon BÈgin <67952005.bxtw>
72120,Mont√©e Sagala / 5e Avenue,H-C,Actif,Aucun visuel affich√©,,12-07-2025 01:34 PM,12-07-2025 01:34 PM,3204,Simon BÈgin <67952005.bxtw>,Simon BÈgin <67952005.bxtw>
72121,1re Avenue / Grand Boulevard,H-C,Actif,Aucun visuel affich√©,,12-07-2025 01:34 PM,12-07-2025 01:34 PM,3205,Simon BÈgin <67952005.bxtw>,Simon BÈgin <67952005.bxtw>
72122,1re Avenue / Grand Boulevard,H-C,Actif,Aucun visuel affich√©,,12-07-2025 01:34 PM,12-07-2025 01:34 PM,3206,Simon BÈgin <67952005.bxtw>,Simon BÈgin <67952005.bxtw>
72123,5e Avenue / devant le civique 97,H-C,Actif,Aucun visuel affich√©,,12-07-2025 01:34 PM,12-07-2025 01:34 PM,3207,Simon BÈgin <67952005.bxtw>,Simon BÈgin <67952005.bxtw>
72124,5e Avenue / devant le civique 96,H-C,Actif,Aucun visuel affich√©,,12-07-2025 01:34 PM,12-07-2025 01:34 PM,3208,Simon BÈgin <67952005.bxtw>,Simon BÈgin <67952005.bxtw>
72125,du Domaine / Trenet,H-C,Actif,Aucun visuel affich√©,,12-07-2025 01:34 PM,12-07-2025 01:34 PM,3209,Simon BÈgin <67952005.bxtw>,Simon BÈgin <67952005.bxtw>
72126,Trenet / du Domaine,H-C,Actif,Aucun visuel affich√©,,12-07-2025 01:34 PM,12-07-2025 01:34 PM,3210,Simon BÈgin <67952005.bxtw>,Simon BÈgin <67952005.bxtw>
72127,Alexis-Trottier / devant le civique 28,H-C,Actif,Aucun visuel affich√©,,12-07-2025 01:34 PM,12-07-2025 01:34 PM,3211,Simon BÈgin <67952005.bxtw>,Simon BÈgin <67952005.bxtw>
72128,Alexis-Trottier / √âtienne-Trudeau,H-C,Actif,Aucun visuel affich√©,,12-07-2025 01:34 PM,12-07-2025 01:34 PM,3212,Simon BÈgin <67952005.bxtw>,Simon BÈgin <67952005.bxtw>
72129,Perrot / 63e Avenue,H-C,Actif,Aucun visuel affich√©,,12-07-2025 01:34 PM,12-07-2025 01:34 PM,3213,Simon BÈgin <67952005.bxtw>,Simon BÈgin <67952005.bxtw>
72130,Perrot / 63e Avenue,H-C,Actif,Aucun visuel affich√©,,12-07-2025 01:34 PM,12-07-2025 01:34 PM,3214,Simon BÈgin <67952005.bxtw>,Simon BÈgin <67952005.bxtw>
72131,Perrot / face au civique 1659,H-C,Actif,Aucun visuel affich√©,,12-07-2025 01:34 PM,12-07-2025 01:34 PM,3215,Simon BÈgin <67952005.bxtw>,Simon BÈgin <67952005.bxtw>
72132,Perrot / devant le civique 1659,H-C,Actif,Aucun visuel affich√©,,12-07-2025 01:34 PM,12-07-2025 01:34 PM,3216,Simon BÈgin <67952005.bxtw>,Simon BÈgin <67952005.bxtw>
72133,Caza / Promenade Saint-Louis,H-C,Actif,Aucun visuel affich√©,,12-07-2025 01:34 PM,12-07-2025 01:34 PM,3217,Simon BÈgin <67952005.bxtw>,Simon BÈgin <67952005.bxtw>
72134,Promenade Saint-Louis / Caza,H-C,Actif,Aucun visuel affich√©,,12-07-2025 01:34 PM,12-07-2025 01:34 PM,3218,Simon BÈgin <67952005.bxtw>,Simon BÈgin <67952005.bxtw>
72135,Caza / Carri√®re,H-C,Actif,Aucun visuel affich√©,,12-07-2025 01:34 PM,12-07-2025 01:34 PM,3219,Simon BÈgin <67952005.bxtw>,Simon BÈgin <67952005.bxtw>
72136,Caza / Carri√®re,H-C,Actif,Aucun visuel affich√©,,12-07-2025 01:34 PM,12-07-2025 01:34 PM,3220,Simon BÈgin <67952005.bxtw>,Simon BÈgin <67952005.bxtw>
72137,Caza / Aumais,H-C,Actif,Aucun visuel affich√©,,12-07-2025 01:34 PM,12-07-2025 01:34 PM,3221,Simon BÈgin <67952005.bxtw>,Simon BÈgin <67952005.bxtw>
72138,Aumais / Caza,H-C,Actif,Aucun visuel affich√©,,12-07-2025 01:34 PM,12-07-2025 01:34 PM,3222,Simon BÈgin <67952005.bxtw>,Simon BÈgin <67952005.bxtw>
72139,Caza / √âmile-Nelligan,H-C,Actif,Aucun visuel affich√©,,12-07-2025 01:34 PM,12-07-2025 01:34 PM,3223,Simon BÈgin <67952005.bxtw>,Simon BÈgin <67952005.bxtw>
72140,Caza / √âmile-Nelligan,H-C,Actif,Aucun visuel affich√©,,12-07-2025 01:34 PM,12-07-2025 01:34 PM,3224,Simon BÈgin <67952005.bxtw>,Simon BÈgin <67952005.bxtw>
72141,Caza / Daoust,H-C,Actif,Aucun visuel affich√©,,12-07-2025 01:34 PM,12-07-2025 01:34 PM,3225,Simon BÈgin <67952005.bxtw>,Simon BÈgin <67952005.bxtw>
72142,Caza / Daoust,H-C,Actif,Aucun visuel affich√©,,12-07-2025 01:34 PM,12-07-2025 01:34 PM,3226,Simon BÈgin <67952005.bxtw>,Simon BÈgin <67952005.bxtw>
72143,Caza / Perrot,H-C,Actif,Aucun visuel affich√©,,12-07-2025 01:34 PM,12-07-2025 01:34 PM,3227,Simon BÈgin <67952005.bxtw>,Simon BÈgin <67952005.bxtw>
72144,Caza / Perrot,H-C,Actif,Aucun visuel affich√©,,12-07-2025 01:34 PM,12-07-2025 01:34 PM,3228,Simon BÈgin <67952005.bxtw>,Simon BÈgin <67952005.bxtw>
72145,Perrot / Alfred-Pellan,H-C,Actif,Aucun visuel affich√©,,12-07-2025 01:34 PM,12-07-2025 01:34 PM,3229,Simon BÈgin <67952005.bxtw>,Simon BÈgin <67952005.bxtw>
72146,Perrot / Alfred-Pellan,H-C,Actif,Aucun visuel affich√©,,12-07-2025 01:34 PM,12-07-2025 01:34 PM,3230,Simon BÈgin <67952005.bxtw>,Simon BÈgin <67952005.bxtw>
72147,Perrot / face au Parc des Fauvettes,H-C,Actif,Aucun visuel affich√©,,12-07-2025 01:34 PM,12-07-2025 01:34 PM,3231,Simon BÈgin <67952005.bxtw>,Simon BÈgin <67952005.bxtw>
72148,Perrot / devant le Parc des Fauvettes,H-C,Actif,Aucun visuel affich√©,,12-07-2025 01:34 PM,12-07-2025 01:34 PM,3232,Simon BÈgin <67952005.bxtw>,Simon BÈgin <67952005.bxtw>
72149,Perrot / devant le  civique 2187,H-C,Actif,Aucun visuel affich√©,,12-07-2025 01:34 PM,12-07-2025 01:34 PM,3233,Simon BÈgin <67952005.bxtw>,Simon BÈgin <67952005.bxtw>
72150,Perrot / face au civique 2180,H-C,Actif,Aucun visuel affich√©,,12-07-2025 01:34 PM,12-07-2025 01:34 PM,3234,Simon BÈgin <67952005.bxtw>,Simon BÈgin <67952005.bxtw>
72151,Perrot / Marie-Marthe-Daoust,H-C,Actif,Aucun visuel affich√©,,12-07-2025 01:34 PM,12-07-2025 01:34 PM,3235,Simon BÈgin <67952005.bxtw>,Simon BÈgin <67952005.bxtw>
72152,Perrot / Marie-Marthe-Daoust,H-C,Actif,Aucun visuel affich√©,,12-07-2025 01:34 PM,12-07-2025 01:34 PM,3236,Simon BÈgin <67952005.bxtw>,Simon BÈgin <67952005.bxtw>
72153,Don-Quichotte / Perrier,H-C,Actif,Aucun visuel affich√©,,12-07-2025 01:34 PM,12-07-2025 01:34 PM,3237,Simon BÈgin <67952005.bxtw>,Simon BÈgin <67952005.bxtw>
72154,Don-Quichotte / Perrier,H-C,Actif,Aucun visuel affich√©,,12-07-2025 01:34 PM,12-07-2025 01:34 PM,3238,Simon BÈgin <67952005.bxtw>,Simon BÈgin <67952005.bxtw>
72155,Perrot / face au civique 1469,H-C,Actif,Aucun visuel affich√©,,12-07-2025 01:34 PM,12-07-2025 01:34 PM,3239,Simon BÈgin <67952005.bxtw>,Simon BÈgin <67952005.bxtw>
72156,Perrot / devant le civique1463,H-C,Actif,Aucun visuel affich√©,,12-07-2025 01:34 PM,12-07-2025 01:34 PM,3240,Simon BÈgin <67952005.bxtw>,Simon BÈgin <67952005.bxtw>
72157,Forest / du Pinacle,H-C,Actif,Aucun visuel affich√©,,12-07-2025 01:34 PM,12-07-2025 01:34 PM,3241,Simon BÈgin <67952005.bxtw>,Simon BÈgin <67952005.bxtw>
72158,Forest / du Pinacle,H-C,Actif,Aucun visuel affich√©,,12-07-2025 01:34 PM,12-07-2025 01:34 PM,3242,Simon BÈgin <67952005.bxtw>,Simon BÈgin <67952005.bxtw>
72159,Perrier / Pascal,H-C,Actif,Aucun visuel affich√©,,12-07-2025 01:34 PM,12-07-2025 01:34 PM,3243,Simon BÈgin <67952005.bxtw>,Simon BÈgin <67952005.bxtw>
72160,Perrier / Pascal,H-C,Actif,Aucun visuel affich√©,,12-07-2025 01:34 PM,12-07-2025 01:34 PM,3244,Simon BÈgin <67952005.bxtw>,Simon BÈgin <67952005.bxtw>
72161,Forest / Huot,H-C,Actif,Aucun visuel affich√©,,12-07-2025 01:34 PM,12-07-2025 01:34 PM,3245,Simon BÈgin <67952005.bxtw>,Simon BÈgin <67952005.bxtw>
72162,Forest / Huot,H-C,Actif,Aucun visuel affich√©,,12-07-2025 01:34 PM,12-07-2025 01:34 PM,3246,Simon BÈgin <67952005.bxtw>,Simon BÈgin <67952005.bxtw>
72163,de la Rivelaine / Perrot,H-C,Actif,Aucun visuel affich√©,,12-07-2025 01:34 PM,12-07-2025 01:34 PM,3247,Simon BÈgin <67952005.bxtw>,Simon BÈgin <67952005.bxtw>
72164,Perrot / de la Rivelaine,H-C,Actif,Aucun visuel affich√©,,12-07-2025 01:34 PM,12-07-2025 01:34 PM,3248,Simon BÈgin <67952005.bxtw>,Simon BÈgin <67952005.bxtw>
72165,Perrot / de la Rivelaine,H-C,Actif,Aucun visuel affich√©,,12-07-2025 01:34 PM,12-07-2025 01:34 PM,3249,Simon BÈgin <67952005.bxtw>,Simon BÈgin <67952005.bxtw>
72166,de la Rivelaine / des Roseaux,H-C,Actif,Aucun visuel affich√©,,12-07-2025 01:34 PM,12-07-2025 01:34 PM,3250,Simon BÈgin <67952005.bxtw>,Simon BÈgin <67952005.bxtw>
72167,de la Rivelaine / des Roseaux,H-C,Actif,Aucun visuel affich√©,,12-07-2025 01:34 PM,12-07-2025 01:34 PM,3251,Simon BÈgin <67952005.bxtw>,Simon BÈgin <67952005.bxtw>
72168,de la Rivelaine / Lucille-Teasdale,H-C,Actif,Aucun visuel affich√©,,12-07-2025 01:34 PM,12-07-2025 01:34 PM,3252,Simon BÈgin <67952005.bxtw>,Simon BÈgin <67952005.bxtw>
72169,de la Rivelaine / de la Reine-des-Pr√©s,H-C,Actif,Aucun visuel affich√©,,12-07-2025 01:34 PM,12-07-2025 01:34 PM,3253,Simon BÈgin <67952005.bxtw>,Simon BÈgin <67952005.bxtw>
72170,de la Rivelaine / de la Rhapsodie,H-C,Actif,Aucun visuel affich√©,,12-07-2025 01:34 PM,12-07-2025 01:34 PM,3254,Simon BÈgin <67952005.bxtw>,Simon BÈgin <67952005.bxtw>
72171,de la Rivelaine / de la Rhapsodie,H-C,Actif,Aucun visuel affich√©,,12-07-2025 01:34 PM,12-07-2025 01:34 PM,3255,Simon BÈgin <67952005.bxtw>,Simon BÈgin <67952005.bxtw>
72172,Alexis-Trottier / de la Passe,H-C,Actif,Aucun visuel affich√©,,12-07-2025 01:34 PM,12-07-2025 01:34 PM,3256,Simon BÈgin <67952005.bxtw>,Simon BÈgin <67952005.bxtw>
72173,Don-Quichotte / Alfred-Lalibert√©,H-C,Actif,Aucun visuel affich√©,,12-07-2025 01:34 PM,12-07-2025 01:34 PM,3257,Simon BÈgin <67952005.bxtw>,Simon BÈgin <67952005.bxtw>
72174,Don-Quichotte / Alfred-Lalibert√©,H-C,Actif,Aucun visuel affich√©,,12-07-2025 01:34 PM,12-07-2025 01:34 PM,3258,Simon BÈgin <67952005.bxtw>,Simon BÈgin <67952005.bxtw>
72175,Jordi-Bonet / Don-Quichotte,H-C,Actif,Aucun visuel affich√©,,12-07-2025 01:34 PM,12-07-2025 01:34 PM,3259,Simon BÈgin <67952005.bxtw>,Simon BÈgin <67952005.bxtw>
72176,Don-Quichotte / Jordi-Bonet,H-C,Actif,Aucun visuel affich√©,,12-07-2025 01:34 PM,12-07-2025 01:34 PM,3260,Simon BÈgin <67952005.bxtw>,Simon BÈgin <67952005.bxtw>
72177,Jordi-Bonet / Pauline-Julien,H-C,Actif,Aucun visuel affich√©,,12-07-2025 01:34 PM,12-07-2025 01:34 PM,3261,Simon BÈgin <67952005.bxtw>,Simon BÈgin <67952005.bxtw>
72178,Jordi-Bonet / Pauline-Julien,H-C,Actif,Aucun visuel affich√©,,12-07-2025 01:34 PM,12-07-2025 01:34 PM,3262,Simon BÈgin <67952005.bxtw>,Simon BÈgin <67952005.bxtw>
72179,Jordi-Bonet / Promenade Saint-Louis,H-C,Actif,Aucun visuel affich√©,,12-07-2025 01:34 PM,12-07-2025 01:34 PM,3263,Simon BÈgin <67952005.bxtw>,Simon BÈgin <67952005.bxtw>
72180,Promenade Saint-Louis / Jordi-Bonet,H-C,Actif,Aucun visuel affich√©,,12-07-2025 01:34 PM,12-07-2025 01:34 PM,3264,Simon BÈgin <67952005.bxtw>,Simon BÈgin <67952005.bxtw>
72181,Don-Quichotte / de la Rivelaine,H-C,Actif,Aucun visuel affich√©,,12-07-2025 01:34 PM,12-07-2025 01:34 PM,3265,Simon BÈgin <67952005.bxtw>,Simon BÈgin <67952005.bxtw>
72182,Don-Quichotte / de la Rivelaine,H-C,Actif,Aucun visuel affich√©,,12-07-2025 01:34 PM,12-07-2025 01:34 PM,3266,Simon BÈgin <67952005.bxtw>,Simon BÈgin <67952005.bxtw>
72183,Promenade Saint-Louis / Kay,H-C,Actif,Aucun visuel affich√©,,12-07-2025 01:34 PM,12-07-2025 01:34 PM,3267,Simon BÈgin <67952005.bxtw>,Simon BÈgin <67952005.bxtw>
72184,Promenade Saint-Louis / Kay,H-C,Actif,Aucun visuel affich√©,,12-07-2025 01:34 PM,12-07-2025 01:34 PM,3268,Simon BÈgin <67952005.bxtw>,Simon BÈgin <67952005.bxtw>
72185,Aumais / Perrot,H-C,Actif,Aucun visuel affich√©,,12-07-2025 01:34 PM,12-07-2025 01:34 PM,3269,Simon BÈgin <67952005.bxtw>,Simon BÈgin <67952005.bxtw>
72186,Aumais / Perrot,H-C,Actif,Aucun visuel affich√©,,12-07-2025 01:34 PM,12-07-2025 01:34 PM,3270,Simon BÈgin <67952005.bxtw>,Simon BÈgin <67952005.bxtw>
72187,Don-Quichotte / Rouleau,H-C,Actif,Aucun visuel affich√©,,12-07-2025 01:34 PM,12-07-2025 01:34 PM,3271,Simon BÈgin <67952005.bxtw>,Simon BÈgin <67952005.bxtw>
72188,Don-Quichotte / Rouleau,H-C,Actif,Aucun visuel affich√©,,12-07-2025 01:34 PM,12-07-2025 01:34 PM,3272,Simon BÈgin <67952005.bxtw>,Simon BÈgin <67952005.bxtw>
72189,Don-Quichotte / 22e Avenue,H-C,Actif,Aucun visuel affich√©,,12-07-2025 01:34 PM,12-07-2025 01:34 PM,3273,Simon BÈgin <67952005.bxtw>,Simon BÈgin <67952005.bxtw>
72190,Don-Quichotte / 22e Avenue,H-C,Actif,Aucun visuel affich√©,,12-07-2025 01:34 PM,12-07-2025 01:34 PM,3274,Simon BÈgin <67952005.bxtw>,Simon BÈgin <67952005.bxtw>
72191,Perrot / de l'√âglise,H-C,Actif,Aucun visuel affich√©,,12-07-2025 01:34 PM,12-07-2025 01:34 PM,3275,Simon BÈgin <67952005.bxtw>,Simon BÈgin <67952005.bxtw>
72192,Perrot / de l'√âglise,H-C,Actif,Aucun visuel affich√©,,12-07-2025 01:34 PM,12-07-2025 01:34 PM,3276,Simon BÈgin <67952005.bxtw>,Simon BÈgin <67952005.bxtw>
72193,Saint-Joseph / Virginie-Roy,H-C,Actif,Aucun visuel affich√©,,12-07-2025 01:34 PM,12-07-2025 01:34 PM,3277,Simon BÈgin <67952005.bxtw>,Simon BÈgin <67952005.bxtw>
72194,Saint-Joseph / Virginie-Roy,H-C,Actif,Aucun visuel affich√©,,12-07-2025 01:34 PM,12-07-2025 01:34 PM,3278,Simon BÈgin <67952005.bxtw>,Simon BÈgin <67952005.bxtw>
72195,Perrier / Picasso,H-C,Actif,Aucun visuel affich√©,,12-07-2025 01:34 PM,12-07-2025 01:34 PM,3279,Simon BÈgin <67952005.bxtw>,Simon BÈgin <67952005.bxtw>
72196,Perrier / Picasso,H-C,Actif,Aucun visuel affich√©,,12-07-2025 01:34 PM,12-07-2025 01:34 PM,3280,Simon BÈgin <67952005.bxtw>,Simon BÈgin <67952005.bxtw>
72197,Perrier / Pothier,H-C,Actif,Aucun visuel affich√©,,12-07-2025 01:34 PM,12-07-2025 01:34 PM,3281,Simon BÈgin <67952005.bxtw>,Simon BÈgin <67952005.bxtw>
72198,Perrier / Pothier,H-C,Actif,Aucun visuel affich√©,,12-07-2025 01:34 PM,12-07-2025 01:34 PM,3282,Simon BÈgin <67952005.bxtw>,Simon BÈgin <67952005.bxtw>
72199,Perrier / Michel-McNabb,H-C,Actif,Aucun visuel affich√©,,12-07-2025 01:34 PM,12-07-2025 01:34 PM,3283,Simon BÈgin <67952005.bxtw>,Simon BÈgin <67952005.bxtw>
72200,Michel-McNabb / Perrier,H-C,Actif,Aucun visuel affich√©,,12-07-2025 01:34 PM,12-07-2025 01:34 PM,3284,Simon BÈgin <67952005.bxtw>,Simon BÈgin <67952005.bxtw>
72201,Michel-McNabb / Jean-Paul-Lemieux,H-C,Actif,Aucun visuel affich√©,,12-07-2025 01:34 PM,12-07-2025 01:34 PM,3285,Simon BÈgin <67952005.bxtw>,Simon BÈgin <67952005.bxtw>
72202,Michel-McNabb / Jean-Paul-Lemieux,H-C,Actif,Aucun visuel affich√©,,12-07-2025 01:34 PM,12-07-2025 01:34 PM,3286,Simon BÈgin <67952005.bxtw>,Simon BÈgin <67952005.bxtw>
72203,Estelle-Mauffette / L√©o-Ayotte,H-C,Actif,Aucun visuel affich√©,,12-07-2025 01:34 PM,12-07-2025 01:34 PM,3287,Simon BÈgin <67952005.bxtw>,Simon BÈgin <67952005.bxtw>
72204,Estelle-Mauffette / L√©o-Ayotte,H-C,Actif,Aucun visuel affich√©,,12-07-2025 01:34 PM,12-07-2025 01:34 PM,3288,Simon BÈgin <67952005.bxtw>,Simon BÈgin <67952005.bxtw>
72205,de la Rivelaine / Francois-Rapin,H-C,Actif,Aucun visuel affich√©,,12-07-2025 01:34 PM,12-07-2025 01:34 PM,3289,Simon BÈgin <67952005.bxtw>,Simon BÈgin <67952005.bxtw>
72206,Francois-Rapin / de la Rivelaine,H-C,Actif,Aucun visuel affich√©,,12-07-2025 01:34 PM,12-07-2025 01:34 PM,3290,Simon BÈgin <67952005.bxtw>,Simon BÈgin <67952005.bxtw>
72207,de la Rivelaine / Marie-Rollet,H-C,Actif,Aucun visuel affich√©,,12-07-2025 01:34 PM,12-07-2025 01:34 PM,3291,Simon BÈgin <67952005.bxtw>,Simon BÈgin <67952005.bxtw>
72208,de la Rivelaine / Marie-Rollet,H-C,Actif,Aucun visuel affich√©,,12-07-2025 01:34 PM,12-07-2025 01:34 PM,3292,Simon BÈgin <67952005.bxtw>,Simon BÈgin <67952005.bxtw>
72209,Perrot / 144e Avenue,H-C,Actif,Aucun visuel affich√©,,12-07-2025 01:34 PM,12-07-2025 01:34 PM,3293,Simon BÈgin <67952005.bxtw>,Simon BÈgin <67952005.bxtw>
72210,Perrot / 144e Avenue,H-C,Actif,Aucun visuel affich√©,,12-07-2025 01:34 PM,12-07-2025 01:34 PM,3294,Simon BÈgin <67952005.bxtw>,Simon BÈgin <67952005.bxtw>
72211,de la Rivelaine / Virginie-Roy,H-C,Actif,Aucun visuel affich√©,,12-07-2025 01:34 PM,12-07-2025 01:34 PM,3295,Simon BÈgin <67952005.bxtw>,Simon BÈgin <67952005.bxtw>
72212,Virginie-Roy / de la Rivelaine,H-C,Actif,Aucun visuel affich√©,,12-07-2025 01:34 PM,12-07-2025 01:34 PM,3296,Simon BÈgin <67952005.bxtw>,Simon BÈgin <67952005.bxtw>
72213,Virginie-Roy / R√©millard,H-C,Actif,Aucun visuel affich√©,,12-07-2025 01:34 PM,12-07-2025 01:34 PM,3297,Simon BÈgin <67952005.bxtw>,Simon BÈgin <67952005.bxtw>
72214,Virginie-Roy / R√©millard,H-C,Actif,Aucun visuel affich√©,,12-07-2025 01:34 PM,12-07-2025 01:34 PM,3298,Simon BÈgin <67952005.bxtw>,Simon BÈgin <67952005.bxtw>
72215,Virginie-Roy / Rh√©aume,H-C,Actif,Aucun visuel affich√©,,12-07-2025 01:34 PM,12-07-2025 01:34 PM,3299,Simon BÈgin <67952005.bxtw>,Simon BÈgin <67952005.bxtw>
72216,Virginie-Roy / Rh√©aume,H-C,Actif,Aucun visuel affich√©,,12-07-2025 01:34 PM,12-07-2025 01:34 PM,3300,Simon BÈgin <67952005.bxtw>,Simon BÈgin <67952005.bxtw>
72217,Don-Quichotte / Forest,H-C,Actif,Aucun visuel affich√©,,12-07-2025 01:34 PM,12-07-2025 01:34 PM,3301,Simon BÈgin <67952005.bxtw>,Simon BÈgin <67952005.bxtw>
72218,Perrot / Robillard,H-C,Actif,Aucun visuel affich√©,,12-07-2025 01:34 PM,12-07-2025 01:34 PM,3302,Simon BÈgin <67952005.bxtw>,Simon BÈgin <67952005.bxtw>
72219,Perrot / 40e Avenue,H-C,Actif,Aucun visuel affich√©,,12-07-2025 01:34 PM,12-07-2025 01:34 PM,3303,Simon BÈgin <67952005.bxtw>,Simon BÈgin <67952005.bxtw>
72220,Perrot / Renaud,H-C,Actif,Aucun visuel affich√©,,12-07-2025 01:34 PM,12-07-2025 01:34 PM,3304,Simon BÈgin <67952005.bxtw>,Simon BÈgin <67952005.bxtw>
72221,Perrot / Jean-Paul-Lemieux,H-C,Actif,Aucun visuel affich√©,,12-07-2025 01:34 PM,12-07-2025 01:34 PM,3305,Simon BÈgin <67952005.bxtw>,Simon BÈgin <67952005.bxtw>
72222,Perrot / Jean-Paul-Lemieux,H-C,Actif,Aucun visuel affich√©,,12-07-2025 01:34 PM,12-07-2025 01:34 PM,3306,Simon BÈgin <67952005.bxtw>,Simon BÈgin <67952005.bxtw>
72223,Perrot / Pasteur,H-C,Actif,Aucun visuel affich√©,,12-07-2025 01:34 PM,12-07-2025 01:34 PM,3307,Simon BÈgin <67952005.bxtw>,Simon BÈgin <67952005.bxtw>
72224,Pasteur / Perrot,H-C,Actif,Aucun visuel affich√©,,12-07-2025 01:34 PM,12-07-2025 01:34 PM,3308,Simon BÈgin <67952005.bxtw>,Simon BÈgin <67952005.bxtw>
72225,Perrot / face au civique 1205,H-C,Actif,Aucun visuel affich√©,,12-07-2025 01:34 PM,12-07-2025 01:34 PM,3309,Simon BÈgin <67952005.bxtw>,Simon BÈgin <67952005.bxtw>
72226,Perrot / 53e Avenue,H-C,Actif,Aucun visuel affich√©,,12-07-2025 01:34 PM,12-07-2025 01:34 PM,3310,Simon BÈgin <67952005.bxtw>,Simon BÈgin <67952005.bxtw>
72227,Perrot / 60e Avenue,H-C,Actif,Aucun visuel affich√©,,12-07-2025 01:34 PM,12-07-2025 01:34 PM,3311,Simon BÈgin <67952005.bxtw>,Simon BÈgin <67952005.bxtw>
72228,Perrot / 60e Avenue,H-C,Actif,Aucun visuel affich√©,,12-07-2025 01:34 PM,12-07-2025 01:34 PM,3312,Simon BÈgin <67952005.bxtw>,Simon BÈgin <67952005.bxtw>
72229,Perrot / 56e Avenue,H-C,Actif,Aucun visuel affich√©,,12-07-2025 01:34 PM,12-07-2025 01:34 PM,3313,Simon BÈgin <67952005.bxtw>,Simon BÈgin <67952005.bxtw>
72230,Perrot / 56e Avenue,H-C,Actif,Aucun visuel affich√©,,12-07-2025 01:34 PM,12-07-2025 01:34 PM,3314,Simon BÈgin <67952005.bxtw>,Simon BÈgin <67952005.bxtw>
72231,Perrot / devant le civique 1334,H-C,Actif,Aucun visuel affich√©,,12-07-2025 01:34 PM,12-07-2025 01:34 PM,3315,Simon BÈgin <67952005.bxtw>,Simon BÈgin <67952005.bxtw>
72232,Perrot / devant le civique 1329,H-C,Actif,Aucun visuel affich√©,,12-07-2025 01:34 PM,12-07-2025 01:34 PM,3316,Simon BÈgin <67952005.bxtw>,Simon BÈgin <67952005.bxtw>
72234,du Domaine / Perrot,H-C,Actif,Aucun visuel affich√©,,12-07-2025 01:34 PM,12-07-2025 01:34 PM,3317,Simon BÈgin <67952005.bxtw>,Simon BÈgin <67952005.bxtw>
72235,du Domaine / Perrot,H-C,Actif,Aucun visuel affich√©,,12-07-2025 01:34 PM,12-07-2025 01:34 PM,3318,Simon BÈgin <67952005.bxtw>,Simon BÈgin <67952005.bxtw>
72236,Perrot / du Domaine,H-C,Actif,Aucun visuel affich√©,,12-07-2025 01:34 PM,12-07-2025 01:34 PM,3319,Simon BÈgin <67952005.bxtw>,Simon BÈgin <67952005.bxtw>
72237,Perrot / 146e Avenue,H-C,Actif,Aucun visuel affich√©,,12-07-2025 01:34 PM,12-07-2025 01:34 PM,3320,Simon BÈgin <67952005.bxtw>,Simon BÈgin <67952005.bxtw>
72238,Perrot / 146e Avenue,H-C,Actif,Aucun visuel affich√©,,12-07-2025 01:34 PM,12-07-2025 01:34 PM,3321,Simon BÈgin <67952005.bxtw>,Simon BÈgin <67952005.bxtw>
72239,Perrot / 100e Avenue,H-C,Actif,Aucun visuel affich√©,,12-07-2025 01:34 PM,12-07-2025 01:34 PM,3322,Simon BÈgin <67952005.bxtw>,Simon BÈgin <67952005.bxtw>
72240,Perrot / 100e Avenue,H-C,Actif,Aucun visuel affich√©,,12-07-2025 01:34 PM,12-07-2025 01:34 PM,3323,Simon BÈgin <67952005.bxtw>,Simon BÈgin <67952005.bxtw>
72241,Perrot / 87e Avenue,H-C,Actif,Aucun visuel affich√©,,12-07-2025 01:34 PM,12-07-2025 01:34 PM,3324,Simon BÈgin <67952005.bxtw>,Simon BÈgin <67952005.bxtw>
72242,Perrot / 87e Avenue,H-C,Actif,Aucun visuel affich√©,,12-07-2025 01:34 PM,12-07-2025 01:34 PM,3325,Simon BÈgin <67952005.bxtw>,Simon BÈgin <67952005.bxtw>
72243,Perrot / 81e Avenue,H-C,Actif,Aucun visuel affich√©,,12-07-2025 01:34 PM,12-07-2025 01:34 PM,3326,Simon BÈgin <67952005.bxtw>,Simon BÈgin <67952005.bxtw>
72244,Perrot / 81e Avenue,H-C,Actif,Aucun visuel affich√©,,12-07-2025 01:34 PM,12-07-2025 01:34 PM,3327,Simon BÈgin <67952005.bxtw>,Simon BÈgin <67952005.bxtw>
72245,Don-Quichotte / Iberville,H-C,Actif,Aucun visuel affich√©,,12-07-2025 01:34 PM,12-07-2025 01:34 PM,3328,Simon BÈgin <67952005.bxtw>,Simon BÈgin <67952005.bxtw>
72246,Don-Quichotte / Iberville,H-C,Actif,Aucun visuel affich√©,,12-07-2025 01:34 PM,12-07-2025 01:34 PM,3329,Simon BÈgin <67952005.bxtw>,Simon BÈgin <67952005.bxtw>
72247,Perrot / 150e Avenue,H-C,Actif,Aucun visuel affich√©,,12-07-2025 01:34 PM,12-07-2025 01:34 PM,3330,Simon BÈgin <67952005.bxtw>,Simon BÈgin <67952005.bxtw>
72248,Perrot / 150e Avenue,H-C,Actif,Aucun visuel affich√©,,12-07-2025 01:34 PM,12-07-2025 01:34 PM,3331,Simon BÈgin <67952005.bxtw>,Simon BÈgin <67952005.bxtw>
72249,Antoine-De La Fresnaye / Virginie-Roy,H-C,Actif,Aucun visuel affich√©,,12-07-2025 01:34 PM,12-07-2025 01:34 PM,3332,Simon BÈgin <67952005.bxtw>,Simon BÈgin <67952005.bxtw>
72250,Antoine-De La Fresnaye / Virginie-Roy,H-C,Actif,Aucun visuel affich√©,,12-07-2025 01:34 PM,12-07-2025 01:34 PM,3333,Simon BÈgin <67952005.bxtw>,Simon BÈgin <67952005.bxtw>
72251,Francoise-Cuillerier / Charles-Le Moyne,H-C,Actif,Aucun visuel affich√©,,12-07-2025 01:34 PM,12-07-2025 01:34 PM,3334,Simon BÈgin <67952005.bxtw>,Simon BÈgin <67952005.bxtw>
72252,Francoise-Cuillerier / Charles-Le Moyne,H-C,Actif,Aucun visuel affich√©,,12-07-2025 01:34 PM,12-07-2025 01:34 PM,3335,Simon BÈgin <67952005.bxtw>,Simon BÈgin <67952005.bxtw>
72253,Francoise-Cuillerier / Hubert-Leduc,H-C,Actif,Aucun visuel affich√©,,12-07-2025 01:34 PM,12-07-2025 01:34 PM,3336,Simon BÈgin <67952005.bxtw>,Simon BÈgin <67952005.bxtw>
72254,Hubert-Leduc / Francoise-Cuillerier,H-C,Actif,Aucun visuel affich√©,,12-07-2025 01:34 PM,12-07-2025 01:34 PM,3337,Simon BÈgin <67952005.bxtw>,Simon BÈgin <67952005.bxtw>
72255,Virginie-Roy / Jean-Paul-Lemieux,H-C,Actif,Aucun visuel affich√©,,12-07-2025 01:34 PM,12-07-2025 01:34 PM,3338,Simon BÈgin <67952005.bxtw>,Simon BÈgin <67952005.bxtw>
72256,Virginie-Roy / Jean-Paul-Lemieux,H-C,Actif,Aucun visuel affich√©,,12-07-2025 01:34 PM,12-07-2025 01:34 PM,3339,Simon BÈgin <67952005.bxtw>,Simon BÈgin <67952005.bxtw>
72257,Rouleau / Rester,H-C,Actif,Aucun visuel affich√©,,12-07-2025 01:34 PM,12-07-2025 01:34 PM,3340,Simon BÈgin <67952005.bxtw>,Simon BÈgin <67952005.bxtw>
72258,Rouleau / Rester,H-C,Actif,Aucun visuel affich√©,,12-07-2025 01:34 PM,12-07-2025 01:34 PM,3341,Simon BÈgin <67952005.bxtw>,Simon BÈgin <67952005.bxtw>
72259,Rouleau / Francois-Rapin,H-C,Actif,Aucun visuel affich√©,,12-07-2025 01:34 PM,12-07-2025 01:34 PM,3342,Simon BÈgin <67952005.bxtw>,Simon BÈgin <67952005.bxtw>
72260,Francois-Rapin / Rouleau,H-C,Actif,Aucun visuel affich√©,,12-07-2025 01:34 PM,12-07-2025 01:34 PM,3343,Simon BÈgin <67952005.bxtw>,Simon BÈgin <67952005.bxtw>
72261,Roger-Maillet / Lucien-Th√©riault,H-C,Actif,Aucun visuel affich√©,,12-07-2025 01:34 PM,12-07-2025 01:34 PM,3344,Simon BÈgin <67952005.bxtw>,Simon BÈgin <67952005.bxtw>
72262,Roger-Maillet / Lucien-Th√©riault,H-C,Actif,Aucun visuel affich√©,,12-07-2025 01:34 PM,12-07-2025 01:34 PM,3345,Simon BÈgin <67952005.bxtw>,Simon BÈgin <67952005.bxtw>
72263,Saint-Joseph / Perrot,H-C,Actif,Aucun visuel affich√©,,12-07-2025 01:34 PM,12-07-2025 01:34 PM,3346,Simon BÈgin <67952005.bxtw>,Simon BÈgin <67952005.bxtw>
72264,Perrot / Saint-Joseph,H-C,Actif,Aucun visuel affich√©,,12-07-2025 01:34 PM,12-07-2025 01:34 PM,3347,Simon BÈgin <67952005.bxtw>,Simon BÈgin <67952005.bxtw>
72265,Lucien-Th√©riault / Sylvio-Leduc,H-C,Actif,Aucun visuel affich√©,,12-07-2025 01:34 PM,12-07-2025 01:34 PM,3348,Simon BÈgin <67952005.bxtw>,Simon BÈgin <67952005.bxtw>
72266,Sylvio-Leduc / Lucien-Th√©riault,H-C,Actif,Aucun visuel affich√©,,12-07-2025 01:34 PM,12-07-2025 01:34 PM,3349,Simon BÈgin <67952005.bxtw>,Simon BÈgin <67952005.bxtw>
72267,Antoine-De La Fresnaye / Lucien-Th√©riault,H-C,Actif,Aucun visuel affich√©,,12-07-2025 01:34 PM,12-07-2025 01:34 PM,3350,Simon BÈgin <67952005.bxtw>,Simon BÈgin <67952005.bxtw>
72268,Lucien-Th√©riault / Antoine-De La Fresnaye,H-C,Actif,Aucun visuel affich√©,,12-07-2025 01:34 PM,12-07-2025 01:34 PM,3351,Simon BÈgin <67952005.bxtw>,Simon BÈgin <67952005.bxtw>
72269,Pasteur / Virginie-Roy,H-C,Actif,Aucun visuel affich√©,,12-07-2025 01:34 PM,12-07-2025 01:34 PM,3352,Simon BÈgin <67952005.bxtw>,Simon BÈgin <67952005.bxtw>
72270,Pasteur / Virginie-Roy,H-C,Actif,Aucun visuel affich√©,,12-07-2025 01:34 PM,12-07-2025 01:34 PM,3353,Simon BÈgin <67952005.bxtw>,Simon BÈgin <67952005.bxtw>
72271,Pasteur / Parmentier,H-C,Actif,Aucun visuel affich√©,,12-07-2025 01:34 PM,12-07-2025 01:34 PM,3354,Simon BÈgin <67952005.bxtw>,Simon BÈgin <67952005.bxtw>
72272,Pasteur / Parmentier,H-C,Actif,Aucun visuel affich√©,,12-07-2025 01:34 PM,12-07-2025 01:34 PM,3355,Simon BÈgin <67952005.bxtw>,Simon BÈgin <67952005.bxtw>
72273,Pasteur / Ponsard,H-C,Actif,Aucun visuel affich√©,,12-07-2025 01:34 PM,12-07-2025 01:34 PM,3356,Simon BÈgin <67952005.bxtw>,Simon BÈgin <67952005.bxtw>
72274,Pasteur / Ponsard,H-C,Actif,Aucun visuel affich√©,,12-07-2025 01:34 PM,12-07-2025 01:34 PM,3357,Simon BÈgin <67952005.bxtw>,Simon BÈgin <67952005.bxtw>
72275,Pasteur / Par√©,H-C,Actif,Aucun visuel affich√©,,12-07-2025 01:34 PM,12-07-2025 01:34 PM,3358,Simon BÈgin <67952005.bxtw>,Simon BÈgin <67952005.bxtw>
72276,Pasteur / Par√©,H-C,Actif,Aucun visuel affich√©,,12-07-2025 01:34 PM,12-07-2025 01:34 PM,3359,Simon BÈgin <67952005.bxtw>,Simon BÈgin <67952005.bxtw>
72277,Perrot / 38e Avenue,H-C,Actif,Aucun visuel affich√©,,12-07-2025 01:34 PM,12-07-2025 01:34 PM,3360,Simon BÈgin <67952005.bxtw>,Simon BÈgin <67952005.bxtw>
72278,Perrot / Saint-Joseph,H-C,Actif,Aucun visuel affich√©,,12-07-2025 01:34 PM,12-07-2025 01:34 PM,3361,Simon BÈgin <67952005.bxtw>,Simon BÈgin <67952005.bxtw>
72279,Saint-Joseph / Perrot,H-C,Actif,Aucun visuel affich√©,,12-07-2025 01:34 PM,12-07-2025 01:34 PM,3362,Simon BÈgin <67952005.bxtw>,Simon BÈgin <67952005.bxtw>
72280,Auto-Plaza / Brunswick (centre Fairview),H-C,Actif,Aucun visuel affich√©,,12-07-2025 01:34 PM,12-07-2025 01:34 PM,3363,Simon BÈgin <67952005.bxtw>,Simon BÈgin <67952005.bxtw>
72281,Auto-Plaza / Brunswick (centre Fairview),H-C,Actif,Aucun visuel affich√©,,12-07-2025 01:34 PM,12-07-2025 01:34 PM,3364,Simon BÈgin <67952005.bxtw>,Simon BÈgin <67952005.bxtw>
72282,23e Avenue / Olympique,H-C,Actif,Aucun visuel affich√©,,12-07-2025 01:34 PM,12-07-2025 01:34 PM,3365,Simon BÈgin <67952005.bxtw>,Simon BÈgin <67952005.bxtw>
72283,Olympique / 23e Avenue,H-C,Actif,Aucun visuel affich√©,,12-07-2025 01:34 PM,12-07-2025 01:34 PM,3366,Simon BÈgin <67952005.bxtw>,Simon BÈgin <67952005.bxtw>
72284,de l'√éle / face au civique 472,H-C,Actif,Aucun visuel affich√©,,12-07-2025 01:34 PM,12-07-2025 01:34 PM,3367,Simon BÈgin <67952005.bxtw>,Simon BÈgin <67952005.bxtw>
72285,de l'√éle / devant le civique 476,H-C,Actif,Aucun visuel affich√©,,12-07-2025 01:34 PM,12-07-2025 01:34 PM,3368,Simon BÈgin <67952005.bxtw>,Simon BÈgin <67952005.bxtw>
72286,Olympique / Huneault,H-C,Actif,Aucun visuel affich√©,,12-07-2025 01:34 PM,12-07-2025 01:34 PM,3369,Simon BÈgin <67952005.bxtw>,Simon BÈgin <67952005.bxtw>
72287,Olympique / Huneault,H-C,Actif,Aucun visuel affich√©,,12-07-2025 01:34 PM,12-07-2025 01:34 PM,3370,Simon BÈgin <67952005.bxtw>,Simon BÈgin <67952005.bxtw>
72288,Pincourt / 5e Avenue,H-C,Actif,Aucun visuel affich√©,,12-07-2025 01:34 PM,12-07-2025 01:34 PM,3371,Simon BÈgin <67952005.bxtw>,Simon BÈgin <67952005.bxtw>
72289,Pincourt / 5e Avenue,H-C,Actif,Aucun visuel affich√©,,12-07-2025 01:34 PM,12-07-2025 01:34 PM,3372,Simon BÈgin <67952005.bxtw>,Simon BÈgin <67952005.bxtw>
72291,Pincourt / du Versant,H-C,Actif,Aucun visuel affich√©,,12-07-2025 01:34 PM,12-07-2025 01:34 PM,3373,Simon BÈgin <67952005.bxtw>,Simon BÈgin <67952005.bxtw>
72292,Pincourt / de la Plaine,H-C,Actif,Aucun visuel affich√©,,12-07-2025 01:34 PM,12-07-2025 01:34 PM,3374,Simon BÈgin <67952005.bxtw>,Simon BÈgin <67952005.bxtw>
72293,Forest / Noyer,H-C,Actif,Aucun visuel affich√©,,12-07-2025 01:34 PM,12-07-2025 01:34 PM,3375,Simon BÈgin <67952005.bxtw>,Simon BÈgin <67952005.bxtw>
72294,Forest / Noyer,H-C,Actif,Aucun visuel affich√©,,12-07-2025 01:34 PM,12-07-2025 01:34 PM,3376,Simon BÈgin <67952005.bxtw>,Simon BÈgin <67952005.bxtw>
72297,des Orioles / Renaissance,H-C,Actif,Aucun visuel affich√©,,12-07-2025 01:34 PM,12-07-2025 01:34 PM,3377,Simon BÈgin <67952005.bxtw>,Simon BÈgin <67952005.bxtw>
72298,des Orioles / Renaissance,H-C,Actif,Aucun visuel affich√©,,12-07-2025 01:34 PM,12-07-2025 01:34 PM,3378,Simon BÈgin <67952005.bxtw>,Simon BÈgin <67952005.bxtw>
72299,des Roitelets / des Orioles,H-C,Actif,Aucun visuel affich√©,,12-07-2025 01:34 PM,12-07-2025 01:34 PM,3379,Simon BÈgin <67952005.bxtw>,Simon BÈgin <67952005.bxtw>
72300,des Orioles / des Roitelets,H-C,Actif,Aucun visuel affich√©,,12-07-2025 01:34 PM,12-07-2025 01:34 PM,3380,Simon BÈgin <67952005.bxtw>,Simon BÈgin <67952005.bxtw>
72301,Renaissance / des Roitelets,H-C,Actif,Aucun visuel affich√©,,12-07-2025 01:34 PM,12-07-2025 01:34 PM,3381,Simon BÈgin <67952005.bxtw>,Simon BÈgin <67952005.bxtw>
72302,des Roitelets / Renaissance,H-C,Actif,Aucun visuel affich√©,,12-07-2025 01:34 PM,12-07-2025 01:34 PM,3382,Simon BÈgin <67952005.bxtw>,Simon BÈgin <67952005.bxtw>
72303,Renaissance / des Bruants,H-C,Actif,Aucun visuel affich√©,,12-07-2025 01:34 PM,12-07-2025 01:34 PM,3383,Simon BÈgin <67952005.bxtw>,Simon BÈgin <67952005.bxtw>
72304,Renaissance / des Bruants,H-C,Actif,Aucun visuel affich√©,,12-07-2025 01:34 PM,12-07-2025 01:34 PM,3384,Simon BÈgin <67952005.bxtw>,Simon BÈgin <67952005.bxtw>
72305,Renaissance / Radisson,H-C,Actif,Aucun visuel affich√©,,12-07-2025 01:34 PM,12-07-2025 01:34 PM,3385,Simon BÈgin <67952005.bxtw>,Simon BÈgin <67952005.bxtw>
72306,Kendall / Radisson,H-C,Actif,Aucun visuel affich√©,,12-07-2025 01:34 PM,12-07-2025 01:34 PM,3386,Simon BÈgin <67952005.bxtw>,Simon BÈgin <67952005.bxtw>
72307,Olympique / du Sous-Bois,H-C,Actif,Aucun visuel affich√©,,12-07-2025 01:34 PM,12-07-2025 01:34 PM,3387,Simon BÈgin <67952005.bxtw>,Simon BÈgin <67952005.bxtw>
72308,Olympique / du Sous-Bois,H-C,Actif,Aucun visuel affich√©,,12-07-2025 01:34 PM,12-07-2025 01:34 PM,3388,Simon BÈgin <67952005.bxtw>,Simon BÈgin <67952005.bxtw>
72309,Cardinal-L√©ger /devant le civique 107 (M√©tro),H-C,Actif,Aucun visuel affich√©,,12-07-2025 01:34 PM,12-07-2025 01:34 PM,3389,Simon BÈgin <67952005.bxtw>,Simon BÈgin <67952005.bxtw>
72310,Cardinal-L√©ger / face au Faubourg de l'√éle,H-C,Actif,Aucun visuel affich√©,,12-07-2025 01:34 PM,12-07-2025 01:34 PM,3390,Simon BÈgin <67952005.bxtw>,Simon BÈgin <67952005.bxtw>
72311,Olympique / Lussier,H-C,Actif,Aucun visuel affich√©,,12-07-2025 01:34 PM,12-07-2025 01:34 PM,3391,Simon BÈgin <67952005.bxtw>,Simon BÈgin <67952005.bxtw>
72312,Olympique / Lussier,H-C,Actif,Aucun visuel affich√©,,12-07-2025 01:34 PM,12-07-2025 01:34 PM,3392,Simon BÈgin <67952005.bxtw>,Simon BÈgin <67952005.bxtw>
72313,Lussier / Bellevue,H-C,Actif,Aucun visuel affich√©,,12-07-2025 01:34 PM,12-07-2025 01:34 PM,3393,Simon BÈgin <67952005.bxtw>,Simon BÈgin <67952005.bxtw>
72314,Lussier / Bellevue,H-C,Actif,Aucun visuel affich√©,,12-07-2025 01:34 PM,12-07-2025 01:34 PM,3394,Simon BÈgin <67952005.bxtw>,Simon BÈgin <67952005.bxtw>
72315,Shamrock / Northcote,H-C,Actif,Aucun visuel affich√©,,12-07-2025 01:34 PM,12-07-2025 01:34 PM,3395,Simon BÈgin <67952005.bxtw>,Simon BÈgin <67952005.bxtw>
72316,Northcote / Shamrock,H-C,Actif,Aucun visuel affich√©,,12-07-2025 01:34 PM,12-07-2025 01:34 PM,3396,Simon BÈgin <67952005.bxtw>,Simon BÈgin <67952005.bxtw>
72317,Cardinal-L√©ger / 7e Avenue,H-C,Actif,Aucun visuel affich√©,,12-07-2025 01:34 PM,12-07-2025 01:34 PM,3397,Simon BÈgin <67952005.bxtw>,Simon BÈgin <67952005.bxtw>
72318,Cardinal-L√©ger / de l'√éle,H-C,Actif,Aucun visuel affich√©,,12-07-2025 01:34 PM,12-07-2025 01:34 PM,3398,Simon BÈgin <67952005.bxtw>,Simon BÈgin <67952005.bxtw>
72319,de l'√éle / Cardinal-L√©ger,H-C,Actif,Aucun visuel affich√©,,12-07-2025 01:34 PM,12-07-2025 01:34 PM,3399,Simon BÈgin <67952005.bxtw>,Simon BÈgin <67952005.bxtw>
72320,Cardinal-L√©ger / de l'√éle,H-C,Actif,Aucun visuel affich√©,,12-07-2025 01:34 PM,12-07-2025 01:34 PM,3400,Simon BÈgin <67952005.bxtw>,Simon BÈgin <67952005.bxtw>
72321,de l'√éle / devant le civique 390,H-C,Actif,Aucun visuel affich√©,,12-07-2025 01:34 PM,12-07-2025 01:34 PM,3401,Simon BÈgin <67952005.bxtw>,Simon BÈgin <67952005.bxtw>
72322,de l'√éle / des Merisiers,H-C,Actif,Aucun visuel affich√©,,12-07-2025 01:34 PM,12-07-2025 01:34 PM,3402,Simon BÈgin <67952005.bxtw>,Simon BÈgin <67952005.bxtw>
72323,des Merisiers / de l'√éle,H-C,Actif,Aucun visuel affich√©,,12-07-2025 01:34 PM,12-07-2025 01:34 PM,3403,Simon BÈgin <67952005.bxtw>,Simon BÈgin <67952005.bxtw>
72324,Cardinal-L√©ger / Lussier,H-C,Actif,Aucun visuel affich√©,,12-07-2025 01:34 PM,12-07-2025 01:34 PM,3404,Simon BÈgin <67952005.bxtw>,Simon BÈgin <67952005.bxtw>
72325,Lussier / Cardinal-L√©ger,H-C,Actif,Aucun visuel affich√©,,12-07-2025 01:34 PM,12-07-2025 01:34 PM,3405,Simon BÈgin <67952005.bxtw>,Simon BÈgin <67952005.bxtw>
72326,Forest / de la Plaine,H-C,Actif,Aucun visuel affich√©,,12-07-2025 01:34 PM,12-07-2025 01:34 PM,3406,Simon BÈgin <67952005.bxtw>,Simon BÈgin <67952005.bxtw>
72327,Forest / de la Vall√©e,H-C,Actif,Aucun visuel affich√©,,12-07-2025 01:34 PM,12-07-2025 01:34 PM,3407,Simon BÈgin <67952005.bxtw>,Simon BÈgin <67952005.bxtw>
72328,du Traversier / face au civique 1900 (Patrick Morin),H-C,Actif,Aucun visuel affich√©,,12-07-2025 01:34 PM,12-07-2025 01:34 PM,3408,Simon BÈgin <67952005.bxtw>,Simon BÈgin <67952005.bxtw>
72329,du Traversier / devant le civique 1900 (Patrick Morin),H-C,Actif,Aucun visuel affich√©,,12-07-2025 01:34 PM,12-07-2025 01:34 PM,3409,Simon BÈgin <67952005.bxtw>,Simon BÈgin <67952005.bxtw>
72330,des Buissons / des Merisiers,H-C,Actif,Aucun visuel affich√©,,12-07-2025 01:34 PM,12-07-2025 01:34 PM,3410,Simon BÈgin <67952005.bxtw>,Simon BÈgin <67952005.bxtw>
72331,des Merisiers / des Buissons,H-C,Actif,Aucun visuel affich√©,,12-07-2025 01:34 PM,12-07-2025 01:34 PM,3411,Simon BÈgin <67952005.bxtw>,Simon BÈgin <67952005.bxtw>
72333,Cardinal-L√©ger / Forest,H-C,Actif,Aucun visuel affich√©,,12-07-2025 01:34 PM,12-07-2025 01:34 PM,3412,Simon BÈgin <67952005.bxtw>,Simon BÈgin <67952005.bxtw>
72334,Cardinal-L√©ger / Forest,H-C,Actif,Aucun visuel affich√©,,12-07-2025 01:34 PM,12-07-2025 01:34 PM,3413,Simon BÈgin <67952005.bxtw>,Simon BÈgin <67952005.bxtw>
72336,Cardinal-L√©ger / Monseigneur-Langlois,H-C,Actif,Aucun visuel affich√©,,12-07-2025 01:34 PM,12-07-2025 01:34 PM,3414,Simon BÈgin <67952005.bxtw>,Simon BÈgin <67952005.bxtw>
72337,Cardinal-L√©ger / Monseigneur-Langlois,H-C,Actif,Aucun visuel affich√©,,12-07-2025 01:34 PM,12-07-2025 01:34 PM,3415,Simon BÈgin <67952005.bxtw>,Simon BÈgin <67952005.bxtw>
72338,R√©gent / Forest,H-C,Actif,Aucun visuel affich√©,,12-07-2025 01:34 PM,12-07-2025 01:34 PM,3416,Simon BÈgin <67952005.bxtw>,Simon BÈgin <67952005.bxtw>
72339,Forest / R√©gent,H-C,Actif,Aucun visuel affich√©,,12-07-2025 01:34 PM,12-07-2025 01:34 PM,3417,Simon BÈgin <67952005.bxtw>,Simon BÈgin <67952005.bxtw>
72340,Cardinal-L√©ger / 8e Avenue,H-C,Actif,Aucun visuel affich√©,,12-07-2025 01:34 PM,12-07-2025 01:34 PM,3418,Simon BÈgin <67952005.bxtw>,Simon BÈgin <67952005.bxtw>
72341,Cardinal-L√©ger / 5e Avenue,H-C,Actif,Aucun visuel affich√©,,12-07-2025 01:34 PM,12-07-2025 01:34 PM,3419,Simon BÈgin <67952005.bxtw>,Simon BÈgin <67952005.bxtw>
72342,Cardinal-L√©ger / devant le civique 117,H-C,Actif,Aucun visuel affich√©,,12-07-2025 01:34 PM,12-07-2025 01:34 PM,3420,Simon BÈgin <67952005.bxtw>,Simon BÈgin <67952005.bxtw>
72343,Gare Pincourt / Terrasse-Vaudreuil,H-C,Actif,Aucun visuel affich√©,,12-07-2025 01:34 PM,12-07-2025 01:34 PM,3421,Simon BÈgin <67952005.bxtw>,Simon BÈgin <67952005.bxtw>
72344,du Traversier / Cardinal-L√©ger,H-C,Actif,Aucun visuel affich√©,,12-07-2025 01:34 PM,12-07-2025 01:34 PM,3422,Simon BÈgin <67952005.bxtw>,Simon BÈgin <67952005.bxtw>
72345,du Traversier / Cardinal-L√©ger,H-C,Actif,Aucun visuel affich√©,,12-07-2025 01:34 PM,12-07-2025 01:34 PM,3423,Simon BÈgin <67952005.bxtw>,Simon BÈgin <67952005.bxtw>
72346,R√©gent / Marcotte,H-C,Actif,Aucun visuel affich√©,,12-07-2025 01:34 PM,12-07-2025 01:34 PM,3424,Simon BÈgin <67952005.bxtw>,Simon BÈgin <67952005.bxtw>
72347,R√©gent / Marcotte,H-C,Actif,Aucun visuel affich√©,,12-07-2025 01:34 PM,12-07-2025 01:34 PM,3425,Simon BÈgin <67952005.bxtw>,Simon BÈgin <67952005.bxtw>
72348,Cardinal-L√©ger / devant le Parc Trotter,H-C,Actif,Aucun visuel affich√©,,12-07-2025 01:34 PM,12-07-2025 01:34 PM,3426,Simon BÈgin <67952005.bxtw>,Simon BÈgin <67952005.bxtw>
72349,Cardinal-L√©ger / face au Parc Trotter,H-C,Actif,Aucun visuel affich√©,,12-07-2025 01:34 PM,12-07-2025 01:34 PM,3427,Simon BÈgin <67952005.bxtw>,Simon BÈgin <67952005.bxtw>
72350,Cardinal-L√©ger / devant le civique 106 (Tabagie),H-C,Actif,Aucun visuel affich√©,,12-07-2025 01:34 PM,12-07-2025 01:34 PM,3428,Simon BÈgin <67952005.bxtw>,Simon BÈgin <67952005.bxtw>
72351,Cardinal-L√©ger / devant le Faubourg de l'√éle,H-C,Actif,Aucun visuel affich√©,,12-07-2025 01:34 PM,12-07-2025 01:34 PM,3429,Simon BÈgin <67952005.bxtw>,Simon BÈgin <67952005.bxtw>
72352,Cardinal-L√©ger / des Fr√™nes,H-C,Actif,Aucun visuel affich√©,,12-07-2025 01:34 PM,12-07-2025 01:34 PM,3430,Simon BÈgin <67952005.bxtw>,Simon BÈgin <67952005.bxtw>
72354,44e Avenue / Duhamel,H-C,Actif,Aucun visuel affich√©,,12-07-2025 01:34 PM,12-07-2025 01:34 PM,3431,Simon BÈgin <67952005.bxtw>,Simon BÈgin <67952005.bxtw>
72355,44e Avenue / Duhamel,H-C,Actif,Aucun visuel affich√©,,12-07-2025 01:34 PM,12-07-2025 01:34 PM,3432,Simon BÈgin <67952005.bxtw>,Simon BÈgin <67952005.bxtw>
72356,44e Avenue / 3e Boulevard,H-C,Actif,Aucun visuel affich√©,,12-07-2025 01:34 PM,12-07-2025 01:34 PM,3433,Simon BÈgin <67952005.bxtw>,Simon BÈgin <67952005.bxtw>
72357,3e Boulevard / 44e Avenue,H-C,Actif,Aucun visuel affich√©,,12-07-2025 01:34 PM,12-07-2025 01:34 PM,3434,Simon BÈgin <67952005.bxtw>,Simon BÈgin <67952005.bxtw>
72358,3e Boulevard / Cardinal-L√©ger,H-C,Actif,Aucun visuel affich√©,,12-07-2025 01:34 PM,12-07-2025 01:34 PM,3435,Simon BÈgin <67952005.bxtw>,Simon BÈgin <67952005.bxtw>
72359,Cardinal-L√©ger / 3e Boulevard,H-C,Actif,Aucun visuel affich√©,,12-07-2025 01:34 PM,12-07-2025 01:34 PM,3436,Simon BÈgin <67952005.bxtw>,Simon BÈgin <67952005.bxtw>
72362,de l'√éle / Forest,H-C,Actif,Aucun visuel affich√©,,12-07-2025 01:34 PM,12-07-2025 01:34 PM,3437,Simon BÈgin <67952005.bxtw>,Simon BÈgin <67952005.bxtw>
72363,Forest / de l'√éle,H-C,Actif,Aucun visuel affich√©,,12-07-2025 01:34 PM,12-07-2025 01:34 PM,3438,Simon BÈgin <67952005.bxtw>,Simon BÈgin <67952005.bxtw>
72364,de l'√éle / Forest,H-C,Actif,Aucun visuel affich√©,,12-07-2025 01:34 PM,12-07-2025 01:34 PM,3439,Simon BÈgin <67952005.bxtw>,Simon BÈgin <67952005.bxtw>
72365,Forest / de l'√éle,H-C,Actif,Aucun visuel affich√©,,12-07-2025 01:34 PM,12-07-2025 01:34 PM,3440,Simon BÈgin <67952005.bxtw>,Simon BÈgin <67952005.bxtw>
72366,Forest / Shamrock,H-C,Actif,Aucun visuel affich√©,,12-07-2025 01:34 PM,12-07-2025 01:34 PM,3441,Simon BÈgin <67952005.bxtw>,Simon BÈgin <67952005.bxtw>
72367,Shamrock / Forest,H-C,Actif,Aucun visuel affich√©,,12-07-2025 01:34 PM,12-07-2025 01:34 PM,3442,Simon BÈgin <67952005.bxtw>,Simon BÈgin <67952005.bxtw>
72368,Shamrock / Bayview,H-C,Actif,Aucun visuel affich√©,,12-07-2025 01:34 PM,12-07-2025 01:34 PM,3443,Simon BÈgin <67952005.bxtw>,Simon BÈgin <67952005.bxtw>
72369,Shamrock / Bayview,H-C,Actif,Aucun visuel affich√©,,12-07-2025 01:34 PM,12-07-2025 01:34 PM,3444,Simon BÈgin <67952005.bxtw>,Simon BÈgin <67952005.bxtw>
72370,de l'√éle / du Suro√Æt,H-C,Actif,Aucun visuel affich√©,,12-07-2025 01:34 PM,12-07-2025 01:34 PM,3445,Simon BÈgin <67952005.bxtw>,Simon BÈgin <67952005.bxtw>
72371,du Suro√Æt / de l'√éle,H-C,Actif,Aucun visuel affich√©,,12-07-2025 01:34 PM,12-07-2025 01:34 PM,3446,Simon BÈgin <67952005.bxtw>,Simon BÈgin <67952005.bxtw>
72372,de l'√éle / du Suro√Æt,H-C,Actif,Aucun visuel affich√©,,12-07-2025 01:34 PM,12-07-2025 01:34 PM,3447,Simon BÈgin <67952005.bxtw>,Simon BÈgin <67952005.bxtw>
72374,Forest / Pincourt,H-C,Actif,Aucun visuel affich√©,,12-07-2025 01:34 PM,12-07-2025 01:34 PM,3448,Simon BÈgin <67952005.bxtw>,Simon BÈgin <67952005.bxtw>
72375,Pincourt / Forest,H-C,Actif,Aucun visuel affich√©,,12-07-2025 01:34 PM,12-07-2025 01:34 PM,3449,Simon BÈgin <67952005.bxtw>,Simon BÈgin <67952005.bxtw>
72376,Forest / Pincourt,H-C,Actif,Aucun visuel affich√©,,12-07-2025 01:34 PM,12-07-2025 01:34 PM,3450,Simon BÈgin <67952005.bxtw>,Simon BÈgin <67952005.bxtw>
72377,Forest / Racine,H-C,Actif,Aucun visuel affich√©,,12-07-2025 01:34 PM,12-07-2025 01:34 PM,3451,Simon BÈgin <67952005.bxtw>,Simon BÈgin <67952005.bxtw>
72378,Forest / Racine,H-C,Actif,Aucun visuel affich√©,,12-07-2025 01:34 PM,12-07-2025 01:34 PM,3452,Simon BÈgin <67952005.bxtw>,Simon BÈgin <67952005.bxtw>
72379,Forest / devant le civique 550,H-C,Actif,Aucun visuel affich√©,,12-07-2025 01:34 PM,12-07-2025 01:34 PM,3453,Simon BÈgin <67952005.bxtw>,Simon BÈgin <67952005.bxtw>
72380,Forest / de la Cime,H-C,Actif,Aucun visuel affich√©,,12-07-2025 01:34 PM,12-07-2025 01:34 PM,3454,Simon BÈgin <67952005.bxtw>,Simon BÈgin <67952005.bxtw>
72381,Forest / de la Falaise,H-C,Actif,Aucun visuel affich√©,,12-07-2025 01:34 PM,12-07-2025 01:34 PM,3455,Simon BÈgin <67952005.bxtw>,Simon BÈgin <67952005.bxtw>
72382,Forest / de la Falaise,H-C,Actif,Aucun visuel affich√©,,12-07-2025 01:34 PM,12-07-2025 01:34 PM,3456,Simon BÈgin <67952005.bxtw>,Simon BÈgin <67952005.bxtw>
72383,de l'√éle / Northcote,H-C,Actif,Aucun visuel affich√©,,12-07-2025 01:34 PM,12-07-2025 01:34 PM,3457,Simon BÈgin <67952005.bxtw>,Simon BÈgin <67952005.bxtw>
72385,Northcote / de l'√éle,H-C,Actif,Aucun visuel affich√©,,12-07-2025 01:34 PM,12-07-2025 01:34 PM,3458,Simon BÈgin <67952005.bxtw>,Simon BÈgin <67952005.bxtw>
72388,Montfort / Dumas,H-C,Actif,Aucun visuel affich√©,,12-07-2025 01:34 PM,12-07-2025 01:34 PM,3459,Simon BÈgin <67952005.bxtw>,Simon BÈgin <67952005.bxtw>
72389,Dumas / Montfort,H-C,Actif,Aucun visuel affich√©,,12-07-2025 01:34 PM,12-07-2025 01:34 PM,3460,Simon BÈgin <67952005.bxtw>,Simon BÈgin <67952005.bxtw>
72390,Montfort / du Souvenir,H-C,Actif,Aucun visuel affich√©,,12-07-2025 01:34 PM,12-07-2025 01:34 PM,3461,Simon BÈgin <67952005.bxtw>,Simon BÈgin <67952005.bxtw>
72391,Montfort / du Souvenir,H-C,Actif,Aucun visuel affich√©,,12-07-2025 01:34 PM,12-07-2025 01:34 PM,3462,Simon BÈgin <67952005.bxtw>,Simon BÈgin <67952005.bxtw>
72392,Montfort / Kendall,H-C,Actif,Aucun visuel affich√©,,12-07-2025 01:34 PM,12-07-2025 01:34 PM,3463,Simon BÈgin <67952005.bxtw>,Simon BÈgin <67952005.bxtw>
72393,Montfort / Kendall,H-C,Actif,Aucun visuel affich√©,,12-07-2025 01:34 PM,12-07-2025 01:34 PM,3464,Simon BÈgin <67952005.bxtw>,Simon BÈgin <67952005.bxtw>
72394,de l'√éle / 5e Avenue,H-C,Actif,Aucun visuel affich√©,,12-07-2025 01:34 PM,12-07-2025 01:34 PM,3465,Simon BÈgin <67952005.bxtw>,Simon BÈgin <67952005.bxtw>
72395,de l'√éle / 5e Avenue,H-C,Actif,Aucun visuel affich√©,,12-07-2025 01:34 PM,12-07-2025 01:34 PM,3466,Simon BÈgin <67952005.bxtw>,Simon BÈgin <67952005.bxtw>
72396,Cardinal-L√©ger / du Bois√©-des-Ch√™nes,H-C,Actif,Aucun visuel affich√©,,12-07-2025 01:34 PM,12-07-2025 01:34 PM,3467,Simon BÈgin <67952005.bxtw>,Simon BÈgin <67952005.bxtw>
72397,Cardinal-L√©ger / du Bois√©-des-Ch√™nes,H-C,Actif,Aucun visuel affich√©,,12-07-2025 01:34 PM,12-07-2025 01:34 PM,3468,Simon BÈgin <67952005.bxtw>,Simon BÈgin <67952005.bxtw>
72398,Olympique / 17e Avenue,H-C,Actif,Aucun visuel affich√©,,12-07-2025 01:34 PM,12-07-2025 01:34 PM,3469,Simon BÈgin <67952005.bxtw>,Simon BÈgin <67952005.bxtw>
72399,Olympique / 17e Avenue,H-C,Actif,Aucun visuel affich√©,,12-07-2025 01:34 PM,12-07-2025 01:34 PM,3470,Simon BÈgin <67952005.bxtw>,Simon BÈgin <67952005.bxtw>
72400,Northcote / Frontenac,H-C,Actif,Aucun visuel affich√©,,12-07-2025 01:34 PM,12-07-2025 01:34 PM,3471,Simon BÈgin <67952005.bxtw>,Simon BÈgin <67952005.bxtw>
72402,Northcote / Frontenac,H-C,Actif,Aucun visuel affich√©,,12-07-2025 01:34 PM,12-07-2025 01:34 PM,3472,Simon BÈgin <67952005.bxtw>,Simon BÈgin <67952005.bxtw>
72403,du Suro√Æt / des Pommetiers,H-C,Actif,Aucun visuel affich√©,,12-07-2025 01:34 PM,12-07-2025 01:34 PM,3473,Simon BÈgin <67952005.bxtw>,Simon BÈgin <67952005.bxtw>
72404,du Suro√Æt / des Pommetiers,H-C,Actif,Aucun visuel affich√©,,12-07-2025 01:34 PM,12-07-2025 01:34 PM,3474,Simon BÈgin <67952005.bxtw>,Simon BÈgin <67952005.bxtw>
72405,du Suro√Æt / des Lauriers,H-C,Actif,Aucun visuel affich√©,,12-07-2025 01:34 PM,12-07-2025 01:34 PM,3475,Simon BÈgin <67952005.bxtw>,Simon BÈgin <67952005.bxtw>
72406,du Suro√Æt / des Lauriers,H-C,Actif,Aucun visuel affich√©,,12-07-2025 01:34 PM,12-07-2025 01:34 PM,3476,Simon BÈgin <67952005.bxtw>,Simon BÈgin <67952005.bxtw>
72407,du Suro√Æt / des Gen√©vriers,H-C,Actif,Aucun visuel affich√©,,12-07-2025 01:34 PM,12-07-2025 01:34 PM,3477,Simon BÈgin <67952005.bxtw>,Simon BÈgin <67952005.bxtw>
72408,du Suro√Æt / des Gen√©vriers,H-C,Actif,Aucun visuel affich√©,,12-07-2025 01:34 PM,12-07-2025 01:34 PM,3478,Simon BÈgin <67952005.bxtw>,Simon BÈgin <67952005.bxtw>
72409,Cardinal-L√©ger / 23e Avenue,H-C,Actif,Aucun visuel affich√©,,12-07-2025 01:34 PM,12-07-2025 01:34 PM,3479,Simon BÈgin <67952005.bxtw>,Simon BÈgin <67952005.bxtw>
72410,23e Avenue / Cardinal-L√©ger,H-C,Actif,Aucun visuel affich√©,,12-07-2025 01:34 PM,12-07-2025 01:34 PM,3480,Simon BÈgin <67952005.bxtw>,Simon BÈgin <67952005.bxtw>
72411,Mont√©e Lavigne / devant le civique 101 (Esso),H-C,Actif,Aucun visuel affich√©,,12-07-2025 01:34 PM,12-07-2025 01:34 PM,3481,Simon BÈgin <67952005.bxtw>,Simon BÈgin <67952005.bxtw>
72412,Mont√©e Lavigne / devant le civique 98 (P√©tro Canada),H-C,Actif,Aucun visuel affich√©,,12-07-2025 01:34 PM,12-07-2025 01:34 PM,3482,Simon BÈgin <67952005.bxtw>,Simon BÈgin <67952005.bxtw>
72413,Saint-Jean-Baptiste Est / devant le Super C,H-C,Actif,Aucun visuel affich√©,,12-07-2025 01:34 PM,12-07-2025 01:34 PM,3483,Simon BÈgin <67952005.bxtw>,Simon BÈgin <67952005.bxtw>
72414,Saint-Jean-Baptiste Est / face au Super C,H-C,Actif,Aucun visuel affich√©,,12-07-2025 01:34 PM,12-07-2025 01:34 PM,3484,Simon BÈgin <67952005.bxtw>,Simon BÈgin <67952005.bxtw>
72415,Saint-Viateur / du Bois√©-des-Franciscaines,H-C,Actif,Aucun visuel affich√©,,12-07-2025 01:34 PM,12-07-2025 01:34 PM,3485,Simon BÈgin <67952005.bxtw>,Simon BÈgin <67952005.bxtw>
72416,Saint-Viateur / du Bois√©-des-Franciscaines,H-C,Actif,Aucun visuel affich√©,,12-07-2025 01:34 PM,12-07-2025 01:34 PM,3486,Simon BÈgin <67952005.bxtw>,Simon BÈgin <67952005.bxtw>
72419,de la Coop√©rative / J.-Hyacinthe-Leduc,H-C,Actif,Aucun visuel affich√©,,12-07-2025 01:34 PM,12-07-2025 01:34 PM,3487,Simon BÈgin <67952005.bxtw>,Simon BÈgin <67952005.bxtw>
72420,de la Coop√©rative / J.-Hyacinthe-Leduc,H-C,Actif,Aucun visuel affich√©,,12-07-2025 01:34 PM,12-07-2025 01:34 PM,3488,Simon BÈgin <67952005.bxtw>,Simon BÈgin <67952005.bxtw>
72421,Saint-Antoine / de la Coop√©rative,H-C,Actif,Aucun visuel affich√©,,12-07-2025 01:34 PM,12-07-2025 01:34 PM,3489,Simon BÈgin <67952005.bxtw>,Simon BÈgin <67952005.bxtw>
72422,de la Coop√©rative / Saint-Antoine,H-C,Actif,Aucun visuel affich√©,,12-07-2025 01:34 PM,12-07-2025 01:34 PM,3490,Simon BÈgin <67952005.bxtw>,Simon BÈgin <67952005.bxtw>
72423,Saint-Viateur / Saint-Jean-Baptiste Est,H-C,Actif,Aucun visuel affich√©,,12-07-2025 01:34 PM,12-07-2025 01:34 PM,3491,Simon BÈgin <67952005.bxtw>,Simon BÈgin <67952005.bxtw>
72424,Saint-Viateur / Saint-Jean-Baptiste Est,H-C,Actif,Aucun visuel affich√©,,12-07-2025 01:34 PM,12-07-2025 01:34 PM,3492,Simon BÈgin <67952005.bxtw>,Simon BÈgin <67952005.bxtw>
72425,de l'H√¥tel-de-Ville / G√©rard-Chicoine,H-C,Actif,Aucun visuel affich√©,,12-07-2025 01:34 PM,12-07-2025 01:34 PM,3493,Simon BÈgin <67952005.bxtw>,Simon BÈgin <67952005.bxtw>
72426,de l'H√¥tel-de-Ville / G√©rard-Chicoine,H-C,Actif,Aucun visuel affich√©,,12-07-2025 01:34 PM,12-07-2025 01:34 PM,3494,Simon BÈgin <67952005.bxtw>,Simon BÈgin <67952005.bxtw>
72427,de l'H√¥tel-de-Ville / Saint-Pierre,H-C,Actif,Aucun visuel affich√©,,12-07-2025 01:34 PM,12-07-2025 01:34 PM,3495,Simon BÈgin <67952005.bxtw>,Simon BÈgin <67952005.bxtw>
72428,de l'H√¥tel-de-Ville / Saint-Pierre,H-C,Actif,Aucun visuel affich√©,,12-07-2025 01:34 PM,12-07-2025 01:34 PM,3496,Simon BÈgin <67952005.bxtw>,Simon BÈgin <67952005.bxtw>
72429,Saint-Pierre / de la Banque,H-C,Actif,Aucun visuel affich√©,,12-07-2025 01:34 PM,12-07-2025 01:34 PM,3497,Simon BÈgin <67952005.bxtw>,Simon BÈgin <67952005.bxtw>
72430,Saint-Pierre / de la Banque,H-C,Actif,Aucun visuel affich√©,,12-07-2025 01:34 PM,12-07-2025 01:34 PM,3498,Simon BÈgin <67952005.bxtw>,Simon BÈgin <67952005.bxtw>
72431,Saint-Fran√ßois / Saint-Jean-Baptiste Ouest,H-C,Actif,Aucun visuel affich√©,,12-07-2025 01:34 PM,12-07-2025 01:34 PM,3499,Simon BÈgin <67952005.bxtw>,Simon BÈgin <67952005.bxtw>
72432,Saint-Fran√ßois / Saint-Jean-Baptiste,H-C,Actif,Aucun visuel affich√©,,12-07-2025 01:34 PM,12-07-2025 01:34 PM,3500,Simon BÈgin <67952005.bxtw>,Simon BÈgin <67952005.bxtw>
72433,Joly / Saint-Fran√ßois,H-C,Actif,Aucun visuel affich√©,,12-07-2025 01:34 PM,12-07-2025 01:34 PM,3501,Simon BÈgin <67952005.bxtw>,Simon BÈgin <67952005.bxtw>
72434,Joly / Aim√©-Aubry,H-C,Actif,Aucun visuel affich√©,,12-07-2025 01:34 PM,12-07-2025 01:34 PM,3502,Simon BÈgin <67952005.bxtw>,Simon BÈgin <67952005.bxtw>
72435,Bussi√®re / Joly,H-C,Actif,Aucun visuel affich√©,,12-07-2025 01:34 PM,12-07-2025 01:34 PM,3503,Simon BÈgin <67952005.bxtw>,Simon BÈgin <67952005.bxtw>
72436,Bussi√®re / Edgar-S√©guin,H-C,Actif,Aucun visuel affich√©,,12-07-2025 01:34 PM,12-07-2025 01:34 PM,3504,Simon BÈgin <67952005.bxtw>,Simon BÈgin <67952005.bxtw>
72437,Bussi√®re / Saint-Fran√ßois,H-C,Actif,Aucun visuel affich√©,,12-07-2025 01:34 PM,12-07-2025 01:34 PM,3505,Simon BÈgin <67952005.bxtw>,Simon BÈgin <67952005.bxtw>
72438,Saint-Fran√ßois / Simon-Pierre-Tremblay,H-C,Actif,Aucun visuel affich√©,,12-07-2025 01:34 PM,12-07-2025 01:34 PM,3506,Simon BÈgin <67952005.bxtw>,Simon BÈgin <67952005.bxtw>
72439,J.-Marc-S√©guin / Saint-Fran√ßois,H-C,Actif,Aucun visuel affich√©,,12-07-2025 01:34 PM,12-07-2025 01:34 PM,3507,Simon BÈgin <67952005.bxtw>,Simon BÈgin <67952005.bxtw>
72440,J.-Marc-S√©guin / Saint-Fran√ßois,H-C,Actif,Aucun visuel affich√©,,12-07-2025 01:34 PM,12-07-2025 01:34 PM,3508,Simon BÈgin <67952005.bxtw>,Simon BÈgin <67952005.bxtw>
72441,S√©guin / devant le civique 26 (Fleury Michon),H-C,Actif,Aucun visuel affich√©,,12-07-2025 01:34 PM,12-07-2025 01:34 PM,3509,Simon BÈgin <67952005.bxtw>,Simon BÈgin <67952005.bxtw>
72442,S√©guin / face au civique 26 (Fleury Michon),H-C,Actif,Aucun visuel affich√©,,12-07-2025 01:34 PM,12-07-2025 01:34 PM,3510,Simon BÈgin <67952005.bxtw>,Simon BÈgin <67952005.bxtw>
72444,J.-Marc-S√©guin / devant le civique 51,H-C,Actif,Aucun visuel affich√©,,12-07-2025 01:34 PM,12-07-2025 01:34 PM,3511,Simon BÈgin <67952005.bxtw>,Simon BÈgin <67952005.bxtw>
72445,de la Coop√©rative / Saint-Jean-Baptiste Est,H-C,Actif,Aucun visuel affich√©,,12-07-2025 01:34 PM,12-07-2025 01:34 PM,3512,Simon BÈgin <67952005.bxtw>,Simon BÈgin <67952005.bxtw>
72446,de la Coop√©rative / Saint-Jean-Baptiste Est,H-C,Actif,Aucun visuel affich√©,,12-07-2025 01:34 PM,12-07-2025 01:34 PM,3513,Simon BÈgin <67952005.bxtw>,Simon BÈgin <67952005.bxtw>
72447,Sainte-Anne / Lalonde,H-C,Actif,Aucun visuel affich√©,,12-07-2025 01:34 PM,12-07-2025 01:34 PM,3514,Simon BÈgin <67952005.bxtw>,Simon BÈgin <67952005.bxtw>
72448,Terminus Macdonald,H-C,Actif,Aucun visuel affich√©,,12-07-2025 01:34 PM,12-07-2025 01:34 PM,3515,Simon BÈgin <67952005.bxtw>,Simon BÈgin <67952005.bxtw>
72449,Terminus Macdonald,H-C,Actif,Aucun visuel affich√©,,12-07-2025 01:34 PM,12-07-2025 01:34 PM,3516,Simon BÈgin <67952005.bxtw>,Simon BÈgin <67952005.bxtw>
72450,Saint-Pierre / passage pi√©tonnier,H-C,Actif,Aucun visuel affich√©,,12-07-2025 01:34 PM,12-07-2025 01:34 PM,3517,Simon BÈgin <67952005.bxtw>,Simon BÈgin <67952005.bxtw>
72451,du Coll√®ge / Saint-Pierre,H-C,Actif,Aucun visuel affich√©,,12-07-2025 01:34 PM,12-07-2025 01:34 PM,3518,Simon BÈgin <67952005.bxtw>,Simon BÈgin <67952005.bxtw>
72452,Poultry Cottages / Ferme Macdonald,H-C,Actif,Aucun visuel affich√©,,12-07-2025 01:34 PM,12-07-2025 01:34 PM,3519,Simon BÈgin <67952005.bxtw>,Simon BÈgin <67952005.bxtw>
72453,C√©gep John Abbott,H-C,Actif,Aucun visuel affich√©,,12-07-2025 01:34 PM,12-07-2025 01:34 PM,3520,Simon BÈgin <67952005.bxtw>,Simon BÈgin <67952005.bxtw>
72454,Poultry Cottages / Ferme Macdonald,H-C,Actif,Aucun visuel affich√©,,12-07-2025 01:34 PM,12-07-2025 01:34 PM,3521,Simon BÈgin <67952005.bxtw>,Simon BÈgin <67952005.bxtw>
72455,de la C√¥te-Vertu / Beaulac,H-C,Actif,Aucun visuel affich√©,,12-07-2025 01:34 PM,12-07-2025 01:34 PM,3522,Simon BÈgin <67952005.bxtw>,Simon BÈgin <67952005.bxtw>
72456,de la C√¥te-Vertu / Beaulac,H-C,Actif,Aucun visuel affich√©,,12-07-2025 01:34 PM,12-07-2025 01:34 PM,3523,Simon BÈgin <67952005.bxtw>,Simon BÈgin <67952005.bxtw>
72457,Terminus C√¥te-Vertu,H-C,Actif,Aucun visuel affich√©,,12-07-2025 01:34 PM,12-07-2025 01:34 PM,3524,Simon BÈgin <67952005.bxtw>,Simon BÈgin <67952005.bxtw>
72458,Terminus C√¥te-Vertu,H-C,Actif,Aucun visuel affich√©,,12-07-2025 01:34 PM,12-07-2025 01:34 PM,3525,Simon BÈgin <67952005.bxtw>,Simon BÈgin <67952005.bxtw>
72459,Yearling / Croissant Cavaletti,H-C,Actif,Aucun visuel affich√©,,12-07-2025 01:34 PM,12-07-2025 01:34 PM,3526,Simon BÈgin <67952005.bxtw>,Simon BÈgin <67952005.bxtw>
72460,C√¥te Saintt-Charles / face au civique 2760 (Mon Village),H-C,Actif,Aucun visuel affich√©,,12-07-2025 01:34 PM,12-07-2025 01:34 PM,3527,Simon BÈgin <67952005.bxtw>,Simon BÈgin <67952005.bxtw>
72461,C√¥te Saint-Charles / devant le civique 2760 (Mon Village),H-C,Actif,Aucun visuel affich√©,,12-07-2025 01:34 PM,12-07-2025 01:34 PM,3528,Simon BÈgin <67952005.bxtw>,Simon BÈgin <67952005.bxtw>
72462,Master / Carriage Way,H-C,Actif,Aucun visuel affich√©,,12-07-2025 01:34 PM,12-07-2025 01:34 PM,3529,Simon BÈgin <67952005.bxtw>,Simon BÈgin <67952005.bxtw>
72463,Master / Carriage Way,H-C,Actif,Aucun visuel affich√©,,12-07-2025 01:34 PM,12-07-2025 01:34 PM,3530,Simon BÈgin <67952005.bxtw>,Simon BÈgin <67952005.bxtw>
72464,Yearling / Master,H-C,Actif,Aucun visuel affich√©,,12-07-2025 01:34 PM,12-07-2025 01:34 PM,3531,Simon BÈgin <67952005.bxtw>,Simon BÈgin <67952005.bxtw>
72465,Master / Yearling,H-C,Actif,Aucun visuel affich√©,,12-07-2025 01:34 PM,12-07-2025 01:34 PM,3532,Simon BÈgin <67952005.bxtw>,Simon BÈgin <67952005.bxtw>
72466,Yearling / de Bay Meadow,H-C,Actif,Aucun visuel affich√©,,12-07-2025 01:34 PM,12-07-2025 01:34 PM,3533,Simon BÈgin <67952005.bxtw>,Simon BÈgin <67952005.bxtw>
72467,Yearling / Pine Run,H-C,Actif,Aucun visuel affich√©,,12-07-2025 01:34 PM,12-07-2025 01:34 PM,3534,Simon BÈgin <67952005.bxtw>,Simon BÈgin <67952005.bxtw>
72468,Yearling / Pine Run,H-C,Actif,Aucun visuel affich√©,,12-07-2025 01:34 PM,12-07-2025 01:34 PM,3535,Simon BÈgin <67952005.bxtw>,Simon BÈgin <67952005.bxtw>
72469,Yearling / Stallion,H-C,Actif,Aucun visuel affich√©,,12-07-2025 01:34 PM,12-07-2025 01:34 PM,3536,Simon BÈgin <67952005.bxtw>,Simon BÈgin <67952005.bxtw>
72470,Yearling / Stallion,H-C,Actif,Aucun visuel affich√©,,12-07-2025 01:34 PM,12-07-2025 01:34 PM,3537,Simon BÈgin <67952005.bxtw>,Simon BÈgin <67952005.bxtw>
72471,C√¥te Saint-Charles / Harwood,H-C,Actif,Aucun visuel affich√©,,12-07-2025 01:34 PM,12-07-2025 01:34 PM,3538,Simon BÈgin <67952005.bxtw>,Simon BÈgin <67952005.bxtw>
72472,C√¥te Saint-Charles / Harwood,H-C,Actif,Aucun visuel affich√©,,12-07-2025 01:34 PM,12-07-2025 01:34 PM,3539,Simon BÈgin <67952005.bxtw>,Simon BÈgin <67952005.bxtw>
72473,Harwood / C√¥te Saint-Charles,H-C,Actif,Aucun visuel affich√©,,12-07-2025 01:34 PM,12-07-2025 01:34 PM,3540,Simon BÈgin <67952005.bxtw>,Simon BÈgin <67952005.bxtw>
72474,Yearling / du Bordelais,H-C,Actif,Aucun visuel affich√©,,12-07-2025 01:34 PM,12-07-2025 01:34 PM,3541,Simon BÈgin <67952005.bxtw>,Simon BÈgin <67952005.bxtw>
72475,Yearling / du Bordelais,H-C,Actif,Aucun visuel affich√©,,12-07-2025 01:34 PM,12-07-2025 01:34 PM,3542,Simon BÈgin <67952005.bxtw>,Simon BÈgin <67952005.bxtw>
72476,des Sables / Croissant du Sablier,H-C,Actif,Aucun visuel affich√©,,12-07-2025 01:34 PM,12-07-2025 01:34 PM,3543,Simon BÈgin <67952005.bxtw>,Simon BÈgin <67952005.bxtw>
72477,du Bordelais / du Conservatoire,H-C,Actif,Aucun visuel affich√©,,12-07-2025 01:34 PM,12-07-2025 01:34 PM,3544,Simon BÈgin <67952005.bxtw>,Simon BÈgin <67952005.bxtw>
72478,du Bordelais / du Conservatoire,H-C,Actif,Aucun visuel affich√©,,12-07-2025 01:34 PM,12-07-2025 01:34 PM,3545,Simon BÈgin <67952005.bxtw>,Simon BÈgin <67952005.bxtw>
72479,du Bordelais / Chanterel,H-C,Actif,Aucun visuel affich√©,,12-07-2025 01:34 PM,12-07-2025 01:34 PM,3546,Simon BÈgin <67952005.bxtw>,Simon BÈgin <67952005.bxtw>
72480,du Bordelais / Chanterel,H-C,Actif,Aucun visuel affich√©,,12-07-2025 01:34 PM,12-07-2025 01:34 PM,3547,Simon BÈgin <67952005.bxtw>,Simon BÈgin <67952005.bxtw>
72481,du Bordelais / du Bordeaux,H-C,Actif,Aucun visuel affich√©,,12-07-2025 01:34 PM,12-07-2025 01:34 PM,3548,Simon BÈgin <67952005.bxtw>,Simon BÈgin <67952005.bxtw>
72482,du Bordelais / du Bordeaux,H-C,Actif,Aucun visuel affich√©,,12-07-2025 01:34 PM,12-07-2025 01:34 PM,3549,Simon BÈgin <67952005.bxtw>,Simon BÈgin <67952005.bxtw>
72483,du Bordelais / Sainte-√âlisabeth,H-C,Actif,Aucun visuel affich√©,,12-07-2025 01:34 PM,12-07-2025 01:34 PM,3550,Simon BÈgin <67952005.bxtw>,Simon BÈgin <67952005.bxtw>
72484,du Bordelais / Sainte-√âlisabeth,H-C,Actif,Aucun visuel affich√©,,12-07-2025 01:34 PM,12-07-2025 01:34 PM,3551,Simon BÈgin <67952005.bxtw>,Simon BÈgin <67952005.bxtw>
72485,du Bordelais / des Oliviers,H-C,Actif,Aucun visuel affich√©,,12-07-2025 01:34 PM,12-07-2025 01:34 PM,3552,Simon BÈgin <67952005.bxtw>,Simon BÈgin <67952005.bxtw>
72486,du Bordelais / du Sauvignon,H-C,Actif,Aucun visuel affich√©,,12-07-2025 01:34 PM,12-07-2025 01:34 PM,3553,Simon BÈgin <67952005.bxtw>,Simon BÈgin <67952005.bxtw>
72487,du Bordelais / Place du Bordelais,H-C,Actif,Aucun visuel affich√©,,12-07-2025 01:34 PM,12-07-2025 01:34 PM,3554,Simon BÈgin <67952005.bxtw>,Simon BÈgin <67952005.bxtw>
72488,du Bordelais / du Muscadet,H-C,Actif,Aucun visuel affich√©,,12-07-2025 01:34 PM,12-07-2025 01:34 PM,3555,Simon BÈgin <67952005.bxtw>,Simon BÈgin <67952005.bxtw>
72489,Sainte-Ang√©lique / du Bordelais,H-C,Actif,Aucun visuel affich√©,,12-07-2025 01:34 PM,12-07-2025 01:34 PM,3556,Simon BÈgin <67952005.bxtw>,Simon BÈgin <67952005.bxtw>
72490,du Bordelais / Sainte-Ang√©lique,H-C,Actif,Aucun visuel affich√©,,12-07-2025 01:34 PM,12-07-2025 01:34 PM,3557,Simon BÈgin <67952005.bxtw>,Simon BÈgin <67952005.bxtw>
72491,Sainte-Ang√©lique / des Cascades,H-C,Actif,Aucun visuel affich√©,,12-07-2025 01:34 PM,12-07-2025 01:34 PM,3558,Simon BÈgin <67952005.bxtw>,Simon BÈgin <67952005.bxtw>
72492,Sainte-Ang√©lique / des Cascades,H-C,Actif,Aucun visuel affich√©,,12-07-2025 01:34 PM,12-07-2025 01:34 PM,3559,Simon BÈgin <67952005.bxtw>,Simon BÈgin <67952005.bxtw>
72493,Sainte-Ang√©lique / Rozon,H-C,Actif,Aucun visuel affich√©,,12-07-2025 01:34 PM,12-07-2025 01:34 PM,3560,Simon BÈgin <67952005.bxtw>,Simon BÈgin <67952005.bxtw>
72494,Sainte-Ang√©lique / Rozon,H-C,Actif,Aucun visuel affich√©,,12-07-2025 01:34 PM,12-07-2025 01:34 PM,3561,Simon BÈgin <67952005.bxtw>,Simon BÈgin <67952005.bxtw>
72495,Sainte-Ang√©lique / Michel,H-C,Actif,Aucun visuel affich√©,,12-07-2025 01:34 PM,12-07-2025 01:34 PM,3562,Simon BÈgin <67952005.bxtw>,Simon BÈgin <67952005.bxtw>
72496,Sainte-Ang√©lique / Michel,H-C,Actif,Aucun visuel affich√©,,12-07-2025 01:34 PM,12-07-2025 01:34 PM,3563,Simon BÈgin <67952005.bxtw>,Simon BÈgin <67952005.bxtw>
72497,Sainte-Ang√©lique / B√©dard,H-C,Actif,Aucun visuel affich√©,,12-07-2025 01:34 PM,12-07-2025 01:34 PM,3564,Simon BÈgin <67952005.bxtw>,Simon BÈgin <67952005.bxtw>
72498,Sainte-Ang√©lique / B√©dard,H-C,Actif,Aucun visuel affich√©,,12-07-2025 01:34 PM,12-07-2025 01:34 PM,3565,Simon BÈgin <67952005.bxtw>,Simon BÈgin <67952005.bxtw>
72499,Sainte-Ang√©lique / des Marguerites,H-C,Actif,Aucun visuel affich√©,,12-07-2025 01:34 PM,12-07-2025 01:34 PM,3566,Simon BÈgin <67952005.bxtw>,Simon BÈgin <67952005.bxtw>
72500,Sainte-Ang√©lique / des Marguerites,H-C,Actif,Aucun visuel affich√©,,12-07-2025 01:34 PM,12-07-2025 01:34 PM,3567,Simon BÈgin <67952005.bxtw>,Simon BÈgin <67952005.bxtw>
72501,Sainte-Ang√©lique / Leroux,H-C,Actif,Aucun visuel affich√©,,12-07-2025 01:34 PM,12-07-2025 01:34 PM,3568,Simon BÈgin <67952005.bxtw>,Simon BÈgin <67952005.bxtw>
72502,Sainte-Ang√©lique / Leroux,H-C,Actif,Aucun visuel affich√©,,12-07-2025 01:34 PM,12-07-2025 01:34 PM,3569,Simon BÈgin <67952005.bxtw>,Simon BÈgin <67952005.bxtw>
72503,Sainte-Ang√©lique / Daniel,H-C,Actif,Aucun visuel affich√©,,12-07-2025 01:34 PM,12-07-2025 01:34 PM,3570,Simon BÈgin <67952005.bxtw>,Simon BÈgin <67952005.bxtw>
72504,Master / Croissant  Chestnut,H-C,Actif,Aucun visuel affich√©,,12-07-2025 01:34 PM,12-07-2025 01:34 PM,3571,Simon BÈgin <67952005.bxtw>,Simon BÈgin <67952005.bxtw>
72505,Master / Croissant  Chestnut,H-C,Actif,Aucun visuel affich√©,,12-07-2025 01:34 PM,12-07-2025 01:34 PM,3572,Simon BÈgin <67952005.bxtw>,Simon BÈgin <67952005.bxtw>
72506,Sainte-Ang√©lique / des C√®dres,H-C,Actif,Aucun visuel affich√©,,12-07-2025 01:34 PM,12-07-2025 01:34 PM,3573,Simon BÈgin <67952005.bxtw>,Simon BÈgin <67952005.bxtw>
72507,Brazeau / Sainte-Ang√©lique,H-C,Actif,Aucun visuel affich√©,,12-07-2025 01:34 PM,12-07-2025 01:34 PM,3574,Simon BÈgin <67952005.bxtw>,Simon BÈgin <67952005.bxtw>
72508,Brazeau / Sainte-Ang√©lique,H-C,Actif,Aucun visuel affich√©,,12-07-2025 01:34 PM,12-07-2025 01:34 PM,3575,Simon BÈgin <67952005.bxtw>,Simon BÈgin <67952005.bxtw>
72509,du Printemps / Brazeau,H-C,Actif,Aucun visuel affich√©,,12-07-2025 01:34 PM,12-07-2025 01:34 PM,3576,Simon BÈgin <67952005.bxtw>,Simon BÈgin <67952005.bxtw>
72510,Brazeau / du Printemps,H-C,Actif,Aucun visuel affich√©,,12-07-2025 01:34 PM,12-07-2025 01:34 PM,3577,Simon BÈgin <67952005.bxtw>,Simon BÈgin <67952005.bxtw>
72511,des Semences / du Printemps,H-C,Actif,Aucun visuel affich√©,,12-07-2025 01:34 PM,12-07-2025 01:34 PM,3578,Simon BÈgin <67952005.bxtw>,Simon BÈgin <67952005.bxtw>
72512,du Printemps / des Semences,H-C,Actif,Aucun visuel affich√©,,12-07-2025 01:34 PM,12-07-2025 01:34 PM,3579,Simon BÈgin <67952005.bxtw>,Simon BÈgin <67952005.bxtw>
72513,des Semences / Champ√™tre,H-C,Actif,Aucun visuel affich√©,,12-07-2025 01:34 PM,12-07-2025 01:34 PM,3580,Simon BÈgin <67952005.bxtw>,Simon BÈgin <67952005.bxtw>
72514,Champ√™tre / des Semences,H-C,Actif,Aucun visuel affich√©,,12-07-2025 01:34 PM,12-07-2025 01:34 PM,3581,Simon BÈgin <67952005.bxtw>,Simon BÈgin <67952005.bxtw>
72515,Champ√™tre / du Sous-Bois (1),H-C,Actif,Aucun visuel affich√©,,12-07-2025 01:34 PM,12-07-2025 01:34 PM,3582,Simon BÈgin <67952005.bxtw>,Simon BÈgin <67952005.bxtw>
72516,Champ√™tre / du Sous-Bois (2),H-C,Actif,Aucun visuel affich√©,,12-07-2025 01:34 PM,12-07-2025 01:34 PM,3583,Simon BÈgin <67952005.bxtw>,Simon BÈgin <67952005.bxtw>
72517,Champ√™tre / du Sous-Bois (2),H-C,Actif,Aucun visuel affich√©,,12-07-2025 01:34 PM,12-07-2025 01:34 PM,3584,Simon BÈgin <67952005.bxtw>,Simon BÈgin <67952005.bxtw>
72518,Champ√™tre / du Sous-Bois (1),H-C,Actif,Aucun visuel affich√©,,12-07-2025 01:34 PM,12-07-2025 01:34 PM,3585,Simon BÈgin <67952005.bxtw>,Simon BÈgin <67952005.bxtw>
72519,Sainte-Ang√©lique / Albert-Beaulne,H-C,Actif,Aucun visuel affich√©,,12-07-2025 01:34 PM,12-07-2025 01:34 PM,3586,Simon BÈgin <67952005.bxtw>,Simon BÈgin <67952005.bxtw>
72520,Sainte-Ang√©lique / Gosselin,H-C,Actif,Aucun visuel affich√©,,12-07-2025 01:34 PM,12-07-2025 01:34 PM,3587,Simon BÈgin <67952005.bxtw>,Simon BÈgin <67952005.bxtw>
72521,Sainte-Ang√©lique / du Grand-Pr√©,H-C,Actif,Aucun visuel affich√©,,12-07-2025 01:34 PM,12-07-2025 01:34 PM,3588,Simon BÈgin <67952005.bxtw>,Simon BÈgin <67952005.bxtw>
72522,Sainte-Ang√©lique / Aberdeen,H-C,Actif,Aucun visuel affich√©,,12-07-2025 01:34 PM,12-07-2025 01:34 PM,3589,Simon BÈgin <67952005.bxtw>,Simon BÈgin <67952005.bxtw>
72523,Frontenac / Sainte-Ang√©lique,H-C,Actif,Aucun visuel affich√©,,12-07-2025 01:34 PM,12-07-2025 01:34 PM,3590,Simon BÈgin <67952005.bxtw>,Simon BÈgin <67952005.bxtw>
72524,Sainte-Ang√©lique / des Libellules,H-C,Actif,Aucun visuel affich√©,,12-07-2025 01:34 PM,12-07-2025 01:34 PM,3591,Simon BÈgin <67952005.bxtw>,Simon BÈgin <67952005.bxtw>
72525,Montcalm / Frontenac,H-C,Actif,Aucun visuel affich√©,,12-07-2025 01:34 PM,12-07-2025 01:34 PM,3592,Simon BÈgin <67952005.bxtw>,Simon BÈgin <67952005.bxtw>
72526,Frontenac / Montcalm,H-C,Actif,Aucun visuel affich√©,,12-07-2025 01:34 PM,12-07-2025 01:34 PM,3593,Simon BÈgin <67952005.bxtw>,Simon BÈgin <67952005.bxtw>
72527,Radisson / Montcalm,H-C,Actif,Aucun visuel affich√©,,12-07-2025 01:34 PM,12-07-2025 01:34 PM,3594,Simon BÈgin <67952005.bxtw>,Simon BÈgin <67952005.bxtw>
72528,Montcalm / Radisson,H-C,Actif,Aucun visuel affich√©,,12-07-2025 01:34 PM,12-07-2025 01:34 PM,3595,Simon BÈgin <67952005.bxtw>,Simon BÈgin <67952005.bxtw>
72529,√âric / Radisson,H-C,Actif,Aucun visuel affich√©,,12-07-2025 01:34 PM,12-07-2025 01:34 PM,3596,Simon BÈgin <67952005.bxtw>,Simon BÈgin <67952005.bxtw>
72530,Radisson / √âric,H-C,Actif,Aucun visuel affich√©,,12-07-2025 01:34 PM,12-07-2025 01:34 PM,3597,Simon BÈgin <67952005.bxtw>,Simon BÈgin <67952005.bxtw>
72531,Dutchy / Croissant  Amy,H-C,Actif,Aucun visuel affich√©,,12-07-2025 01:34 PM,12-07-2025 01:34 PM,3598,Simon BÈgin <67952005.bxtw>,Simon BÈgin <67952005.bxtw>
72532,Dutchy / Croissant  Amy,H-C,Actif,Aucun visuel affich√©,,12-07-2025 01:34 PM,12-07-2025 01:34 PM,3599,Simon BÈgin <67952005.bxtw>,Simon BÈgin <67952005.bxtw>
72533,Dutchy / Saint-Louis,H-C,Actif,Aucun visuel affich√©,,12-07-2025 01:34 PM,12-07-2025 01:34 PM,3600,Simon BÈgin <67952005.bxtw>,Simon BÈgin <67952005.bxtw>
72534,Dutchy / Saint-Louis,H-C,Actif,Aucun visuel affich√©,,12-07-2025 01:34 PM,12-07-2025 01:34 PM,3601,Simon BÈgin <67952005.bxtw>,Simon BÈgin <67952005.bxtw>
72535,Saint-Louis / Duhamel,H-C,Actif,Aucun visuel affich√©,,12-07-2025 01:34 PM,12-07-2025 01:34 PM,3602,Simon BÈgin <67952005.bxtw>,Simon BÈgin <67952005.bxtw>
72536,Saint-Louis / Duhamel,H-C,Actif,Aucun visuel affich√©,,12-07-2025 01:34 PM,12-07-2025 01:34 PM,3603,Simon BÈgin <67952005.bxtw>,Simon BÈgin <67952005.bxtw>
72537,Saint-Louis / de la Cit√©-des-Jeunes,H-C,Actif,Aucun visuel affich√©,,12-07-2025 01:34 PM,12-07-2025 01:34 PM,3604,Simon BÈgin <67952005.bxtw>,Simon BÈgin <67952005.bxtw>
72538,Saint-Louis / de la Cit√©-des-Jeunes,H-C,Actif,Aucun visuel affich√©,,12-07-2025 01:34 PM,12-07-2025 01:34 PM,3605,Simon BÈgin <67952005.bxtw>,Simon BÈgin <67952005.bxtw>
72539,Master / du Polo Drive,H-C,Actif,Aucun visuel affich√©,,12-07-2025 01:34 PM,12-07-2025 01:34 PM,3606,Simon BÈgin <67952005.bxtw>,Simon BÈgin <67952005.bxtw>
72540,c√¥te St-Charles / devant le civique 2662 (Ultramar),H-C,Actif,Aucun visuel affich√©,,12-07-2025 01:34 PM,12-07-2025 01:34 PM,3607,Simon BÈgin <67952005.bxtw>,Simon BÈgin <67952005.bxtw>
72541,c√¥te St-Charles / devant le civique 2681 (Tim Horton's),H-C,Actif,Aucun visuel affich√©,,12-07-2025 01:34 PM,12-07-2025 01:34 PM,3608,Simon BÈgin <67952005.bxtw>,Simon BÈgin <67952005.bxtw>
72542,des Sables / Yearling,H-C,Actif,Aucun visuel affich√©,,12-07-2025 01:34 PM,12-07-2025 01:34 PM,3609,Simon BÈgin <67952005.bxtw>,Simon BÈgin <67952005.bxtw>
72543,Yearling / des Sables,H-C,Actif,Aucun visuel affich√©,,12-07-2025 01:34 PM,12-07-2025 01:34 PM,3610,Simon BÈgin <67952005.bxtw>,Simon BÈgin <67952005.bxtw>
72544,du Bordelais / Sandmere,H-C,Actif,Aucun visuel affich√©,,12-07-2025 01:34 PM,12-07-2025 01:34 PM,3611,Simon BÈgin <67952005.bxtw>,Simon BÈgin <67952005.bxtw>
72545,du Bordelais / Sandmere,H-C,Actif,Aucun visuel affich√©,,12-07-2025 01:34 PM,12-07-2025 01:34 PM,3612,Simon BÈgin <67952005.bxtw>,Simon BÈgin <67952005.bxtw>
72546,Master / Huntsmen,H-C,Actif,Aucun visuel affich√©,,12-07-2025 01:34 PM,12-07-2025 01:34 PM,3613,Simon BÈgin <67952005.bxtw>,Simon BÈgin <67952005.bxtw>
72547,des Sables / Croissant  du Sablier,H-C,Actif,Aucun visuel affich√©,,12-07-2025 01:34 PM,12-07-2025 01:34 PM,3614,Simon BÈgin <67952005.bxtw>,Simon BÈgin <67952005.bxtw>
72548,Master / du Kentucky,H-C,Actif,Aucun visuel affich√©,,12-07-2025 01:34 PM,12-07-2025 01:34 PM,3615,Simon BÈgin <67952005.bxtw>,Simon BÈgin <67952005.bxtw>
72549,Master / du Kentucky,H-C,Actif,Aucun visuel affich√©,,12-07-2025 01:34 PM,12-07-2025 01:34 PM,3616,Simon BÈgin <67952005.bxtw>,Simon BÈgin <67952005.bxtw>
72550,Pie-XII / Trudeau,H-C,Actif,Aucun visuel affich√©,,12-07-2025 01:34 PM,12-07-2025 01:34 PM,3617,Simon BÈgin <67952005.bxtw>,Simon BÈgin <67952005.bxtw>
72551,Pie-XII / Trudeau,H-C,Actif,Aucun visuel affich√©,,12-07-2025 01:34 PM,12-07-2025 01:34 PM,3618,Simon BÈgin <67952005.bxtw>,Simon BÈgin <67952005.bxtw>
72552,Valois / 1re Avenue,H-C,Actif,Aucun visuel affich√©,,12-07-2025 01:34 PM,12-07-2025 01:34 PM,3619,Simon BÈgin <67952005.bxtw>,Simon BÈgin <67952005.bxtw>
72553,Valois / 1re Avenue,H-C,Actif,Aucun visuel affich√©,,12-07-2025 01:34 PM,12-07-2025 01:34 PM,3620,Simon BÈgin <67952005.bxtw>,Simon BÈgin <67952005.bxtw>
72554,Paul-G√©rin-Lajoie / face au Parc du Bicentenaire,H-C,Actif,Aucun visuel affich√©,,12-07-2025 01:34 PM,12-07-2025 01:34 PM,3621,Simon BÈgin <67952005.bxtw>,Simon BÈgin <67952005.bxtw>
72555,Paul-G√©rin-Lajoie / du Bicentenaire,H-C,Actif,Aucun visuel affich√©,,12-07-2025 01:34 PM,12-07-2025 01:34 PM,3622,Simon BÈgin <67952005.bxtw>,Simon BÈgin <67952005.bxtw>
72556,Lefebvre / B√©ique,H-C,Actif,Aucun visuel affich√©,,12-07-2025 01:34 PM,12-07-2025 01:34 PM,3623,Simon BÈgin <67952005.bxtw>,Simon BÈgin <67952005.bxtw>
72557,B√©ique / Lefebvre,H-C,Actif,Aucun visuel affich√©,,12-07-2025 01:34 PM,12-07-2025 01:34 PM,3624,Simon BÈgin <67952005.bxtw>,Simon BÈgin <67952005.bxtw>
72558,B√©ique / Querbes,H-C,Actif,Aucun visuel affich√©,,12-07-2025 01:34 PM,12-07-2025 01:34 PM,3625,Simon BÈgin <67952005.bxtw>,Simon BÈgin <67952005.bxtw>
72559,B√©ique / Querbes,H-C,Actif,Aucun visuel affich√©,,12-07-2025 01:34 PM,12-07-2025 01:34 PM,3626,Simon BÈgin <67952005.bxtw>,Simon BÈgin <67952005.bxtw>
72560,des Loisirs / B√©ique,H-C,Actif,Aucun visuel affich√©,,12-07-2025 01:34 PM,12-07-2025 01:34 PM,3627,Simon BÈgin <67952005.bxtw>,Simon BÈgin <67952005.bxtw>
72561,B√©ique / des Loisirs,H-C,Actif,Aucun visuel affich√©,,12-07-2025 01:34 PM,12-07-2025 01:34 PM,3628,Simon BÈgin <67952005.bxtw>,Simon BÈgin <67952005.bxtw>
72562,des Loisirs / devant le parc Ste-Trinit√©,H-C,Actif,Aucun visuel affich√©,,12-07-2025 01:34 PM,12-07-2025 01:34 PM,3629,Simon BÈgin <67952005.bxtw>,Simon BÈgin <67952005.bxtw>
72563,des Loisirs / face au parc Sainte-Trinit√©,H-C,Actif,Aucun visuel affich√©,,12-07-2025 01:34 PM,12-07-2025 01:34 PM,3630,Simon BÈgin <67952005.bxtw>,Simon BÈgin <67952005.bxtw>
72564,des Loisirs / Saint-Charles,H-C,Actif,Aucun visuel affich√©,,12-07-2025 01:34 PM,12-07-2025 01:34 PM,3631,Simon BÈgin <67952005.bxtw>,Simon BÈgin <67952005.bxtw>
72565,Saint-Charles / des Loisirs,H-C,Actif,Aucun visuel affich√©,,12-07-2025 01:34 PM,12-07-2025 01:34 PM,3632,Simon BÈgin <67952005.bxtw>,Simon BÈgin <67952005.bxtw>
72566,Jean-Jacques-Bertrand / Jean-Lesage (1),H-C,Actif,Aucun visuel affich√©,,12-07-2025 01:34 PM,12-07-2025 01:34 PM,3633,Simon BÈgin <67952005.bxtw>,Simon BÈgin <67952005.bxtw>
72567,Jean-Jacques-Bertrand / Jean-Lesage,H-C,Actif,Aucun visuel affich√©,,12-07-2025 01:34 PM,12-07-2025 01:34 PM,3634,Simon BÈgin <67952005.bxtw>,Simon BÈgin <67952005.bxtw>
72568,Jean-Jacques-Bertrand / Alexandre-Taschereau,H-C,Actif,Aucun visuel affich√©,,12-07-2025 01:34 PM,12-07-2025 01:34 PM,3635,Simon BÈgin <67952005.bxtw>,Simon BÈgin <67952005.bxtw>
72569,Ren√©-L√©vesque / Jean-Jacques-Bertrand,H-C,Actif,Aucun visuel affich√©,,12-07-2025 01:34 PM,12-07-2025 01:34 PM,3636,Simon BÈgin <67952005.bxtw>,Simon BÈgin <67952005.bxtw>
72570,Jean-Jacques-Bertrand / Ren√©-L√©vesque,H-C,Actif,Aucun visuel affich√©,,12-07-2025 01:34 PM,12-07-2025 01:34 PM,3637,Simon BÈgin <67952005.bxtw>,Simon BÈgin <67952005.bxtw>
72571,Napol√©on-Parent / Lariv√©e,H-C,Actif,Aucun visuel affich√©,,12-07-2025 01:34 PM,12-07-2025 01:34 PM,3638,Simon BÈgin <67952005.bxtw>,Simon BÈgin <67952005.bxtw>
72572,Lariv√©e / Napol√©on-Parent,H-C,Actif,Aucun visuel affich√©,,12-07-2025 01:34 PM,12-07-2025 01:34 PM,3639,Simon BÈgin <67952005.bxtw>,Simon BÈgin <67952005.bxtw>
72573,Dutrisac / de la Cit√©-des-Jeunes,H-C,Actif,Aucun visuel affich√©,,12-07-2025 01:34 PM,12-07-2025 01:34 PM,3640,Simon BÈgin <67952005.bxtw>,Simon BÈgin <67952005.bxtw>
72574,Boileau / de la Cit√©-des-Jeunes,H-C,Actif,Aucun visuel affich√©,,12-07-2025 01:34 PM,12-07-2025 01:34 PM,3641,Simon BÈgin <67952005.bxtw>,Simon BÈgin <67952005.bxtw>
72575,Boileau / de la Cit√©-des-Jeunes,H-C,Actif,Aucun visuel affich√©,,12-07-2025 01:34 PM,12-07-2025 01:34 PM,3642,Simon BÈgin <67952005.bxtw>,Simon BÈgin <67952005.bxtw>
72576,Boileau / Lartigue,H-C,Actif,Aucun visuel affich√©,,12-07-2025 01:34 PM,12-07-2025 01:34 PM,3643,Simon BÈgin <67952005.bxtw>,Simon BÈgin <67952005.bxtw>
72577,Jean-Lesage / Daniel-Johnson,H-C,Actif,Aucun visuel affich√©,,12-07-2025 01:34 PM,12-07-2025 01:34 PM,3644,Simon BÈgin <67952005.bxtw>,Simon BÈgin <67952005.bxtw>
72578,Jean-Lesage / Daniel-Johnson,H-C,Actif,Aucun visuel affich√©,,12-07-2025 01:34 PM,12-07-2025 01:34 PM,3645,Simon BÈgin <67952005.bxtw>,Simon BÈgin <67952005.bxtw>
72579,Jean-Lesage / Alexandre-Taschereau,H-C,Actif,Aucun visuel affich√©,,12-07-2025 01:34 PM,12-07-2025 01:34 PM,3646,Simon BÈgin <67952005.bxtw>,Simon BÈgin <67952005.bxtw>
72580,Jean-Lesage / Alexandre-Taschereau,H-C,Actif,Aucun visuel affich√©,,12-07-2025 01:34 PM,12-07-2025 01:34 PM,3647,Simon BÈgin <67952005.bxtw>,Simon BÈgin <67952005.bxtw>
72581,Jean-Lesage / Jean-Jacques-Bertrand,H-C,Actif,Aucun visuel affich√©,,12-07-2025 01:34 PM,12-07-2025 01:34 PM,3648,Simon BÈgin <67952005.bxtw>,Simon BÈgin <67952005.bxtw>
72582,Jean-Jacques-Bertrand / Jean-Lesage (2),H-C,Actif,Aucun visuel affich√©,,12-07-2025 01:34 PM,12-07-2025 01:34 PM,3649,Simon BÈgin <67952005.bxtw>,Simon BÈgin <67952005.bxtw>
72583,Boileau / Lartigue,H-C,Actif,Aucun visuel affich√©,,12-07-2025 01:34 PM,12-07-2025 01:34 PM,3650,Simon BÈgin <67952005.bxtw>,Simon BÈgin <67952005.bxtw>
72584,Mont√©e Cadieux / Boily,H-C,Actif,Aucun visuel affich√©,,12-07-2025 01:34 PM,12-07-2025 01:34 PM,3651,Simon BÈgin <67952005.bxtw>,Simon BÈgin <67952005.bxtw>
72585,Boily / Mont√©e Cadieux,H-C,Actif,Aucun visuel affich√©,,12-07-2025 01:34 PM,12-07-2025 01:34 PM,3652,Simon BÈgin <67952005.bxtw>,Simon BÈgin <67952005.bxtw>
72586,Saint-Charles / devant le tunnel vers Valois,H-C,Actif,Aucun visuel affich√©,,12-07-2025 01:34 PM,12-07-2025 01:34 PM,3653,Simon BÈgin <67952005.bxtw>,Simon BÈgin <67952005.bxtw>
72587,Ad√®le / Saint-Charles,H-C,Actif,Aucun visuel affich√©,,12-07-2025 01:34 PM,12-07-2025 01:34 PM,3654,Simon BÈgin <67952005.bxtw>,Simon BÈgin <67952005.bxtw>
72588,Harwood / Acres,H-C,Actif,Aucun visuel affich√©,,12-07-2025 01:34 PM,12-07-2025 01:34 PM,3655,Simon BÈgin <67952005.bxtw>,Simon BÈgin <67952005.bxtw>
72589,Harwood / de Normandie,H-C,Actif,Aucun visuel affich√©,,12-07-2025 01:34 PM,12-07-2025 01:34 PM,3656,Simon BÈgin <67952005.bxtw>,Simon BÈgin <67952005.bxtw>
72590,Harwood / de Normandie,H-C,Actif,Aucun visuel affich√©,,12-07-2025 01:34 PM,12-07-2025 01:34 PM,3657,Simon BÈgin <67952005.bxtw>,Simon BÈgin <67952005.bxtw>
72591,Harwood / des √ârables,H-C,Actif,Aucun visuel affich√©,,12-07-2025 01:34 PM,12-07-2025 01:34 PM,3658,Simon BÈgin <67952005.bxtw>,Simon BÈgin <67952005.bxtw>
72592,Harwood / des √ârables,H-C,Actif,Aucun visuel affich√©,,12-07-2025 01:34 PM,12-07-2025 01:34 PM,3659,Simon BÈgin <67952005.bxtw>,Simon BÈgin <67952005.bxtw>
72593,Harwood / de la Seigneurie,H-C,Actif,Aucun visuel affich√©,,12-07-2025 01:34 PM,12-07-2025 01:34 PM,3660,Simon BÈgin <67952005.bxtw>,Simon BÈgin <67952005.bxtw>
72594,Harwood / Bois√©,H-C,Actif,Aucun visuel affich√©,,12-07-2025 01:34 PM,12-07-2025 01:34 PM,3661,Simon BÈgin <67952005.bxtw>,Simon BÈgin <67952005.bxtw>
72595,Harwood / Dooley,H-C,Actif,Aucun visuel affich√©,,12-07-2025 01:34 PM,12-07-2025 01:34 PM,3662,Simon BÈgin <67952005.bxtw>,Simon BÈgin <67952005.bxtw>
72596,Jean-Jacques-Bertrand / Alexandre-Taschereau,H-C,Actif,Aucun visuel affich√©,,12-07-2025 01:34 PM,12-07-2025 01:34 PM,3663,Simon BÈgin <67952005.bxtw>,Simon BÈgin <67952005.bxtw>
72597,Bourget / du Gouverneur,H-C,Actif,Aucun visuel affich√©,,12-07-2025 01:34 PM,12-07-2025 01:34 PM,3664,Simon BÈgin <67952005.bxtw>,Simon BÈgin <67952005.bxtw>
72598,Bourget / du Gouverneur,H-C,Actif,Aucun visuel affich√©,,12-07-2025 01:34 PM,12-07-2025 01:34 PM,3665,Simon BÈgin <67952005.bxtw>,Simon BÈgin <67952005.bxtw>
72599,du Gouverneur / Bourget,H-C,Actif,Aucun visuel affich√©,,12-07-2025 01:34 PM,12-07-2025 01:34 PM,3666,Simon BÈgin <67952005.bxtw>,Simon BÈgin <67952005.bxtw>
72600,Harwood /de la fabrique,H-C,Actif,Aucun visuel affich√©,,12-07-2025 01:34 PM,12-07-2025 01:34 PM,3667,Simon BÈgin <67952005.bxtw>,Simon BÈgin <67952005.bxtw>
72601,Chicoine / Saint-Jean-Baptiste,H-C,Actif,Aucun visuel affich√©,,12-07-2025 01:34 PM,12-07-2025 01:34 PM,3668,Simon BÈgin <67952005.bxtw>,Simon BÈgin <67952005.bxtw>
72602,Saint-Jean-Baptiste / Chicoine,H-C,Actif,Aucun visuel affich√©,,12-07-2025 01:34 PM,12-07-2025 01:34 PM,3669,Simon BÈgin <67952005.bxtw>,Simon BÈgin <67952005.bxtw>
72603,des Narcisses / des Pivoines,H-C,Actif,Aucun visuel affich√©,,12-07-2025 01:34 PM,12-07-2025 01:34 PM,3670,Simon BÈgin <67952005.bxtw>,Simon BÈgin <67952005.bxtw>
72604,des Floralies / des Pivoines,H-C,Actif,Aucun visuel affich√©,,12-07-2025 01:34 PM,12-07-2025 01:34 PM,3671,Simon BÈgin <67952005.bxtw>,Simon BÈgin <67952005.bxtw>
72605,des Perce-Neige / des Floralies,H-C,Actif,Aucun visuel affich√©,,12-07-2025 01:34 PM,12-07-2025 01:34 PM,3672,Simon BÈgin <67952005.bxtw>,Simon BÈgin <67952005.bxtw>
72606,des Floralies / des Perce-Neige (1),H-C,Actif,Aucun visuel affich√©,,12-07-2025 01:34 PM,12-07-2025 01:34 PM,3673,Simon BÈgin <67952005.bxtw>,Simon BÈgin <67952005.bxtw>
72607,Chicoine / De Lotbini√®re,H-C,Actif,Aucun visuel affich√©,,12-07-2025 01:34 PM,12-07-2025 01:34 PM,3674,Simon BÈgin <67952005.bxtw>,Simon BÈgin <67952005.bxtw>
72608,Chicoine / De Lotbini√®re,H-C,Actif,Aucun visuel affich√©,,12-07-2025 01:34 PM,12-07-2025 01:34 PM,3675,Simon BÈgin <67952005.bxtw>,Simon BÈgin <67952005.bxtw>
72609,Chicoine / Bellemare,H-C,Actif,Aucun visuel affich√©,,12-07-2025 01:34 PM,12-07-2025 01:34 PM,3676,Simon BÈgin <67952005.bxtw>,Simon BÈgin <67952005.bxtw>
72610,Chicoine / Bellemare,H-C,Actif,Aucun visuel affich√©,,12-07-2025 01:34 PM,12-07-2025 01:34 PM,3677,Simon BÈgin <67952005.bxtw>,Simon BÈgin <67952005.bxtw>
72611,Chicoine / Ranger,H-C,Actif,Aucun visuel affich√©,,12-07-2025 01:34 PM,12-07-2025 01:34 PM,3678,Simon BÈgin <67952005.bxtw>,Simon BÈgin <67952005.bxtw>
72612,Chicoine / Ranger,H-C,Actif,Aucun visuel affich√©,,12-07-2025 01:34 PM,12-07-2025 01:34 PM,3679,Simon BÈgin <67952005.bxtw>,Simon BÈgin <67952005.bxtw>
72613,Ranger / Chicoine,H-C,Actif,Aucun visuel affich√©,,12-07-2025 01:34 PM,12-07-2025 01:34 PM,3680,Simon BÈgin <67952005.bxtw>,Simon BÈgin <67952005.bxtw>
72614,Valois / 8e Avenue,H-C,Actif,Aucun visuel affich√©,,12-07-2025 01:34 PM,12-07-2025 01:34 PM,3681,Simon BÈgin <67952005.bxtw>,Simon BÈgin <67952005.bxtw>
72615,Valois / 8e Avenue,H-C,Actif,Aucun visuel affich√©,,12-07-2025 01:34 PM,12-07-2025 01:34 PM,3682,Simon BÈgin <67952005.bxtw>,Simon BÈgin <67952005.bxtw>
72616,8e Avenue / Valois,H-C,Actif,Aucun visuel affich√©,,12-07-2025 01:34 PM,12-07-2025 01:34 PM,3683,Simon BÈgin <67952005.bxtw>,Simon BÈgin <67952005.bxtw>
72617,de la Gare / du Manoir,H-C,Actif,Aucun visuel affich√©,,12-07-2025 01:34 PM,12-07-2025 01:34 PM,3684,Simon BÈgin <67952005.bxtw>,Simon BÈgin <67952005.bxtw>
72618,de la Gare / du Manoir,H-C,Actif,Aucun visuel affich√©,,12-07-2025 01:34 PM,12-07-2025 01:34 PM,3685,Simon BÈgin <67952005.bxtw>,Simon BÈgin <67952005.bxtw>
72619,Chicoine / devant le passage pi√©tonnier,H-C,Actif,Aucun visuel affich√©,,12-07-2025 01:34 PM,12-07-2025 01:34 PM,3686,Simon BÈgin <67952005.bxtw>,Simon BÈgin <67952005.bxtw>
72620,Chicoine / face au passage pi√©tonnier,H-C,Actif,Aucun visuel affich√©,,12-07-2025 01:34 PM,12-07-2025 01:34 PM,3687,Simon BÈgin <67952005.bxtw>,Simon BÈgin <67952005.bxtw>
72621,de la Gare / √âdouard-Lalonde (CLSC),H-C,Actif,Aucun visuel affich√©,,12-07-2025 01:34 PM,12-07-2025 01:34 PM,3688,Simon BÈgin <67952005.bxtw>,Simon BÈgin <67952005.bxtw>
72622,√âdouard-Lalonde / de la Gare,H-C,Actif,Aucun visuel affich√©,,12-07-2025 01:34 PM,12-07-2025 01:34 PM,3689,Simon BÈgin <67952005.bxtw>,Simon BÈgin <67952005.bxtw>
72623,de la Gare / √âdouard-Lalonde,H-C,Actif,Aucun visuel affich√©,,12-07-2025 01:34 PM,12-07-2025 01:34 PM,3690,Simon BÈgin <67952005.bxtw>,Simon BÈgin <67952005.bxtw>
72624,√âdouard-Lalonde / de la Gare,H-C,Actif,Aucun visuel affich√©,,12-07-2025 01:34 PM,12-07-2025 01:34 PM,3691,Simon BÈgin <67952005.bxtw>,Simon BÈgin <67952005.bxtw>
72625,Ad√©lard-Godbout / Lomer-Gouin,H-C,Actif,Aucun visuel affich√©,,12-07-2025 01:34 PM,12-07-2025 01:34 PM,3692,Simon BÈgin <67952005.bxtw>,Simon BÈgin <67952005.bxtw>
72626,Ad√©lard-Godbout / Paul-Sauv√©,H-C,Actif,Aucun visuel affich√©,,12-07-2025 01:34 PM,12-07-2025 01:34 PM,3693,Simon BÈgin <67952005.bxtw>,Simon BÈgin <67952005.bxtw>
72627,Lafleur / des Patriotes,H-C,Actif,Aucun visuel affich√©,,12-07-2025 01:34 PM,12-07-2025 01:34 PM,3694,Simon BÈgin <67952005.bxtw>,Simon BÈgin <67952005.bxtw>
72628,Lafleur / des Patriotes,H-C,Actif,Aucun visuel affich√©,,12-07-2025 01:34 PM,12-07-2025 01:34 PM,3695,Simon BÈgin <67952005.bxtw>,Simon BÈgin <67952005.bxtw>
72629,Bourget / de la Canardi√®re,H-C,Actif,Aucun visuel affich√©,,12-07-2025 01:34 PM,12-07-2025 01:34 PM,3696,Simon BÈgin <67952005.bxtw>,Simon BÈgin <67952005.bxtw>
72630,de la Canardi√®re / des Siffleurs,H-C,Actif,Aucun visuel affich√©,,12-07-2025 01:34 PM,12-07-2025 01:34 PM,3697,Simon BÈgin <67952005.bxtw>,Simon BÈgin <67952005.bxtw>
72631,de la Canardi√®re / des Siffleurs,H-C,Actif,Aucun visuel affich√©,,12-07-2025 01:34 PM,12-07-2025 01:34 PM,3698,Simon BÈgin <67952005.bxtw>,Simon BÈgin <67952005.bxtw>
72632,de la Canardi√®re / des Morillons,H-C,Actif,Aucun visuel affich√©,,12-07-2025 01:34 PM,12-07-2025 01:34 PM,3699,Simon BÈgin <67952005.bxtw>,Simon BÈgin <67952005.bxtw>
72633,de la Canardi√®re / des Morillons,H-C,Actif,Aucun visuel affich√©,,12-07-2025 01:34 PM,12-07-2025 01:34 PM,3700,Simon BÈgin <67952005.bxtw>,Simon BÈgin <67952005.bxtw>
72634,de la Canardi√®re / des Siffleurs,H-C,Actif,Aucun visuel affich√©,,12-07-2025 01:34 PM,12-07-2025 01:34 PM,3701,Simon BÈgin <67952005.bxtw>,Simon BÈgin <67952005.bxtw>
72635,de la Canardi√®re / des Siffleurs,H-C,Actif,Aucun visuel affich√©,,12-07-2025 01:34 PM,12-07-2025 01:34 PM,3702,Simon BÈgin <67952005.bxtw>,Simon BÈgin <67952005.bxtw>
72636,Lavoie / Dutrisac,H-C,Actif,Aucun visuel affich√©,,12-07-2025 01:34 PM,12-07-2025 01:34 PM,3703,Simon BÈgin <67952005.bxtw>,Simon BÈgin <67952005.bxtw>
72637,Lavoie / Dutrisac,H-C,Actif,Aucun visuel affich√©,,12-07-2025 01:34 PM,12-07-2025 01:34 PM,3704,Simon BÈgin <67952005.bxtw>,Simon BÈgin <67952005.bxtw>
72638,Pie-XII / Brown,H-C,Actif,Aucun visuel affich√©,,12-07-2025 01:34 PM,12-07-2025 01:34 PM,3705,Simon BÈgin <67952005.bxtw>,Simon BÈgin <67952005.bxtw>
72639,Brown / Pie-XII,H-C,Actif,Aucun visuel affich√©,,12-07-2025 01:34 PM,12-07-2025 01:34 PM,3706,Simon BÈgin <67952005.bxtw>,Simon BÈgin <67952005.bxtw>
72640,Pie-XII / Dicaire,H-C,Actif,Aucun visuel affich√©,,12-07-2025 01:34 PM,12-07-2025 01:34 PM,3707,Simon BÈgin <67952005.bxtw>,Simon BÈgin <67952005.bxtw>
72641,Pie-XII / Dicaire,H-C,Actif,Aucun visuel affich√©,,12-07-2025 01:34 PM,12-07-2025 01:34 PM,3708,Simon BÈgin <67952005.bxtw>,Simon BÈgin <67952005.bxtw>
72642,Pie-XII / Robert-Goyer,H-C,Actif,Aucun visuel affich√©,,12-07-2025 01:34 PM,12-07-2025 01:34 PM,3709,Simon BÈgin <67952005.bxtw>,Simon BÈgin <67952005.bxtw>
72643,Pie-XII / Robert-Goyer,H-C,Actif,Aucun visuel affich√©,,12-07-2025 01:34 PM,12-07-2025 01:34 PM,3710,Simon BÈgin <67952005.bxtw>,Simon BÈgin <67952005.bxtw>
72644,des Tuileries / des Abbesses,H-C,Actif,Aucun visuel affich√©,,12-07-2025 01:34 PM,12-07-2025 01:34 PM,3711,Simon BÈgin <67952005.bxtw>,Simon BÈgin <67952005.bxtw>
72645,des Abbesses / des Tuileries,H-C,Actif,Aucun visuel affich√©,,12-07-2025 01:34 PM,12-07-2025 01:34 PM,3712,Simon BÈgin <67952005.bxtw>,Simon BÈgin <67952005.bxtw>
72646,des Tuileries / face au civique 859,H-C,Actif,Aucun visuel affich√©,,12-07-2025 01:34 PM,12-07-2025 01:34 PM,3713,Simon BÈgin <67952005.bxtw>,Simon BÈgin <67952005.bxtw>
72647,des Tuileries / de Villandry,H-C,Actif,Aucun visuel affich√©,,12-07-2025 01:34 PM,12-07-2025 01:34 PM,3714,Simon BÈgin <67952005.bxtw>,Simon BÈgin <67952005.bxtw>
72648,de Chenonceau / de Clichy,H-C,Actif,Aucun visuel affich√©,,12-07-2025 01:34 PM,12-07-2025 01:34 PM,3715,Simon BÈgin <67952005.bxtw>,Simon BÈgin <67952005.bxtw>
72649,des Tuileries / de Chenonceau,H-C,Actif,Aucun visuel affich√©,,12-07-2025 01:34 PM,12-07-2025 01:34 PM,3716,Simon BÈgin <67952005.bxtw>,Simon BÈgin <67952005.bxtw>
72650,Valois / Monette,H-C,Actif,Aucun visuel affich√©,,12-07-2025 01:34 PM,12-07-2025 01:34 PM,3717,Simon BÈgin <67952005.bxtw>,Simon BÈgin <67952005.bxtw>
72651,Valois / Monette,H-C,Actif,Aucun visuel affich√©,,12-07-2025 01:34 PM,12-07-2025 01:34 PM,3718,Simon BÈgin <67952005.bxtw>,Simon BÈgin <67952005.bxtw>
72652,Archambault / devant le civique 580,H-C,Actif,Aucun visuel affich√©,,12-07-2025 01:34 PM,12-07-2025 01:34 PM,3719,Simon BÈgin <67952005.bxtw>,Simon BÈgin <67952005.bxtw>
72653,Archambault / face au civique 580,H-C,Actif,Aucun visuel affich√©,,12-07-2025 01:34 PM,12-07-2025 01:34 PM,3720,Simon BÈgin <67952005.bxtw>,Simon BÈgin <67952005.bxtw>
72654,√âmile-Bouchard / Aur√®le-Joliat,H-C,Actif,Aucun visuel affich√©,,12-07-2025 01:34 PM,12-07-2025 01:34 PM,3721,Simon BÈgin <67952005.bxtw>,Simon BÈgin <67952005.bxtw>
72655,Aur√®le-Joliat / √âmile-Bouchard,H-C,Actif,Aucun visuel affich√©,,12-07-2025 01:34 PM,12-07-2025 01:34 PM,3722,Simon BÈgin <67952005.bxtw>,Simon BÈgin <67952005.bxtw>
72656,√âmile-Bouchard / Howie-Morenz,H-C,Actif,Aucun visuel affich√©,,12-07-2025 01:34 PM,12-07-2025 01:34 PM,3723,Simon BÈgin <67952005.bxtw>,Simon BÈgin <67952005.bxtw>
72657,√âmile-Bouchard / Howie-Morenz,H-C,Actif,Aucun visuel affich√©,,12-07-2025 01:34 PM,12-07-2025 01:34 PM,3724,Simon BÈgin <67952005.bxtw>,Simon BÈgin <67952005.bxtw>
72658,√âmile-Bouchard / Toe-Blake,H-C,Actif,Aucun visuel affich√©,,12-07-2025 01:34 PM,12-07-2025 01:34 PM,3725,Simon BÈgin <67952005.bxtw>,Simon BÈgin <67952005.bxtw>
72659,√âmile-Bouchard / Toe-Blake,H-C,Actif,Aucun visuel affich√©,,12-07-2025 01:34 PM,12-07-2025 01:34 PM,3726,Simon BÈgin <67952005.bxtw>,Simon BÈgin <67952005.bxtw>
72660,Jacques-Plante / √âmile-Bouchard,H-C,Actif,Aucun visuel affich√©,,12-07-2025 01:34 PM,12-07-2025 01:34 PM,3727,Simon BÈgin <67952005.bxtw>,Simon BÈgin <67952005.bxtw>
72661,√âmile-Bouchard / Jacques-Plante,H-C,Actif,Aucun visuel affich√©,,12-07-2025 01:34 PM,12-07-2025 01:34 PM,3728,Simon BÈgin <67952005.bxtw>,Simon BÈgin <67952005.bxtw>
72662,Pilon / Lafleur,H-C,Actif,Aucun visuel affich√©,,12-07-2025 01:34 PM,12-07-2025 01:34 PM,3729,Simon BÈgin <67952005.bxtw>,Simon BÈgin <67952005.bxtw>
72663,Lafleur / Pilon,H-C,Actif,Aucun visuel affich√©,,12-07-2025 01:34 PM,12-07-2025 01:34 PM,3730,Simon BÈgin <67952005.bxtw>,Simon BÈgin <67952005.bxtw>
72664,des Dahlias / des Crocus,H-C,Actif,Aucun visuel affich√©,,12-07-2025 01:34 PM,12-07-2025 01:34 PM,3731,Simon BÈgin <67952005.bxtw>,Simon BÈgin <67952005.bxtw>
72665,des Dahlias / des Oeillets,H-C,Actif,Aucun visuel affich√©,,12-07-2025 01:34 PM,12-07-2025 01:34 PM,3732,Simon BÈgin <67952005.bxtw>,Simon BÈgin <67952005.bxtw>
72666,des Oeillets / des Dahlias,H-C,Actif,Aucun visuel affich√©,,12-07-2025 01:34 PM,12-07-2025 01:34 PM,3733,Simon BÈgin <67952005.bxtw>,Simon BÈgin <67952005.bxtw>
72667,des Oeillets / des Lupins,H-C,Actif,Aucun visuel affich√©,,12-07-2025 01:34 PM,12-07-2025 01:34 PM,3734,Simon BÈgin <67952005.bxtw>,Simon BÈgin <67952005.bxtw>
72668,des Lupins / des Oeillets,H-C,Actif,Aucun visuel affich√©,,12-07-2025 01:34 PM,12-07-2025 01:34 PM,3735,Simon BÈgin <67952005.bxtw>,Simon BÈgin <67952005.bxtw>
72669,des Lupins / des Perce-Neige,H-C,Actif,Aucun visuel affich√©,,12-07-2025 01:34 PM,12-07-2025 01:34 PM,3736,Simon BÈgin <67952005.bxtw>,Simon BÈgin <67952005.bxtw>
72670,des Perce-Neige / des Lupins,H-C,Actif,Aucun visuel affich√©,,12-07-2025 01:34 PM,12-07-2025 01:34 PM,3737,Simon BÈgin <67952005.bxtw>,Simon BÈgin <67952005.bxtw>
72671,des Roseraies / des Perce-Neige,H-C,Actif,Aucun visuel affich√©,,12-07-2025 01:34 PM,12-07-2025 01:34 PM,3738,Simon BÈgin <67952005.bxtw>,Simon BÈgin <67952005.bxtw>
72672,des Perce-Neige / des Roseraies,H-C,Actif,Aucun visuel affich√©,,12-07-2025 01:34 PM,12-07-2025 01:34 PM,3739,Simon BÈgin <67952005.bxtw>,Simon BÈgin <67952005.bxtw>
72673,des Perce-Neige / des Roseraies,H-C,Actif,Aucun visuel affich√©,,12-07-2025 01:34 PM,12-07-2025 01:34 PM,3740,Simon BÈgin <67952005.bxtw>,Simon BÈgin <67952005.bxtw>
72674,Ouimet / Karine,H-C,Actif,Aucun visuel affich√©,,12-07-2025 01:34 PM,12-07-2025 01:34 PM,3741,Simon BÈgin <67952005.bxtw>,Simon BÈgin <67952005.bxtw>
72675,Ouimet / Karine,H-C,Actif,Aucun visuel affich√©,,12-07-2025 01:34 PM,12-07-2025 01:34 PM,3742,Simon BÈgin <67952005.bxtw>,Simon BÈgin <67952005.bxtw>
72676,1er Boulevard / 3e Avenue,H-C,Actif,Aucun visuel affich√©,,12-07-2025 01:34 PM,12-07-2025 01:34 PM,3743,Simon BÈgin <67952005.bxtw>,Simon BÈgin <67952005.bxtw>
72677,3e Avenue / 1er Boulevard,H-C,Actif,Aucun visuel affich√©,,12-07-2025 01:34 PM,12-07-2025 01:34 PM,3744,Simon BÈgin <67952005.bxtw>,Simon BÈgin <67952005.bxtw>
72678,1er Boulevard / 7e Avenue,H-C,Actif,Aucun visuel affich√©,,12-07-2025 01:34 PM,12-07-2025 01:34 PM,3745,Simon BÈgin <67952005.bxtw>,Simon BÈgin <67952005.bxtw>
72679,Ouimet / Florence,H-C,Actif,Aucun visuel affich√©,,12-07-2025 01:34 PM,12-07-2025 01:34 PM,3746,Simon BÈgin <67952005.bxtw>,Simon BÈgin <67952005.bxtw>
72680,Ouimet / Florence,H-C,Actif,Aucun visuel affich√©,,12-07-2025 01:34 PM,12-07-2025 01:34 PM,3747,Simon BÈgin <67952005.bxtw>,Simon BÈgin <67952005.bxtw>
72681,√âmile-Bouchard / Maurice-Richard,H-C,Actif,Aucun visuel affich√©,,12-07-2025 01:34 PM,12-07-2025 01:34 PM,3748,Simon BÈgin <67952005.bxtw>,Simon BÈgin <67952005.bxtw>
72682,√âmile-Bouchard / Maurice-Richard,H-C,Actif,Aucun visuel affich√©,,12-07-2025 01:34 PM,12-07-2025 01:34 PM,3749,Simon BÈgin <67952005.bxtw>,Simon BÈgin <67952005.bxtw>
72683,du Bicentenaire / Lefebvre,H-C,Actif,Aucun visuel affich√©,,12-07-2025 01:34 PM,12-07-2025 01:34 PM,3750,Simon BÈgin <67952005.bxtw>,Simon BÈgin <67952005.bxtw>
72684,du Bicentenaire / Lefebvre,H-C,Actif,Aucun visuel affich√©,,12-07-2025 01:34 PM,12-07-2025 01:34 PM,3751,Simon BÈgin <67952005.bxtw>,Simon BÈgin <67952005.bxtw>
72685,Paul-G√©rin-Lajoie / des Muguets,H-C,Actif,Aucun visuel affich√©,,12-07-2025 01:34 PM,12-07-2025 01:34 PM,3752,Simon BÈgin <67952005.bxtw>,Simon BÈgin <67952005.bxtw>
72686,Paul-G√©rin-Lajoie / des Muguets,H-C,Actif,Aucun visuel affich√©,,12-07-2025 01:34 PM,12-07-2025 01:34 PM,3753,Simon BÈgin <67952005.bxtw>,Simon BÈgin <67952005.bxtw>
72687,Paul-G√©rin-Lajoie / Justine-Poirier,H-C,Actif,Aucun visuel affich√©,,12-07-2025 01:34 PM,12-07-2025 01:34 PM,3754,Simon BÈgin <67952005.bxtw>,Simon BÈgin <67952005.bxtw>
72688,Paul-G√©rin-Lajoie / Justine-Poirier,H-C,Actif,Aucun visuel affich√©,,12-07-2025 01:34 PM,12-07-2025 01:34 PM,3755,Simon BÈgin <67952005.bxtw>,Simon BÈgin <67952005.bxtw>
72689,Sainte-Madeleine / Esther-Blondin,H-C,Actif,Aucun visuel affich√©,,12-07-2025 01:34 PM,12-07-2025 01:34 PM,3756,Simon BÈgin <67952005.bxtw>,Simon BÈgin <67952005.bxtw>
72690,Esther-Blondin / Sainte-Madeleine,H-C,Actif,Aucun visuel affich√©,,12-07-2025 01:34 PM,12-07-2025 01:34 PM,3757,Simon BÈgin <67952005.bxtw>,Simon BÈgin <67952005.bxtw>
72691,Esther-Blondin / Bourget,H-C,Actif,Aucun visuel affich√©,,12-07-2025 01:34 PM,12-07-2025 01:34 PM,3758,Simon BÈgin <67952005.bxtw>,Simon BÈgin <67952005.bxtw>
72692,Esther-Blondin / Bourget,H-C,Actif,Aucun visuel affich√©,,12-07-2025 01:34 PM,12-07-2025 01:34 PM,3759,Simon BÈgin <67952005.bxtw>,Simon BÈgin <67952005.bxtw>
72693,Bourget / Esther-Blondin,H-C,Actif,Aucun visuel affich√©,,12-07-2025 01:34 PM,12-07-2025 01:34 PM,3760,Simon BÈgin <67952005.bxtw>,Simon BÈgin <67952005.bxtw>
72694,Bourget / Esther-Blondin,H-C,Actif,Aucun visuel affich√©,,12-07-2025 01:34 PM,12-07-2025 01:34 PM,3761,Simon BÈgin <67952005.bxtw>,Simon BÈgin <67952005.bxtw>
72695,Joseph-Carrier / Adrien-Patenaude,H-C,Actif,Aucun visuel affich√©,,12-07-2025 01:34 PM,12-07-2025 01:34 PM,3762,Simon BÈgin <67952005.bxtw>,Simon BÈgin <67952005.bxtw>
72696,Joseph-Carrier / Adrien-Patenaude,H-C,Actif,Aucun visuel affich√©,,12-07-2025 01:34 PM,12-07-2025 01:34 PM,3763,Simon BÈgin <67952005.bxtw>,Simon BÈgin <67952005.bxtw>
72697,Joseph-Carrier / Aim√©-Vincent,H-C,Actif,Aucun visuel affich√©,,12-07-2025 01:34 PM,12-07-2025 01:34 PM,3764,Simon BÈgin <67952005.bxtw>,Simon BÈgin <67952005.bxtw>
72698,Joseph-Carrier / Aim√©-Vincent,H-C,Actif,Aucun visuel affich√©,,12-07-2025 01:34 PM,12-07-2025 01:34 PM,3765,Simon BÈgin <67952005.bxtw>,Simon BÈgin <67952005.bxtw>
72699,Bourget / Pilon,H-C,Actif,Aucun visuel affich√©,,12-07-2025 01:34 PM,12-07-2025 01:34 PM,3766,Simon BÈgin <67952005.bxtw>,Simon BÈgin <67952005.bxtw>
72700,Pilon / Bourget,H-C,Actif,Aucun visuel affich√©,,12-07-2025 01:34 PM,12-07-2025 01:34 PM,3767,Simon BÈgin <67952005.bxtw>,Simon BÈgin <67952005.bxtw>
72701,Joseph-Carrier / John-Desjardins,H-C,Actif,Aucun visuel affich√©,,12-07-2025 01:34 PM,12-07-2025 01:34 PM,3768,Simon BÈgin <67952005.bxtw>,Simon BÈgin <67952005.bxtw>
72702,Joseph-Carrier / John-Desjardins,H-C,Actif,Aucun visuel affich√©,,12-07-2025 01:34 PM,12-07-2025 01:34 PM,3769,Simon BÈgin <67952005.bxtw>,Simon BÈgin <67952005.bxtw>
72703,Joseph-Carrier / F.-X.-Tessier,H-C,Actif,Aucun visuel affich√©,,12-07-2025 01:34 PM,12-07-2025 01:34 PM,3770,Simon BÈgin <67952005.bxtw>,Simon BÈgin <67952005.bxtw>
72704,Joseph-Carrier / F.-X.-Tessier,H-C,Actif,Aucun visuel affich√©,,12-07-2025 01:34 PM,12-07-2025 01:34 PM,3771,Simon BÈgin <67952005.bxtw>,Simon BÈgin <67952005.bxtw>
72705,Joseph-Carrier / Marie-Curie,H-C,Actif,Aucun visuel affich√©,,12-07-2025 01:34 PM,12-07-2025 01:34 PM,3772,Simon BÈgin <67952005.bxtw>,Simon BÈgin <67952005.bxtw>
72706,Marie-Curie / Joseph-Carrier,H-C,Actif,Aucun visuel affich√©,,12-07-2025 01:34 PM,12-07-2025 01:34 PM,3773,Simon BÈgin <67952005.bxtw>,Simon BÈgin <67952005.bxtw>
72707,Marie-Curie / devant le civique 340,H-C,Actif,Aucun visuel affich√©,,12-07-2025 01:34 PM,12-07-2025 01:34 PM,3774,Simon BÈgin <67952005.bxtw>,Simon BÈgin <67952005.bxtw>
72708,Marie-Curie / devant le civique 341,H-C,Actif,Aucun visuel affich√©,,12-07-2025 01:34 PM,12-07-2025 01:34 PM,3775,Simon BÈgin <67952005.bxtw>,Simon BÈgin <67952005.bxtw>
72709,F.-X.-Tessier / Marie-Curie,H-C,Actif,Aucun visuel affich√©,,12-07-2025 01:34 PM,12-07-2025 01:34 PM,3776,Simon BÈgin <67952005.bxtw>,Simon BÈgin <67952005.bxtw>
72710,Marie-Curie / F.-X.-Tessier,H-C,Actif,Aucun visuel affich√©,,12-07-2025 01:34 PM,12-07-2025 01:34 PM,3777,Simon BÈgin <67952005.bxtw>,Simon BÈgin <67952005.bxtw>
72711,de la Gare / face au civique 3200 (√âdifice Harden),H-C,Actif,Aucun visuel affich√©,,12-07-2025 01:34 PM,12-07-2025 01:34 PM,3778,Simon BÈgin <67952005.bxtw>,Simon BÈgin <67952005.bxtw>
72712,de la Gare / devant Les Avenues Vaudreuil (Zibo),H-C,Actif,Aucun visuel affich√©,,12-07-2025 01:34 PM,12-07-2025 01:34 PM,3779,Simon BÈgin <67952005.bxtw>,Simon BÈgin <67952005.bxtw>
72713,Bourget / Lafleur,H-C,Actif,Aucun visuel affich√©,,12-07-2025 01:34 PM,12-07-2025 01:34 PM,3780,Simon BÈgin <67952005.bxtw>,Simon BÈgin <67952005.bxtw>
72714,Lafleur / Bourget,H-C,Actif,Aucun visuel affich√©,,12-07-2025 01:34 PM,12-07-2025 01:34 PM,3781,Simon BÈgin <67952005.bxtw>,Simon BÈgin <67952005.bxtw>
72715,Archambault / devant le civique 496,H-C,Actif,Aucun visuel affich√©,,12-07-2025 01:34 PM,12-07-2025 01:34 PM,3782,Simon BÈgin <67952005.bxtw>,Simon BÈgin <67952005.bxtw>
72716,Archambault / devant le civique 489,H-C,Actif,Aucun visuel affich√©,,12-07-2025 01:34 PM,12-07-2025 01:34 PM,3783,Simon BÈgin <67952005.bxtw>,Simon BÈgin <67952005.bxtw>
72717,Bourget / Qu√©villon,H-C,Actif,Aucun visuel affich√©,,12-07-2025 01:34 PM,12-07-2025 01:34 PM,3784,Simon BÈgin <67952005.bxtw>,Simon BÈgin <67952005.bxtw>
72718,Bourget / Qu√©villon,H-C,Actif,Aucun visuel affich√©,,12-07-2025 01:34 PM,12-07-2025 01:34 PM,3785,Simon BÈgin <67952005.bxtw>,Simon BÈgin <67952005.bxtw>
72719,Lariv√©e / Ad√©lard-Godbout,H-C,Actif,Aucun visuel affich√©,,12-07-2025 01:34 PM,12-07-2025 01:34 PM,3786,Simon BÈgin <67952005.bxtw>,Simon BÈgin <67952005.bxtw>
72720,Ad√©lard-Godbout / Lariv√©e,H-C,Actif,Aucun visuel affich√©,,12-07-2025 01:34 PM,12-07-2025 01:34 PM,3787,Simon BÈgin <67952005.bxtw>,Simon BÈgin <67952005.bxtw>
72721,Ad√©lard-Godbout / devant le civique 2784,H-C,Actif,Aucun visuel affich√©,,12-07-2025 01:34 PM,12-07-2025 01:34 PM,3788,Simon BÈgin <67952005.bxtw>,Simon BÈgin <67952005.bxtw>
72722,Ad√©lard-Godbout / devant le civique 2783,H-C,Actif,Aucun visuel affich√©,,12-07-2025 01:34 PM,12-07-2025 01:34 PM,3789,Simon BÈgin <67952005.bxtw>,Simon BÈgin <67952005.bxtw>
72723,Bourget / Saint-Charles,H-C,Actif,Aucun visuel affich√©,,12-07-2025 01:34 PM,12-07-2025 01:34 PM,3790,Simon BÈgin <67952005.bxtw>,Simon BÈgin <67952005.bxtw>
72724,Saint-Charles / Bourget,H-C,Actif,Aucun visuel affich√©,,12-07-2025 01:34 PM,12-07-2025 01:34 PM,3791,Simon BÈgin <67952005.bxtw>,Simon BÈgin <67952005.bxtw>
72725,Bourget / Saint-Charles,H-C,Actif,Aucun visuel affich√©,,12-07-2025 01:34 PM,12-07-2025 01:34 PM,3792,Simon BÈgin <67952005.bxtw>,Simon BÈgin <67952005.bxtw>
72726,Saint-Charles / Bourget,H-C,Actif,Aucun visuel affich√©,,12-07-2025 01:34 PM,12-07-2025 01:34 PM,3793,Simon BÈgin <67952005.bxtw>,Simon BÈgin <67952005.bxtw>
72727,Saint-Charles / face au civique 1000 (Complexe Future),H-C,Actif,Aucun visuel affich√©,,12-07-2025 01:34 PM,12-07-2025 01:34 PM,3794,Simon BÈgin <67952005.bxtw>,Simon BÈgin <67952005.bxtw>
72728,Saint-Charles / devant le civique 1000 (Complexe Future),H-C,Actif,Aucun visuel affich√©,,12-07-2025 01:34 PM,12-07-2025 01:34 PM,3795,Simon BÈgin <67952005.bxtw>,Simon BÈgin <67952005.bxtw>
72729,de Tonnancour / Guillemette,H-C,Actif,Aucun visuel affich√©,,12-07-2025 01:34 PM,12-07-2025 01:34 PM,3796,Simon BÈgin <67952005.bxtw>,Simon BÈgin <67952005.bxtw>
72730,Guillemette / Chaput,H-C,Actif,Aucun visuel affich√©,,12-07-2025 01:34 PM,12-07-2025 01:34 PM,3797,Simon BÈgin <67952005.bxtw>,Simon BÈgin <67952005.bxtw>
72731,Guillemette / Lachapelle,H-C,Actif,Aucun visuel affich√©,,12-07-2025 01:34 PM,12-07-2025 01:34 PM,3798,Simon BÈgin <67952005.bxtw>,Simon BÈgin <67952005.bxtw>
72735,2e Avenue / du Cur√©-David,H-C,Actif,Aucun visuel affich√©,,12-07-2025 01:34 PM,12-07-2025 01:34 PM,3799,Simon BÈgin <67952005.bxtw>,Simon BÈgin <67952005.bxtw>
72736,2e Avenue / du Cur√©-David,H-C,Actif,Aucun visuel affich√©,,12-07-2025 01:34 PM,12-07-2025 01:34 PM,3800,Simon BÈgin <67952005.bxtw>,Simon BÈgin <67952005.bxtw>
72737,Harwood / De Lotbini√®re,H-C,Actif,Aucun visuel affich√©,,12-07-2025 01:34 PM,12-07-2025 01:34 PM,3801,Simon BÈgin <67952005.bxtw>,Simon BÈgin <67952005.bxtw>
72738,Harwood / De Lotbini√®re,H-C,Actif,Aucun visuel affich√©,,12-07-2025 01:34 PM,12-07-2025 01:34 PM,3802,Simon BÈgin <67952005.bxtw>,Simon BÈgin <67952005.bxtw>
72739,de la Cit√©-des-Jeunes / devant la Plaza Vaudreuil,H-C,Actif,Aucun visuel affich√©,,12-07-2025 01:34 PM,12-07-2025 01:34 PM,3803,Simon BÈgin <67952005.bxtw>,Simon BÈgin <67952005.bxtw>
72740,Saint-Charles / Brodeur,H-C,Actif,Aucun visuel affich√©,,12-07-2025 01:34 PM,12-07-2025 01:34 PM,3804,Simon BÈgin <67952005.bxtw>,Simon BÈgin <67952005.bxtw>
72741,Brodeur / Saint-Charles,H-C,Actif,Aucun visuel affich√©,,12-07-2025 01:34 PM,12-07-2025 01:34 PM,3805,Simon BÈgin <67952005.bxtw>,Simon BÈgin <67952005.bxtw>
72742,Saint-Charles / Brodeur,H-C,Actif,Aucun visuel affich√©,,12-07-2025 01:34 PM,12-07-2025 01:34 PM,3806,Simon BÈgin <67952005.bxtw>,Simon BÈgin <67952005.bxtw>
72744,Valois / Andr√©-Chartrand,H-C,Actif,Aucun visuel affich√©,,12-07-2025 01:34 PM,12-07-2025 01:34 PM,3807,Simon BÈgin <67952005.bxtw>,Simon BÈgin <67952005.bxtw>
72745,Valois / Andr√©-Chartrand,H-C,Actif,Aucun visuel affich√©,,12-07-2025 01:34 PM,12-07-2025 01:34 PM,3808,Simon BÈgin <67952005.bxtw>,Simon BÈgin <67952005.bxtw>
72746,Andr√©-Chartrand / Valois,H-C,Actif,Aucun visuel affich√©,,12-07-2025 01:34 PM,12-07-2025 01:34 PM,3809,Simon BÈgin <67952005.bxtw>,Simon BÈgin <67952005.bxtw>
72748,de la Gare / Forbes,H-C,Actif,Aucun visuel affich√©,,12-07-2025 01:34 PM,12-07-2025 01:34 PM,3810,Simon BÈgin <67952005.bxtw>,Simon BÈgin <67952005.bxtw>
72749,Forbes / de la Gare,H-C,Actif,Aucun visuel affich√©,,12-07-2025 01:34 PM,12-07-2025 01:34 PM,3811,Simon BÈgin <67952005.bxtw>,Simon BÈgin <67952005.bxtw>
72750,de la Gare / Forbes,H-C,Actif,Aucun visuel affich√©,,12-07-2025 01:34 PM,12-07-2025 01:34 PM,3812,Simon BÈgin <67952005.bxtw>,Simon BÈgin <67952005.bxtw>
72751,Sainte-Madeleine / Saint-Charles,H-C,Actif,Aucun visuel affich√©,,12-07-2025 01:34 PM,12-07-2025 01:34 PM,3813,Simon BÈgin <67952005.bxtw>,Simon BÈgin <67952005.bxtw>
72752,Saint-Charles / Sainte-Madeleine,H-C,Actif,Aucun visuel affich√©,,12-07-2025 01:34 PM,12-07-2025 01:34 PM,3814,Simon BÈgin <67952005.bxtw>,Simon BÈgin <67952005.bxtw>
72753,Saint-Charles / Sainte-Madeleine,H-C,Actif,Aucun visuel affich√©,,12-07-2025 01:34 PM,12-07-2025 01:34 PM,3815,Simon BÈgin <67952005.bxtw>,Simon BÈgin <67952005.bxtw>
72754,des Crocus / devant le civique 148,H-C,Actif,Aucun visuel affich√©,,12-07-2025 01:34 PM,12-07-2025 01:34 PM,3816,Simon BÈgin <67952005.bxtw>,Simon BÈgin <67952005.bxtw>
72755,des Crocus / des Roseraies,H-C,Actif,Aucun visuel affich√©,,12-07-2025 01:34 PM,12-07-2025 01:34 PM,3817,Simon BÈgin <67952005.bxtw>,Simon BÈgin <67952005.bxtw>
72756,Toe-Blake / √âmile-Bouchard,H-C,Actif,Aucun visuel affich√©,,12-07-2025 01:34 PM,12-07-2025 01:34 PM,3818,Simon BÈgin <67952005.bxtw>,Simon BÈgin <67952005.bxtw>
72757,√âmile-Bouchard / Toe-Blake,H-C,Actif,Aucun visuel affich√©,,12-07-2025 01:34 PM,12-07-2025 01:34 PM,3819,Simon BÈgin <67952005.bxtw>,Simon BÈgin <67952005.bxtw>
72758,Henry-Ford / des M√©andres,H-C,Actif,Aucun visuel affich√©,,12-07-2025 01:34 PM,12-07-2025 01:34 PM,3820,Simon BÈgin <67952005.bxtw>,Simon BÈgin <67952005.bxtw>
72759,Henry-Ford / des M√©andres,H-C,Actif,Aucun visuel affich√©,,12-07-2025 01:34 PM,12-07-2025 01:34 PM,3821,Simon BÈgin <67952005.bxtw>,Simon BÈgin <67952005.bxtw>
72760,des M√©andres / du Ruisselet,H-C,Actif,Aucun visuel affich√©,,12-07-2025 01:34 PM,12-07-2025 01:34 PM,3822,Simon BÈgin <67952005.bxtw>,Simon BÈgin <67952005.bxtw>
72761,des M√©andres / du Ruisselet,H-C,Actif,Aucun visuel affich√©,,12-07-2025 01:34 PM,12-07-2025 01:34 PM,3823,Simon BÈgin <67952005.bxtw>,Simon BÈgin <67952005.bxtw>
72762,des M√©andres / du Torrent,H-C,Actif,Aucun visuel affich√©,,12-07-2025 01:34 PM,12-07-2025 01:34 PM,3824,Simon BÈgin <67952005.bxtw>,Simon BÈgin <67952005.bxtw>
72763,des M√©andres / du Torrent,H-C,Actif,Aucun visuel affich√©,,12-07-2025 01:34 PM,12-07-2025 01:34 PM,3825,Simon BÈgin <67952005.bxtw>,Simon BÈgin <67952005.bxtw>
72764,des M√©andres / devant le passage pi√©tonnier,H-C,Actif,Aucun visuel affich√©,,12-07-2025 01:34 PM,12-07-2025 01:34 PM,3826,Simon BÈgin <67952005.bxtw>,Simon BÈgin <67952005.bxtw>
72765,des M√©andres / face au passage pi√©tonnier,H-C,Actif,Aucun visuel affich√©,,12-07-2025 01:34 PM,12-07-2025 01:34 PM,3827,Simon BÈgin <67952005.bxtw>,Simon BÈgin <67952005.bxtw>
72766,du Ruisselet / des M√©andres,H-C,Actif,Aucun visuel affich√©,,12-07-2025 01:34 PM,12-07-2025 01:34 PM,3828,Simon BÈgin <67952005.bxtw>,Simon BÈgin <67952005.bxtw>
72767,des M√©andres / du Ruisselet,H-C,Actif,Aucun visuel affich√©,,12-07-2025 01:34 PM,12-07-2025 01:34 PM,3829,Simon BÈgin <67952005.bxtw>,Simon BÈgin <67952005.bxtw>
72768,du Ruisselet / des Rapides,H-C,Actif,Aucun visuel affich√©,,12-07-2025 01:34 PM,12-07-2025 01:34 PM,3830,Simon BÈgin <67952005.bxtw>,Simon BÈgin <67952005.bxtw>
72769,du Ruisselet / des Rapides,H-C,Actif,Aucun visuel affich√©,,12-07-2025 01:34 PM,12-07-2025 01:34 PM,3831,Simon BÈgin <67952005.bxtw>,Simon BÈgin <67952005.bxtw>
72770,du Ruisselet / des Dahlias,H-C,Actif,Aucun visuel affich√©,,12-07-2025 01:34 PM,12-07-2025 01:34 PM,3832,Simon BÈgin <67952005.bxtw>,Simon BÈgin <67952005.bxtw>
72771,des Dahlias / du Ruisselet,H-C,Actif,Aucun visuel affich√©,,12-07-2025 01:34 PM,12-07-2025 01:34 PM,3833,Simon BÈgin <67952005.bxtw>,Simon BÈgin <67952005.bxtw>
72772,des Amarantes / des G√©raniums,H-C,Actif,Aucun visuel affich√©,,12-07-2025 01:34 PM,12-07-2025 01:34 PM,3834,Simon BÈgin <67952005.bxtw>,Simon BÈgin <67952005.bxtw>
72773,des Amarantes / des G√©raniums,H-C,Actif,Aucun visuel affich√©,,12-07-2025 01:34 PM,12-07-2025 01:34 PM,3835,Simon BÈgin <67952005.bxtw>,Simon BÈgin <67952005.bxtw>
72774,des Cl√©matites / des Amarantes,H-C,Actif,Aucun visuel affich√©,,12-07-2025 01:34 PM,12-07-2025 01:34 PM,3836,Simon BÈgin <67952005.bxtw>,Simon BÈgin <67952005.bxtw>
72775,des Amarantes / des Cl√©matites,H-C,Actif,Aucun visuel affich√©,,12-07-2025 01:34 PM,12-07-2025 01:34 PM,3837,Simon BÈgin <67952005.bxtw>,Simon BÈgin <67952005.bxtw>
72776,des Cl√©matites / des G√©raniums,H-C,Actif,Aucun visuel affich√©,,12-07-2025 01:34 PM,12-07-2025 01:34 PM,3838,Simon BÈgin <67952005.bxtw>,Simon BÈgin <67952005.bxtw>
72777,des Cl√©matites / des G√©raniums,H-C,Actif,Aucun visuel affich√©,,12-07-2025 01:34 PM,12-07-2025 01:34 PM,3839,Simon BÈgin <67952005.bxtw>,Simon BÈgin <67952005.bxtw>
72778,Bill-Durnan / Jean-Claude-Tremblay,H-C,Actif,Aucun visuel affich√©,,12-07-2025 01:34 PM,12-07-2025 01:34 PM,3840,Simon BÈgin <67952005.bxtw>,Simon BÈgin <67952005.bxtw>
72779,Jean-Claude-Tremblay / Bill-Durnan,H-C,Actif,Aucun visuel affich√©,,12-07-2025 01:34 PM,12-07-2025 01:34 PM,3841,Simon BÈgin <67952005.bxtw>,Simon BÈgin <67952005.bxtw>
72780,Lorne-Worsley / Jean-Claude-Tremblay,H-C,Actif,Aucun visuel affich√©,,12-07-2025 01:34 PM,12-07-2025 01:34 PM,3842,Simon BÈgin <67952005.bxtw>,Simon BÈgin <67952005.bxtw>
72781,Jean-Claude-Tremblay / Lorne-Worsley,H-C,Actif,Aucun visuel affich√©,,12-07-2025 01:34 PM,12-07-2025 01:34 PM,3843,Simon BÈgin <67952005.bxtw>,Simon BÈgin <67952005.bxtw>
72782,Lorne-Worsley / Jean-Claude-Tremblay,H-C,Actif,Aucun visuel affich√©,,12-07-2025 01:34 PM,12-07-2025 01:34 PM,3844,Simon BÈgin <67952005.bxtw>,Simon BÈgin <67952005.bxtw>
72783,Lorne-Worsley / Jean-Claude-Tremblay,H-C,Actif,Aucun visuel affich√©,,12-07-2025 01:34 PM,12-07-2025 01:34 PM,3845,Simon BÈgin <67952005.bxtw>,Simon BÈgin <67952005.bxtw>
72784,Aur√®le-Joliat / Lorne-Worsley,H-C,Actif,Aucun visuel affich√©,,12-07-2025 01:34 PM,12-07-2025 01:34 PM,3846,Simon BÈgin <67952005.bxtw>,Simon BÈgin <67952005.bxtw>
72785,Lorne-Worsley / Aur√®le-Joliat,H-C,Actif,Aucun visuel affich√©,,12-07-2025 01:34 PM,12-07-2025 01:34 PM,3847,Simon BÈgin <67952005.bxtw>,Simon BÈgin <67952005.bxtw>
72786,Aur√®le-Joliat / Maurice-Richard,H-C,Actif,Aucun visuel affich√©,,12-07-2025 01:34 PM,12-07-2025 01:34 PM,3848,Simon BÈgin <67952005.bxtw>,Simon BÈgin <67952005.bxtw>
72787,Aur√®le-Joliat / Maurice-Richard,H-C,Actif,Aucun visuel affich√©,,12-07-2025 01:34 PM,12-07-2025 01:34 PM,3849,Simon BÈgin <67952005.bxtw>,Simon BÈgin <67952005.bxtw>
72788,Napol√©on-Parent / Lariv√©e,H-C,Actif,Aucun visuel affich√©,,12-07-2025 01:34 PM,12-07-2025 01:34 PM,3850,Simon BÈgin <67952005.bxtw>,Simon BÈgin <67952005.bxtw>
72789,Lariv√©e / Napol√©on-Parent,H-C,Actif,Aucun visuel affich√©,,12-07-2025 01:34 PM,12-07-2025 01:34 PM,3851,Simon BÈgin <67952005.bxtw>,Simon BÈgin <67952005.bxtw>
72790,Aur√®le-Joliat / Toe-Blake,H-C,Actif,Aucun visuel affich√©,,12-07-2025 01:34 PM,12-07-2025 01:34 PM,3852,Simon BÈgin <67952005.bxtw>,Simon BÈgin <67952005.bxtw>
72791,Aur√®le-Joliat / Toe-Blake,H-C,Actif,Aucun visuel affich√©,,12-07-2025 01:34 PM,12-07-2025 01:34 PM,3853,Simon BÈgin <67952005.bxtw>,Simon BÈgin <67952005.bxtw>
72792,Lorne-Worsley / devant le civique 242,H-C,Actif,Aucun visuel affich√©,,12-07-2025 01:34 PM,12-07-2025 01:34 PM,3854,Simon BÈgin <67952005.bxtw>,Simon BÈgin <67952005.bxtw>
72793,Lorne-Worsley / devant le civique 245,H-C,Actif,Aucun visuel affich√©,,12-07-2025 01:34 PM,12-07-2025 01:34 PM,3855,Simon BÈgin <67952005.bxtw>,Simon BÈgin <67952005.bxtw>
72794,des Floralies / des Jonquilles,H-C,Actif,Aucun visuel affich√©,,12-07-2025 01:34 PM,12-07-2025 01:34 PM,3856,Simon BÈgin <67952005.bxtw>,Simon BÈgin <67952005.bxtw>
72795,Dumberry / des Berges,H-C,Actif,Aucun visuel affich√©,,12-07-2025 01:34 PM,12-07-2025 01:34 PM,3857,Simon BÈgin <67952005.bxtw>,Simon BÈgin <67952005.bxtw>
72796,Dumberry / des Berges,H-C,Actif,Aucun visuel affich√©,,12-07-2025 01:34 PM,12-07-2025 01:34 PM,3858,Simon BÈgin <67952005.bxtw>,Simon BÈgin <67952005.bxtw>
72797,Dumberry / du Beaujolais,H-C,Actif,Aucun visuel affich√©,,12-07-2025 01:34 PM,12-07-2025 01:34 PM,3859,Simon BÈgin <67952005.bxtw>,Simon BÈgin <67952005.bxtw>
72798,Dumberry / du Beaujolais,H-C,Actif,Aucun visuel affich√©,,12-07-2025 01:34 PM,12-07-2025 01:34 PM,3860,Simon BÈgin <67952005.bxtw>,Simon BÈgin <67952005.bxtw>
72799,Dumberry / des Chenaux,H-C,Actif,Aucun visuel affich√©,,12-07-2025 01:34 PM,12-07-2025 01:34 PM,3861,Simon BÈgin <67952005.bxtw>,Simon BÈgin <67952005.bxtw>
72800,Boily / Lariv√©e,H-C,Actif,Aucun visuel affich√©,,12-07-2025 01:34 PM,12-07-2025 01:34 PM,3862,Simon BÈgin <67952005.bxtw>,Simon BÈgin <67952005.bxtw>
72801,Lariv√©e / Boily,H-C,Actif,Aucun visuel affich√©,,12-07-2025 01:34 PM,12-07-2025 01:34 PM,3863,Simon BÈgin <67952005.bxtw>,Simon BÈgin <67952005.bxtw>
72802,Autoroute 40-O sortie 36 / Dumberry,H-C,Actif,Aucun visuel affich√©,,12-07-2025 01:34 PM,12-07-2025 01:34 PM,3864,Simon BÈgin <67952005.bxtw>,Simon BÈgin <67952005.bxtw>
72803,Dumberry / face au civique 21919,H-C,Actif,Aucun visuel affich√©,,12-07-2025 01:34 PM,12-07-2025 01:34 PM,3865,Simon BÈgin <67952005.bxtw>,Simon BÈgin <67952005.bxtw>
72804,Dumberry / devant le civique 21919,H-C,Actif,Aucun visuel affich√©,,12-07-2025 01:34 PM,12-07-2025 01:34 PM,3866,Simon BÈgin <67952005.bxtw>,Simon BÈgin <67952005.bxtw>
72805,de la Cit√©-des-Jeunes / acc√®s Autoroute 40-E,H-C,Actif,Aucun visuel affich√©,,12-07-2025 01:34 PM,12-07-2025 01:34 PM,3867,Simon BÈgin <67952005.bxtw>,Simon BÈgin <67952005.bxtw>
72806,Harwood / des Sources,H-C,Actif,Aucun visuel affich√©,,12-07-2025 01:34 PM,12-07-2025 01:34 PM,3868,Simon BÈgin <67952005.bxtw>,Simon BÈgin <67952005.bxtw>
72807,Harwood / des Sources,H-C,Actif,Aucun visuel affich√©,,12-07-2025 01:34 PM,12-07-2025 01:34 PM,3869,Simon BÈgin <67952005.bxtw>,Simon BÈgin <67952005.bxtw>
72808,Harwood / S√©guin,H-C,Actif,Aucun visuel affich√©,,12-07-2025 01:34 PM,12-07-2025 01:34 PM,3870,Simon BÈgin <67952005.bxtw>,Simon BÈgin <67952005.bxtw>
72809,Harwood / Mont√©e d'Alstonvale,H-C,Actif,Aucun visuel affich√©,,12-07-2025 01:34 PM,12-07-2025 01:34 PM,3871,Simon BÈgin <67952005.bxtw>,Simon BÈgin <67952005.bxtw>
72810,Harwood / Mont√©e d'Alstonvale,H-C,Actif,Aucun visuel affich√©,,12-07-2025 01:34 PM,12-07-2025 01:34 PM,3872,Simon BÈgin <67952005.bxtw>,Simon BÈgin <67952005.bxtw>
72811,Harwood / Bernard,H-C,Actif,Aucun visuel affich√©,,12-07-2025 01:34 PM,12-07-2025 01:34 PM,3873,Simon BÈgin <67952005.bxtw>,Simon BÈgin <67952005.bxtw>
72812,Harwood / Major,H-C,Actif,Aucun visuel affich√©,,12-07-2025 01:34 PM,12-07-2025 01:34 PM,3874,Simon BÈgin <67952005.bxtw>,Simon BÈgin <67952005.bxtw>
72813,Harwood / de Val-des-Pins,H-C,Actif,Aucun visuel affich√©,,12-07-2025 01:34 PM,12-07-2025 01:34 PM,3875,Simon BÈgin <67952005.bxtw>,Simon BÈgin <67952005.bxtw>
72814,Harwood / Cambridge,H-C,Actif,Aucun visuel affich√©,,12-07-2025 01:34 PM,12-07-2025 01:34 PM,3876,Simon BÈgin <67952005.bxtw>,Simon BÈgin <67952005.bxtw>
72815,Harwood / des Dunes,H-C,Actif,Aucun visuel affich√©,,12-07-2025 01:34 PM,12-07-2025 01:34 PM,3877,Simon BÈgin <67952005.bxtw>,Simon BÈgin <67952005.bxtw>
72816,Harwood / devant le P√©tro-Canada,H-C,Actif,Aucun visuel affich√©,,12-07-2025 01:34 PM,12-07-2025 01:34 PM,3878,Simon BÈgin <67952005.bxtw>,Simon BÈgin <67952005.bxtw>
72817,Harwood / devant le Centre d'achats Hudson,H-C,Actif,Aucun visuel affich√©,,12-07-2025 01:34 PM,12-07-2025 01:34 PM,3879,Simon BÈgin <67952005.bxtw>,Simon BÈgin <67952005.bxtw>
72818,Saint-Charles / Adam,H-C,Actif,Aucun visuel affich√©,,12-07-2025 01:34 PM,12-07-2025 01:34 PM,3880,Simon BÈgin <67952005.bxtw>,Simon BÈgin <67952005.bxtw>
72819,Saint-Charles / Adam,H-C,Actif,Aucun visuel affich√©,,12-07-2025 01:34 PM,12-07-2025 01:34 PM,3881,Simon BÈgin <67952005.bxtw>,Simon BÈgin <67952005.bxtw>
72820,Dutrisac / au passage pi√©tonnier,H-C,Actif,Aucun visuel affich√©,,12-07-2025 01:34 PM,12-07-2025 01:34 PM,3882,Simon BÈgin <67952005.bxtw>,Simon BÈgin <67952005.bxtw>
72821,Dutrisac / au passage pi√©tonnier,H-C,Actif,Aucun visuel affich√©,,12-07-2025 01:34 PM,12-07-2025 01:34 PM,3883,Simon BÈgin <67952005.bxtw>,Simon BÈgin <67952005.bxtw>
72822,Valois / De Tonnancour,H-C,Actif,Aucun visuel affich√©,,12-07-2025 01:34 PM,12-07-2025 01:34 PM,3884,Simon BÈgin <67952005.bxtw>,Simon BÈgin <67952005.bxtw>
72823,Valois / de Tonnancour,H-C,Actif,Aucun visuel affich√©,,12-07-2025 01:34 PM,12-07-2025 01:34 PM,3885,Simon BÈgin <67952005.bxtw>,Simon BÈgin <67952005.bxtw>
72824,Saint-Charles / Dumberry,H-C,Actif,Aucun visuel affich√©,,12-07-2025 01:34 PM,12-07-2025 01:34 PM,3886,Simon BÈgin <67952005.bxtw>,Simon BÈgin <67952005.bxtw>
72825,Saint-Charles / Dumberry,H-C,Actif,Aucun visuel affich√©,,12-07-2025 01:34 PM,12-07-2025 01:34 PM,3887,Simon BÈgin <67952005.bxtw>,Simon BÈgin <67952005.bxtw>
72826,Saint-Charles / Dutrisac,H-C,Actif,Aucun visuel affich√©,,12-07-2025 01:34 PM,12-07-2025 01:34 PM,3888,Simon BÈgin <67952005.bxtw>,Simon BÈgin <67952005.bxtw>
72827,Saint-Charles / Dutrisac,H-C,Actif,Aucun visuel affich√©,,12-07-2025 01:34 PM,12-07-2025 01:34 PM,3889,Simon BÈgin <67952005.bxtw>,Simon BÈgin <67952005.bxtw>
72828,Joseph-Carrier / devant la Place Carrier,H-C,Actif,Aucun visuel affich√©,,12-07-2025 01:34 PM,12-07-2025 01:34 PM,3890,Simon BÈgin <67952005.bxtw>,Simon BÈgin <67952005.bxtw>
72829,Joseph-Carrier / devant le civique 111,H-C,Actif,Aucun visuel affich√©,,12-07-2025 01:34 PM,12-07-2025 01:34 PM,3891,Simon BÈgin <67952005.bxtw>,Simon BÈgin <67952005.bxtw>
72831,Valois / face au tunnel vers Saint-Charles,H-C,Actif,Aucun visuel affich√©,,12-07-2025 01:34 PM,12-07-2025 01:34 PM,3892,Simon BÈgin <67952005.bxtw>,Simon BÈgin <67952005.bxtw>
72833,Charbonneau / Valois,H-C,Actif,Aucun visuel affich√©,,12-07-2025 01:34 PM,12-07-2025 01:34 PM,3893,Simon BÈgin <67952005.bxtw>,Simon BÈgin <67952005.bxtw>
72835,de Tonnancour / Desmarchais,H-C,Actif,Aucun visuel affich√©,,12-07-2025 01:34 PM,12-07-2025 01:34 PM,3894,Simon BÈgin <67952005.bxtw>,Simon BÈgin <67952005.bxtw>
72837,Chopin / Andr√©-Chartrand,H-C,Actif,Aucun visuel affich√©,,12-07-2025 01:34 PM,12-07-2025 01:34 PM,3895,Simon BÈgin <67952005.bxtw>,Simon BÈgin <67952005.bxtw>
72838,Andr√©-Chartrand / du Moulin,H-C,Actif,Aucun visuel affich√©,,12-07-2025 01:34 PM,12-07-2025 01:34 PM,3896,Simon BÈgin <67952005.bxtw>,Simon BÈgin <67952005.bxtw>
72839,Jeannotte / Bourget,H-C,Actif,Aucun visuel affich√©,,12-07-2025 01:34 PM,12-07-2025 01:34 PM,3897,Simon BÈgin <67952005.bxtw>,Simon BÈgin <67952005.bxtw>
72840,Jeannotte / Bourget,H-C,Actif,Aucun visuel affich√©,,12-07-2025 01:34 PM,12-07-2025 01:34 PM,3898,Simon BÈgin <67952005.bxtw>,Simon BÈgin <67952005.bxtw>
72841,Harwood / des Saules,H-C,Actif,Aucun visuel affich√©,,12-07-2025 01:34 PM,12-07-2025 01:34 PM,3899,Simon BÈgin <67952005.bxtw>,Simon BÈgin <67952005.bxtw>
72842,Harwood / des Saules,H-C,Actif,Aucun visuel affich√©,,12-07-2025 01:34 PM,12-07-2025 01:34 PM,3900,Simon BÈgin <67952005.bxtw>,Simon BÈgin <67952005.bxtw>
72843,de la Gare / devant le M√©tro,H-C,Actif,Aucun visuel affich√©,,12-07-2025 01:34 PM,12-07-2025 01:34 PM,3901,Simon BÈgin <67952005.bxtw>,Simon BÈgin <67952005.bxtw>
72844,de la Gare / devant le A&W,H-C,Actif,Aucun visuel affich√©,,12-07-2025 01:34 PM,12-07-2025 01:34 PM,3902,Simon BÈgin <67952005.bxtw>,Simon BÈgin <67952005.bxtw>
72845,Jacques-Plante / Maurice-Richard,H-C,Actif,Aucun visuel affich√©,,12-07-2025 01:34 PM,12-07-2025 01:34 PM,3903,Simon BÈgin <67952005.bxtw>,Simon BÈgin <67952005.bxtw>
72846,Jacques-Plante / Maurice-Richard,H-C,Actif,Aucun visuel affich√©,,12-07-2025 01:34 PM,12-07-2025 01:34 PM,3904,Simon BÈgin <67952005.bxtw>,Simon BÈgin <67952005.bxtw>
72847,Jacques-Plante / Toe-Blake,H-C,Actif,Aucun visuel affich√©,,12-07-2025 01:34 PM,12-07-2025 01:34 PM,3905,Simon BÈgin <67952005.bxtw>,Simon BÈgin <67952005.bxtw>
72848,Toe-Blake / Jacques-Plante,H-C,Actif,Aucun visuel affich√©,,12-07-2025 01:34 PM,12-07-2025 01:34 PM,3906,Simon BÈgin <67952005.bxtw>,Simon BÈgin <67952005.bxtw>
72849,de la Cit√©-des-Jeunes / Jeannotte,H-C,Actif,Aucun visuel affich√©,,12-07-2025 01:34 PM,12-07-2025 01:34 PM,3907,Simon BÈgin <67952005.bxtw>,Simon BÈgin <67952005.bxtw>
72850,Jeannotte / de la Cit√©-des-Jeunes,H-C,Actif,Aucun visuel affich√©,,12-07-2025 01:34 PM,12-07-2025 01:34 PM,3908,Simon BÈgin <67952005.bxtw>,Simon BÈgin <67952005.bxtw>
72851,des Dahlias / des N√©nuphars,H-C,Actif,Aucun visuel affich√©,,12-07-2025 01:34 PM,12-07-2025 01:34 PM,3909,Simon BÈgin <67952005.bxtw>,Simon BÈgin <67952005.bxtw>
72852,des Dahlias / des N√©nuphars,H-C,Actif,Aucun visuel affich√©,,12-07-2025 01:34 PM,12-07-2025 01:34 PM,3910,Simon BÈgin <67952005.bxtw>,Simon BÈgin <67952005.bxtw>
72853,Bourget / Lavoie,H-C,Actif,Aucun visuel affich√©,,12-07-2025 01:34 PM,12-07-2025 01:34 PM,3911,Simon BÈgin <67952005.bxtw>,Simon BÈgin <67952005.bxtw>
72854,Lavoie / Bourget,H-C,Actif,Aucun visuel affich√©,,12-07-2025 01:34 PM,12-07-2025 01:34 PM,3912,Simon BÈgin <67952005.bxtw>,Simon BÈgin <67952005.bxtw>
72855,des Sarcelles / des Becs-Scie,H-C,Actif,Aucun visuel affich√©,,12-07-2025 01:34 PM,12-07-2025 01:34 PM,3913,Simon BÈgin <67952005.bxtw>,Simon BÈgin <67952005.bxtw>
72856,des Becs-Scie / des Sarcelles,H-C,Actif,Aucun visuel affich√©,,12-07-2025 01:34 PM,12-07-2025 01:34 PM,3914,Simon BÈgin <67952005.bxtw>,Simon BÈgin <67952005.bxtw>
72857,des Sarcelles / devant le civique 2050,H-C,Actif,Aucun visuel affich√©,,12-07-2025 01:34 PM,12-07-2025 01:34 PM,3915,Simon BÈgin <67952005.bxtw>,Simon BÈgin <67952005.bxtw>
72858,Ouimet / de la Cit√©-des-Jeunes,H-C,Actif,Aucun visuel affich√©,,12-07-2025 01:34 PM,12-07-2025 01:34 PM,3916,Simon BÈgin <67952005.bxtw>,Simon BÈgin <67952005.bxtw>
72859,Ouimet / de la Cit√©-des-Jeunes,H-C,Actif,Aucun visuel affich√©,,12-07-2025 01:34 PM,12-07-2025 01:34 PM,3917,Simon BÈgin <67952005.bxtw>,Simon BÈgin <67952005.bxtw>
72860,Bourget / de la Cit√©-des-Jeunes,H-C,Actif,Aucun visuel affich√©,,12-07-2025 01:34 PM,12-07-2025 01:34 PM,3918,Simon BÈgin <67952005.bxtw>,Simon BÈgin <67952005.bxtw>
72861,Pilon / devant le civique 454,H-C,Actif,Aucun visuel affich√©,,12-07-2025 01:34 PM,12-07-2025 01:34 PM,3919,Simon BÈgin <67952005.bxtw>,Simon BÈgin <67952005.bxtw>
72862,Pilon / devant le civique 455,H-C,Actif,Aucun visuel affich√©,,12-07-2025 01:34 PM,12-07-2025 01:34 PM,3920,Simon BÈgin <67952005.bxtw>,Simon BÈgin <67952005.bxtw>
72863,Pilon / devant le civique 382,H-C,Actif,Aucun visuel affich√©,,12-07-2025 01:34 PM,12-07-2025 01:34 PM,3921,Simon BÈgin <67952005.bxtw>,Simon BÈgin <67952005.bxtw>
72864,Pilon / face au civique 382,H-C,Actif,Aucun visuel affich√©,,12-07-2025 01:34 PM,12-07-2025 01:34 PM,3922,Simon BÈgin <67952005.bxtw>,Simon BÈgin <67952005.bxtw>
72865,Jeannotte / devant l'ar√©na,H-C,Actif,Aucun visuel affich√©,,12-07-2025 01:34 PM,12-07-2025 01:34 PM,3923,Simon BÈgin <67952005.bxtw>,Simon BÈgin <67952005.bxtw>
72866,Jeannotte / devant l'√âcole Saint-Michel,H-C,Actif,Aucun visuel affich√©,,12-07-2025 01:34 PM,12-07-2025 01:34 PM,3924,Simon BÈgin <67952005.bxtw>,Simon BÈgin <67952005.bxtw>
72867,Ouimet / Leclerc,H-C,Actif,Aucun visuel affich√©,,12-07-2025 01:34 PM,12-07-2025 01:34 PM,3925,Simon BÈgin <67952005.bxtw>,Simon BÈgin <67952005.bxtw>
72868,Ouimet / Leclerc,H-C,Actif,Aucun visuel affich√©,,12-07-2025 01:34 PM,12-07-2025 01:34 PM,3926,Simon BÈgin <67952005.bxtw>,Simon BÈgin <67952005.bxtw>
72871,Marier / √àve-Cournoyer,H-C,Actif,Aucun visuel affich√©,,12-07-2025 01:34 PM,12-07-2025 01:34 PM,3927,Simon BÈgin <67952005.bxtw>,Simon BÈgin <67952005.bxtw>
72872,Marier / Claude-L√©veill√©e,H-C,Actif,Aucun visuel affich√©,,12-07-2025 01:34 PM,12-07-2025 01:34 PM,3928,Simon BÈgin <67952005.bxtw>,Simon BÈgin <67952005.bxtw>
72873,Marier / Schubert,H-C,Actif,Aucun visuel affich√©,,12-07-2025 01:34 PM,12-07-2025 01:34 PM,3929,Simon BÈgin <67952005.bxtw>,Simon BÈgin <67952005.bxtw>
72874,Marier / Schubert,H-C,Actif,Aucun visuel affich√©,,12-07-2025 01:34 PM,12-07-2025 01:34 PM,3930,Simon BÈgin <67952005.bxtw>,Simon BÈgin <67952005.bxtw>
72875,Marier / devant le civique 1041,H-C,Actif,Aucun visuel affich√©,,12-07-2025 01:34 PM,12-07-2025 01:34 PM,3931,Simon BÈgin <67952005.bxtw>,Simon BÈgin <67952005.bxtw>
72876,Marier / devant le civique 1040,H-C,Actif,Aucun visuel affich√©,,12-07-2025 01:34 PM,12-07-2025 01:34 PM,3932,Simon BÈgin <67952005.bxtw>,Simon BÈgin <67952005.bxtw>
72878,Ouimet / Briand,H-C,Actif,Aucun visuel affich√©,,12-07-2025 01:34 PM,12-07-2025 01:34 PM,3933,Simon BÈgin <67952005.bxtw>,Simon BÈgin <67952005.bxtw>
72879,Briand / Ouimet,H-C,Actif,Aucun visuel affich√©,,12-07-2025 01:34 PM,12-07-2025 01:34 PM,3934,Simon BÈgin <67952005.bxtw>,Simon BÈgin <67952005.bxtw>
72880,Ouimet / Briand,H-C,Actif,Aucun visuel affich√©,,12-07-2025 01:34 PM,12-07-2025 01:34 PM,3935,Simon BÈgin <67952005.bxtw>,Simon BÈgin <67952005.bxtw>
72881,8e Avenue / devant le civique 177,H-C,Actif,Aucun visuel affich√©,,12-07-2025 01:34 PM,12-07-2025 01:34 PM,3936,Simon BÈgin <67952005.bxtw>,Simon BÈgin <67952005.bxtw>
72882,8e Avenue / devant le civique 192,H-C,Actif,Aucun visuel affich√©,,12-07-2025 01:34 PM,12-07-2025 01:34 PM,3937,Simon BÈgin <67952005.bxtw>,Simon BÈgin <67952005.bxtw>
72883,Marier / Bellini,H-C,Actif,Aucun visuel affich√©,,12-07-2025 01:34 PM,12-07-2025 01:34 PM,3938,Simon BÈgin <67952005.bxtw>,Simon BÈgin <67952005.bxtw>
72884,Marier / Beethoven,H-C,Actif,Aucun visuel affich√©,,12-07-2025 01:34 PM,12-07-2025 01:34 PM,3939,Simon BÈgin <67952005.bxtw>,Simon BÈgin <67952005.bxtw>
72885,Marier / Andr√©-Chartrand,H-C,Actif,Aucun visuel affich√©,,12-07-2025 01:34 PM,12-07-2025 01:34 PM,3940,Simon BÈgin <67952005.bxtw>,Simon BÈgin <67952005.bxtw>
72886,Marier / Andr√©-Chartrand,H-C,Actif,Aucun visuel affich√©,,12-07-2025 01:34 PM,12-07-2025 01:34 PM,3941,Simon BÈgin <67952005.bxtw>,Simon BÈgin <67952005.bxtw>
72887,Marier / des Tilleuls,H-C,Actif,Aucun visuel affich√©,,12-07-2025 01:34 PM,12-07-2025 01:34 PM,3942,Simon BÈgin <67952005.bxtw>,Simon BÈgin <67952005.bxtw>
72888,Marier / des Merisiers,H-C,Actif,Aucun visuel affich√©,,12-07-2025 01:34 PM,12-07-2025 01:34 PM,3943,Simon BÈgin <67952005.bxtw>,Simon BÈgin <67952005.bxtw>
72889,Marier / des Noisetiers,H-C,Actif,Aucun visuel affich√©,,12-07-2025 01:34 PM,12-07-2025 01:34 PM,3944,Simon BÈgin <67952005.bxtw>,Simon BÈgin <67952005.bxtw>
72890,Marier / des Noisetiers,H-C,Actif,Aucun visuel affich√©,,12-07-2025 01:34 PM,12-07-2025 01:34 PM,3945,Simon BÈgin <67952005.bxtw>,Simon BÈgin <67952005.bxtw>
72891,Marier / des Merisiers,H-C,Actif,Aucun visuel affich√©,,12-07-2025 01:34 PM,12-07-2025 01:34 PM,3946,Simon BÈgin <67952005.bxtw>,Simon BÈgin <67952005.bxtw>
72892,Marier / des Merisiers,H-C,Actif,Aucun visuel affich√©,,12-07-2025 01:34 PM,12-07-2025 01:34 PM,3947,Simon BÈgin <67952005.bxtw>,Simon BÈgin <67952005.bxtw>
72893,2e Avenue / Marier,H-C,Actif,Aucun visuel affich√©,,12-07-2025 01:34 PM,12-07-2025 01:34 PM,3948,Simon BÈgin <67952005.bxtw>,Simon BÈgin <67952005.bxtw>
72894,Marier / 2e Avenue,H-C,Actif,Aucun visuel affich√©,,12-07-2025 01:34 PM,12-07-2025 01:34 PM,3949,Simon BÈgin <67952005.bxtw>,Simon BÈgin <67952005.bxtw>
72895,Pinault / Ouimet,H-C,Actif,Aucun visuel affich√©,,12-07-2025 01:34 PM,12-07-2025 01:34 PM,3950,Simon BÈgin <67952005.bxtw>,Simon BÈgin <67952005.bxtw>
72896,Ouimet / Pinault,H-C,Actif,Aucun visuel affich√©,,12-07-2025 01:34 PM,12-07-2025 01:34 PM,3951,Simon BÈgin <67952005.bxtw>,Simon BÈgin <67952005.bxtw>
72897,Valois / Loyola-Schmidt,H-C,Actif,Aucun visuel affich√©,,12-07-2025 01:34 PM,12-07-2025 01:34 PM,3952,Simon BÈgin <67952005.bxtw>,Simon BÈgin <67952005.bxtw>
72898,Valois / Loyola-Schmidt,H-C,Actif,Aucun visuel affich√©,,12-07-2025 01:34 PM,12-07-2025 01:34 PM,3953,Simon BÈgin <67952005.bxtw>,Simon BÈgin <67952005.bxtw>
72899,Harwood / devant la Caisse Desjardins,H-C,Actif,Aucun visuel affich√©,,12-07-2025 01:34 PM,12-07-2025 01:34 PM,3954,Simon BÈgin <67952005.bxtw>,Simon BÈgin <67952005.bxtw>
72901,F.-X.-Tessier  / devant le civique 4001,H-C,Actif,Aucun visuel affich√©,,12-07-2025 01:34 PM,12-07-2025 01:34 PM,3955,Simon BÈgin <67952005.bxtw>,Simon BÈgin <67952005.bxtw>
72902,F.-X.-Tessier  / devant le civique 4000,H-C,Actif,Aucun visuel affich√©,,12-07-2025 01:34 PM,12-07-2025 01:34 PM,3956,Simon BÈgin <67952005.bxtw>,Simon BÈgin <67952005.bxtw>
72903,de la Cit√©-des-Jeunes / devant le Holiday Inn,H-C,Actif,Aucun visuel affich√©,,12-07-2025 01:34 PM,12-07-2025 01:34 PM,3957,Simon BÈgin <67952005.bxtw>,Simon BÈgin <67952005.bxtw>
72904,de la Cit√©-des-Jeunes / devant le civique 21,H-C,Actif,Aucun visuel affich√©,,12-07-2025 01:34 PM,12-07-2025 01:34 PM,3958,Simon BÈgin <67952005.bxtw>,Simon BÈgin <67952005.bxtw>
72905,rue Becs-Scie / face au passage pi√©tonnier,H-C,Actif,Aucun visuel affich√©,,12-07-2025 01:34 PM,12-07-2025 01:34 PM,3959,Simon BÈgin <67952005.bxtw>,Simon BÈgin <67952005.bxtw>
72906,Saint-Charles / devant le civique 431,H-C,Actif,Aucun visuel affich√©,,12-07-2025 01:34 PM,12-07-2025 01:34 PM,3960,Simon BÈgin <67952005.bxtw>,Simon BÈgin <67952005.bxtw>
72908,Saint-Charles / Sainte-Ang√©lique,H-C,Actif,Aucun visuel affich√©,,12-07-2025 01:34 PM,12-07-2025 01:34 PM,3961,Simon BÈgin <67952005.bxtw>,Simon BÈgin <67952005.bxtw>
72909,Dutrisac / Saint-Charles,H-C,Actif,Aucun visuel affich√©,,12-07-2025 01:34 PM,12-07-2025 01:34 PM,3962,Simon BÈgin <67952005.bxtw>,Simon BÈgin <67952005.bxtw>
72910,Dutrisac / Saint-Charles,H-C,Actif,Aucun visuel affich√©,,12-07-2025 01:34 PM,12-07-2025 01:34 PM,3963,Simon BÈgin <67952005.bxtw>,Simon BÈgin <67952005.bxtw>
72911,Boileau / Forbes,H-C,Actif,Aucun visuel affich√©,,12-07-2025 01:34 PM,12-07-2025 01:34 PM,3964,Simon BÈgin <67952005.bxtw>,Simon BÈgin <67952005.bxtw>
72912,Forbes / Boileau,H-C,Actif,Aucun visuel affich√©,,12-07-2025 01:34 PM,12-07-2025 01:34 PM,3965,Simon BÈgin <67952005.bxtw>,Simon BÈgin <67952005.bxtw>
72913,Boileau / Forbes,H-C,Actif,Aucun visuel affich√©,,12-07-2025 01:34 PM,12-07-2025 01:34 PM,3966,Simon BÈgin <67952005.bxtw>,Simon BÈgin <67952005.bxtw>
72914,de la Cit√©-des-Jeunes / devant l'√âquipeur,H-C,Actif,Aucun visuel affich√©,,12-07-2025 01:34 PM,12-07-2025 01:34 PM,3967,Simon BÈgin <67952005.bxtw>,Simon BÈgin <67952005.bxtw>
72915,F.-X.-Tessier  / face au civique 3825,H-C,Actif,Aucun visuel affich√©,,12-07-2025 01:34 PM,12-07-2025 01:34 PM,3968,Simon BÈgin <67952005.bxtw>,Simon BÈgin <67952005.bxtw>
72916,F.-X.-Tessier  / devant le civique 3825,H-C,Actif,Aucun visuel affich√©,,12-07-2025 01:34 PM,12-07-2025 01:34 PM,3969,Simon BÈgin <67952005.bxtw>,Simon BÈgin <67952005.bxtw>
72917,de la Fabrique / devant l'√âcole du Papillon-Bleu,H-C,Actif,Aucun visuel affich√©,,12-07-2025 01:34 PM,12-07-2025 01:34 PM,3970,Simon BÈgin <67952005.bxtw>,Simon BÈgin <67952005.bxtw>
72918,Lariv√©e / Marquis,H-C,Actif,Aucun visuel affich√©,,12-07-2025 01:34 PM,12-07-2025 01:34 PM,3971,Simon BÈgin <67952005.bxtw>,Simon BÈgin <67952005.bxtw>
72919,Lariv√©e / Marquis,H-C,Actif,Aucun visuel affich√©,,12-07-2025 01:34 PM,12-07-2025 01:34 PM,3972,Simon BÈgin <67952005.bxtw>,Simon BÈgin <67952005.bxtw>
72920,Chicoine / Rang Saint-Antoine,H-C,Actif,Aucun visuel affich√©,,12-07-2025 01:34 PM,12-07-2025 01:34 PM,3973,Simon BÈgin <67952005.bxtw>,Simon BÈgin <67952005.bxtw>
72921,Rang Saint-Antoine / Chicoine,H-C,Actif,Aucun visuel affich√©,,12-07-2025 01:34 PM,12-07-2025 01:34 PM,3974,Simon BÈgin <67952005.bxtw>,Simon BÈgin <67952005.bxtw>
72922,Valois / 4e Avenue,H-C,Actif,Aucun visuel affich√©,,12-07-2025 01:34 PM,12-07-2025 01:34 PM,3975,Simon BÈgin <67952005.bxtw>,Simon BÈgin <67952005.bxtw>
72923,Valois / 4e Avenue,H-C,Actif,Aucun visuel affich√©,,12-07-2025 01:34 PM,12-07-2025 01:34 PM,3976,Simon BÈgin <67952005.bxtw>,Simon BÈgin <67952005.bxtw>
72924,4e Avenue / Valois,H-C,Actif,Aucun visuel affich√©,,12-07-2025 01:34 PM,12-07-2025 01:34 PM,3977,Simon BÈgin <67952005.bxtw>,Simon BÈgin <67952005.bxtw>
72925,4e avenue / Valois,H-C,Actif,Aucun visuel affich√©,,12-07-2025 01:34 PM,12-07-2025 01:34 PM,3978,Simon BÈgin <67952005.bxtw>,Simon BÈgin <67952005.bxtw>
72926,Rang Saint-Antoine / Harwood,H-C,Actif,Aucun visuel affich√©,,12-07-2025 01:34 PM,12-07-2025 01:34 PM,3979,Simon BÈgin <67952005.bxtw>,Simon BÈgin <67952005.bxtw>
72927,Rang Saint-Antoine / Harwood,H-C,Actif,Aucun visuel affich√©,,12-07-2025 01:34 PM,12-07-2025 01:34 PM,3980,Simon BÈgin <67952005.bxtw>,Simon BÈgin <67952005.bxtw>
72928,Durocher / Bourget,H-C,Actif,Aucun visuel affich√©,,12-07-2025 01:34 PM,12-07-2025 01:34 PM,3981,Simon BÈgin <67952005.bxtw>,Simon BÈgin <67952005.bxtw>
72930,Bourget / Durocher,H-C,Actif,Aucun visuel affich√©,,12-07-2025 01:34 PM,12-07-2025 01:34 PM,3982,Simon BÈgin <67952005.bxtw>,Simon BÈgin <67952005.bxtw>
72931,Briand / Lartigue,H-C,Actif,Aucun visuel affich√©,,12-07-2025 01:34 PM,12-07-2025 01:34 PM,3983,Simon BÈgin <67952005.bxtw>,Simon BÈgin <67952005.bxtw>
72932,Briand / Lartigue,H-C,Actif,Aucun visuel affich√©,,12-07-2025 01:34 PM,12-07-2025 01:34 PM,3984,Simon BÈgin <67952005.bxtw>,Simon BÈgin <67952005.bxtw>
72933,Valois / 2e Avenue,H-C,Actif,Aucun visuel affich√©,,12-07-2025 01:34 PM,12-07-2025 01:34 PM,3985,Simon BÈgin <67952005.bxtw>,Simon BÈgin <67952005.bxtw>
72934,Valois / 2e Avenue,H-C,Actif,Aucun visuel affich√©,,12-07-2025 01:34 PM,12-07-2025 01:34 PM,3986,Simon BÈgin <67952005.bxtw>,Simon BÈgin <67952005.bxtw>
72935,Valois / 2e Avenue,H-C,Actif,Aucun visuel affich√©,,12-07-2025 01:34 PM,12-07-2025 01:34 PM,3987,Simon BÈgin <67952005.bxtw>,Simon BÈgin <67952005.bxtw>
72936,2e Avenue / Valois,H-C,Actif,Aucun visuel affich√©,,12-07-2025 01:34 PM,12-07-2025 01:34 PM,3988,Simon BÈgin <67952005.bxtw>,Simon BÈgin <67952005.bxtw>
72937,de la Cit√©-des-Jeunes / Briand,H-C,Actif,Aucun visuel affich√©,,12-07-2025 01:34 PM,12-07-2025 01:34 PM,3989,Simon BÈgin <67952005.bxtw>,Simon BÈgin <67952005.bxtw>
72938,de la Cit√©-des-Jeunes / Briand,H-C,Actif,Aucun visuel affich√©,,12-07-2025 01:34 PM,12-07-2025 01:34 PM,3990,Simon BÈgin <67952005.bxtw>,Simon BÈgin <67952005.bxtw>
72939,des Floralies / des Lys,H-C,Actif,Aucun visuel affich√©,,12-07-2025 01:34 PM,12-07-2025 01:34 PM,3991,Simon BÈgin <67952005.bxtw>,Simon BÈgin <67952005.bxtw>
72940,des Floralies / des Iris,H-C,Actif,Aucun visuel affich√©,,12-07-2025 01:34 PM,12-07-2025 01:34 PM,3992,Simon BÈgin <67952005.bxtw>,Simon BÈgin <67952005.bxtw>
72941,des Floralies / des Perce-Neige (2),H-C,Actif,Aucun visuel affich√©,,12-07-2025 01:34 PM,12-07-2025 01:34 PM,3993,Simon BÈgin <67952005.bxtw>,Simon BÈgin <67952005.bxtw>
72942,des Floralies / de la Cit√©-des-Jeunes,H-C,Actif,Aucun visuel affich√©,,12-07-2025 01:34 PM,12-07-2025 01:34 PM,3994,Simon BÈgin <67952005.bxtw>,Simon BÈgin <67952005.bxtw>
72943,des Floralies / de la Cit√©-des-Jeunes,H-C,Actif,Aucun visuel affich√©,,12-07-2025 01:34 PM,12-07-2025 01:34 PM,3995,Simon BÈgin <67952005.bxtw>,Simon BÈgin <67952005.bxtw>
72944,de la Cit√©-des-Jeunes / Marc-Aur√®le-Fortin,H-C,Actif,Aucun visuel affich√©,,12-07-2025 01:34 PM,12-07-2025 01:34 PM,3996,Simon BÈgin <67952005.bxtw>,Simon BÈgin <67952005.bxtw>
72945,de la Cit√©-des-Jeunes / Marc-Aur√®le-Fortin,H-C,Actif,Aucun visuel affich√©,,12-07-2025 01:34 PM,12-07-2025 01:34 PM,3997,Simon BÈgin <67952005.bxtw>,Simon BÈgin <67952005.bxtw>
72946,Gare Dorion,H-C,Actif,Aucun visuel affich√©,,12-07-2025 01:34 PM,12-07-2025 01:34 PM,3998,Simon BÈgin <67952005.bxtw>,Simon BÈgin <67952005.bxtw>
72947,Ouimet / Isabelle,H-C,Actif,Aucun visuel affich√©,,12-07-2025 01:34 PM,12-07-2025 01:34 PM,3999,Simon BÈgin <67952005.bxtw>,Simon BÈgin <67952005.bxtw>
72948,Ouimet / Isabelle,H-C,Actif,Aucun visuel affich√©,,12-07-2025 01:34 PM,12-07-2025 01:34 PM,4000,Simon BÈgin <67952005.bxtw>,Simon BÈgin <67952005.bxtw>
72949,des Pivoines / des Narcisses,H-C,Actif,Aucun visuel affich√©,,12-07-2025 01:34 PM,12-07-2025 01:34 PM,4001,Simon BÈgin <67952005.bxtw>,Simon BÈgin <67952005.bxtw>
72950,des Pivoines / devant le civique 2623,H-C,Actif,Aucun visuel affich√©,,12-07-2025 01:34 PM,12-07-2025 01:34 PM,4002,Simon BÈgin <67952005.bxtw>,Simon BÈgin <67952005.bxtw>
72951,Briand / Bastien,H-C,Actif,Aucun visuel affich√©,,12-07-2025 01:34 PM,12-07-2025 01:34 PM,4003,Simon BÈgin <67952005.bxtw>,Simon BÈgin <67952005.bxtw>
72952,Briand / Bastien,H-C,Actif,Aucun visuel affich√©,,12-07-2025 01:34 PM,12-07-2025 01:34 PM,4004,Simon BÈgin <67952005.bxtw>,Simon BÈgin <67952005.bxtw>
72953,Perrot / Saint-Joseph,H-C,Actif,Aucun visuel affich√©,,12-07-2025 01:34 PM,12-07-2025 01:34 PM,4005,Simon BÈgin <67952005.bxtw>,Simon BÈgin <67952005.bxtw>
72954,Virginie-Roy / Pasteur,H-C,Actif,Aucun visuel affich√©,,12-07-2025 01:34 PM,12-07-2025 01:34 PM,4006,Simon BÈgin <67952005.bxtw>,Simon BÈgin <67952005.bxtw>
72955,Virginie-Roy / de la Rivelaine,H-C,Actif,Aucun visuel affich√©,,12-07-2025 01:34 PM,12-07-2025 01:34 PM,4007,Simon BÈgin <67952005.bxtw>,Simon BÈgin <67952005.bxtw>
72956,25e Avenue / Boischatel,H-C,Actif,Aucun visuel affich√©,,12-07-2025 01:34 PM,12-07-2025 01:34 PM,4008,Simon BÈgin <67952005.bxtw>,Simon BÈgin <67952005.bxtw>
72957,25e Avenue / des √ârables,H-C,Actif,Aucun visuel affich√©,,12-07-2025 01:34 PM,12-07-2025 01:34 PM,4009,Simon BÈgin <67952005.bxtw>,Simon BÈgin <67952005.bxtw>
72958,Virginie-Roy /  Perrier,H-C,Actif,Aucun visuel affich√©,,12-07-2025 01:34 PM,12-07-2025 01:34 PM,4010,Simon BÈgin <67952005.bxtw>,Simon BÈgin <67952005.bxtw>
72960,de la Gare / devant le Onze de la Gare,H-C,Actif,Aucun visuel affich√©,,12-07-2025 01:34 PM,12-07-2025 01:34 PM,4011,Simon BÈgin <67952005.bxtw>,Simon BÈgin <67952005.bxtw>
72961,de la Gare / face au Onze de la Gare,H-C,Actif,Aucun visuel affich√©,,12-07-2025 01:34 PM,12-07-2025 01:34 PM,4012,Simon BÈgin <67952005.bxtw>,Simon BÈgin <67952005.bxtw>
72966,√âmile-Bouchard / Phil-Goyette,H-C,Actif,Aucun visuel affich√©,,12-07-2025 01:34 PM,12-07-2025 01:34 PM,4013,Simon BÈgin <67952005.bxtw>,Simon BÈgin <67952005.bxtw>
72967,√âmile-Bouchard / Phil-Goyette,H-C,Actif,Aucun visuel affich√©,,12-07-2025 01:34 PM,12-07-2025 01:34 PM,4014,Simon BÈgin <67952005.bxtw>,Simon BÈgin <67952005.bxtw>
72968,Saint-Charles / Joseph-Carrier,H-C,Actif,Aucun visuel affich√©,,12-07-2025 01:34 PM,12-07-2025 01:34 PM,4015,Simon BÈgin <67952005.bxtw>,Simon BÈgin <67952005.bxtw>
72969,Virginie-Roy / Saint-Joseph,H-C,Actif,Aucun visuel affich√©,,12-07-2025 01:34 PM,12-07-2025 01:34 PM,4016,Simon BÈgin <67952005.bxtw>,Simon BÈgin <67952005.bxtw>
72970,Harwood / du Meunier,H-C,Actif,Aucun visuel affich√©,,12-07-2025 01:34 PM,12-07-2025 01:34 PM,4017,Simon BÈgin <67952005.bxtw>,Simon BÈgin <67952005.bxtw>
72971,Harwood / du Meunier,H-C,Actif,Aucun visuel affich√©,,12-07-2025 01:34 PM,12-07-2025 01:34 PM,4018,Simon BÈgin <67952005.bxtw>,Simon BÈgin <67952005.bxtw>
72972,Harwood / du Meunier,H-C,Actif,Aucun visuel affich√©,,12-07-2025 01:34 PM,12-07-2025 01:34 PM,4019,Simon BÈgin <67952005.bxtw>,Simon BÈgin <67952005.bxtw>
72973,Harwood / du Meunier,H-C,Actif,Aucun visuel affich√©,,12-07-2025 01:34 PM,12-07-2025 01:34 PM,4020,Simon BÈgin <67952005.bxtw>,Simon BÈgin <67952005.bxtw>
72975,1er Boulevard / 7e Avenue,H-C,Actif,Aucun visuel affich√©,,12-07-2025 01:34 PM,12-07-2025 01:34 PM,4021,Simon BÈgin <67952005.bxtw>,Simon BÈgin <67952005.bxtw>
72977,Cameron / Cavagnal,H-C,Actif,Aucun visuel affich√©,,12-07-2025 01:34 PM,12-07-2025 01:34 PM,4022,Simon BÈgin <67952005.bxtw>,Simon BÈgin <67952005.bxtw>
72978,Terminus Vaudreuil - Quai 2,H-C,Actif,Aucun visuel affich√©,,12-07-2025 01:34 PM,12-07-2025 01:34 PM,4023,Simon BÈgin <67952005.bxtw>,Simon BÈgin <67952005.bxtw>
72979,Terminus Vaudreuil - Quai 3,H-C,Actif,Aucun visuel affich√©,,12-07-2025 01:34 PM,12-07-2025 01:34 PM,4024,Simon BÈgin <67952005.bxtw>,Simon BÈgin <67952005.bxtw>
72980,Terminus Vaudreuil - Quai 4,H-C,Actif,Aucun visuel affich√©,,12-07-2025 01:34 PM,12-07-2025 01:34 PM,4025,Simon BÈgin <67952005.bxtw>,Simon BÈgin <67952005.bxtw>
72981,Terminus Vaudreuil - Quai 5,H-C,Actif,Aucun visuel affich√©,,12-07-2025 01:34 PM,12-07-2025 01:34 PM,4026,Simon BÈgin <67952005.bxtw>,Simon BÈgin <67952005.bxtw>
72982,Terminus Vaudreuil - Quai 6,H-C,Actif,Aucun visuel affich√©,,12-07-2025 01:34 PM,12-07-2025 01:34 PM,4027,Simon BÈgin <67952005.bxtw>,Simon BÈgin <67952005.bxtw>
72983,Terminus Vaudreuil - Quai 7,H-C,Actif,Aucun visuel affich√©,,12-07-2025 01:34 PM,12-07-2025 01:34 PM,4028,Simon BÈgin <67952005.bxtw>,Simon BÈgin <67952005.bxtw>
72984,Terminus Vaudreuil - Quai 8,H-C,Actif,Aucun visuel affich√©,,12-07-2025 01:34 PM,12-07-2025 01:34 PM,4029,Simon BÈgin <67952005.bxtw>,Simon BÈgin <67952005.bxtw>
72985,Terminus Vaudreuil - Quai 9,H-C,Actif,Aucun visuel affich√©,,12-07-2025 01:34 PM,12-07-2025 01:34 PM,4030,Simon BÈgin <67952005.bxtw>,Simon BÈgin <67952005.bxtw>
72986,Terminus Vaudreuil - Quai 10,H-C,Actif,Aucun visuel affich√©,,12-07-2025 01:34 PM,12-07-2025 01:34 PM,4031,Simon BÈgin <67952005.bxtw>,Simon BÈgin <67952005.bxtw>
72987,Terminus Vaudreuil - Quai 11,H-C,Actif,Aucun visuel affich√©,,12-07-2025 01:34 PM,12-07-2025 01:34 PM,4032,Simon BÈgin <67952005.bxtw>,Simon BÈgin <67952005.bxtw>
72988,Terminus Vaudreuil - Quai 12,H-C,Actif,Aucun visuel affich√©,,12-07-2025 01:34 PM,12-07-2025 01:34 PM,4033,Simon BÈgin <67952005.bxtw>,Simon BÈgin <67952005.bxtw>
72989,Terminus Vaudreuil - Quai 13,H-C,Actif,Aucun visuel affich√©,,12-07-2025 01:34 PM,12-07-2025 01:34 PM,4034,Simon BÈgin <67952005.bxtw>,Simon BÈgin <67952005.bxtw>
72990,C√©gep G√©rald-Godin,H-C,Actif,Aucun visuel affich√©,,12-07-2025 01:34 PM,12-07-2025 01:34 PM,4035,Simon BÈgin <67952005.bxtw>,Simon BÈgin <67952005.bxtw>
72991,Saint-Jean / Shakespeare,H-C,Actif,Aucun visuel affich√©,,12-07-2025 01:34 PM,12-07-2025 01:34 PM,4036,Simon BÈgin <67952005.bxtw>,Simon BÈgin <67952005.bxtw>
72992,Saint-Jean / Roger-Pilon,H-C,Actif,Aucun visuel affich√©,,12-07-2025 01:34 PM,12-07-2025 01:34 PM,4037,Simon BÈgin <67952005.bxtw>,Simon BÈgin <67952005.bxtw>
72993,Dumberry / Besner,H-C,Actif,Aucun visuel affich√©,,12-07-2025 01:34 PM,12-07-2025 01:34 PM,4038,Simon BÈgin <67952005.bxtw>,Simon BÈgin <67952005.bxtw>
72994,Dumberry / Besner,H-C,Actif,Aucun visuel affich√©,,12-07-2025 01:34 PM,12-07-2025 01:34 PM,4039,Simon BÈgin <67952005.bxtw>,Simon BÈgin <67952005.bxtw>
72995,44e Avenue / 2e Boulevard,H-C,Actif,Aucun visuel affich√©,,12-07-2025 01:34 PM,12-07-2025 01:34 PM,4040,Simon BÈgin <67952005.bxtw>,Simon BÈgin <67952005.bxtw>
72996,44e Avenue / 2e Boulevard,H-C,Actif,Aucun visuel affich√©,,12-07-2025 01:34 PM,12-07-2025 01:34 PM,4041,Simon BÈgin <67952005.bxtw>,Simon BÈgin <67952005.bxtw>
72997,Gare √éle-Perrot - Quai 2,H-C,Actif,Aucun visuel affich√©,,12-07-2025 01:34 PM,12-07-2025 01:34 PM,4042,Simon BÈgin <67952005.bxtw>,Simon BÈgin <67952005.bxtw>
72998,Gare √éle-Perrot - Quai 1,H-C,Actif,Aucun visuel affich√©,,12-07-2025 01:34 PM,12-07-2025 01:34 PM,4043,Simon BÈgin <67952005.bxtw>,Simon BÈgin <67952005.bxtw>
73001,Sir-Wilfrid-Laurier / du Mill√©naire,H-C,Actif,Aucun visuel affich√©,,12-07-2025 01:34 PM,12-07-2025 01:34 PM,4044,Simon BÈgin <67952005.bxtw>,Simon BÈgin <67952005.bxtw>
73002,Sir-Wilfrid-Laurier / du Mill√©naire,H-C,Actif,Aucun visuel affich√©,,12-07-2025 01:34 PM,12-07-2025 01:34 PM,4045,Simon BÈgin <67952005.bxtw>,Simon BÈgin <67952005.bxtw>
73003,Sir-Wilfrid-Laurier / Jean-Charles-Michaud,H-C,Actif,Aucun visuel affich√©,,12-07-2025 01:34 PM,12-07-2025 01:34 PM,4046,Simon BÈgin <67952005.bxtw>,Simon BÈgin <67952005.bxtw>
73004,Sir-Wilfrid-Laurier / Jean-Charles-Michaud,H-C,Actif,Aucun visuel affich√©,,12-07-2025 01:34 PM,12-07-2025 01:34 PM,4047,Simon BÈgin <67952005.bxtw>,Simon BÈgin <67952005.bxtw>
73005,Sir Wilfrid-Laurier / Gare Saint-Basile,H-C,Actif,Aucun visuel affich√©,,12-07-2025 01:34 PM,12-07-2025 01:34 PM,4048,Simon BÈgin <67952005.bxtw>,Simon BÈgin <67952005.bxtw>
73006,Sir-Wilfrid-Laurier / Lafrance Ouest,H-C,Actif,Aucun visuel affich√©,,12-07-2025 01:34 PM,12-07-2025 01:34 PM,4049,Simon BÈgin <67952005.bxtw>,Simon BÈgin <67952005.bxtw>
73007,Sir-Wilfrid-Laurier / Mont√©e Robert,H-C,Actif,Aucun visuel affich√©,,12-07-2025 01:34 PM,12-07-2025 01:34 PM,4050,Simon BÈgin <67952005.bxtw>,Simon BÈgin <67952005.bxtw>
73008,Sir-Wilfrid-Laurier / Mont√©e des Trinitaires,H-C,Actif,Aucun visuel affich√©,,12-07-2025 01:34 PM,12-07-2025 01:34 PM,4051,Simon BÈgin <67952005.bxtw>,Simon BÈgin <67952005.bxtw>
73009,Sir-Wilfrid-Laurier / Principale,H-C,Actif,Aucun visuel affich√©,,12-07-2025 01:34 PM,12-07-2025 01:34 PM,4052,Simon BÈgin <67952005.bxtw>,Simon BÈgin <67952005.bxtw>
73010,Sir-Wilfrid-Laurier / Principale,H-C,Actif,Aucun visuel affich√©,,12-07-2025 01:34 PM,12-07-2025 01:34 PM,4053,Simon BÈgin <67952005.bxtw>,Simon BÈgin <67952005.bxtw>
73011,Sir-Wilfrid-Laurier / Alvares,H-C,Actif,Aucun visuel affich√©,,12-07-2025 01:34 PM,12-07-2025 01:34 PM,4054,Simon BÈgin <67952005.bxtw>,Simon BÈgin <67952005.bxtw>
73012,Sir-Wilfrid-Laurier / Alvares,H-C,Actif,Aucun visuel affich√©,,12-07-2025 01:34 PM,12-07-2025 01:34 PM,4055,Simon BÈgin <67952005.bxtw>,Simon BÈgin <67952005.bxtw>
73014,Sir-Wilfrid-Laurier / du Moulin,H-C,Actif,Aucun visuel affich√©,,12-07-2025 01:34 PM,12-07-2025 01:34 PM,4056,Simon BÈgin <67952005.bxtw>,Simon BÈgin <67952005.bxtw>
73015,Sir-Wilfrid-Laurier / Parent,H-C,Actif,Aucun visuel affich√©,,12-07-2025 01:34 PM,12-07-2025 01:34 PM,4057,Simon BÈgin <67952005.bxtw>,Simon BÈgin <67952005.bxtw>
73016,Sir-Wilfrid-Laurier / Parent,H-C,Actif,Aucun visuel affich√©,,12-07-2025 01:34 PM,12-07-2025 01:34 PM,4058,Simon BÈgin <67952005.bxtw>,Simon BÈgin <67952005.bxtw>
73017,Sir-Wilfrid-Laurier / De Boucherville,H-C,Actif,Aucun visuel affich√©,,12-07-2025 01:34 PM,12-07-2025 01:34 PM,4059,Simon BÈgin <67952005.bxtw>,Simon BÈgin <67952005.bxtw>
73018,Sir-Wilfrid-Laurier / De Boucherville,H-C,Actif,Aucun visuel affich√©,,12-07-2025 01:34 PM,12-07-2025 01:34 PM,4060,Simon BÈgin <67952005.bxtw>,Simon BÈgin <67952005.bxtw>
73019,Sir-Wilfrid-Laurier / Seigneurial Ouest,H-C,Actif,Aucun visuel affich√©,,12-07-2025 01:34 PM,12-07-2025 01:34 PM,4061,Simon BÈgin <67952005.bxtw>,Simon BÈgin <67952005.bxtw>
73020,Sir-Wilfrid-Laurier / Seigneurial Ouest,H-C,Actif,Aucun visuel affich√©,,12-07-2025 01:34 PM,12-07-2025 01:34 PM,4062,Simon BÈgin <67952005.bxtw>,Simon BÈgin <67952005.bxtw>
73021,Sir-Wilfrid-Laurier / des C√®dres,H-C,Actif,Aucun visuel affich√©,,12-07-2025 01:34 PM,12-07-2025 01:34 PM,4063,Simon BÈgin <67952005.bxtw>,Simon BÈgin <67952005.bxtw>
73022,Sir-Wilfrid-Laurier / des C√®dres,H-C,Actif,Aucun visuel affich√©,,12-07-2025 01:34 PM,12-07-2025 01:34 PM,4064,Simon BÈgin <67952005.bxtw>,Simon BÈgin <67952005.bxtw>
73023,Promenades Saint-Bruno / devant le Cineplex Od√©on,H-C,Actif,Aucun visuel affich√©,,12-07-2025 01:34 PM,12-07-2025 01:34 PM,4065,Simon BÈgin <67952005.bxtw>,Simon BÈgin <67952005.bxtw>
73024,Promenades Saint-Bruno / face √† la porte 3,H-C,Actif,Aucun visuel affich√©,,12-07-2025 01:34 PM,12-07-2025 01:34 PM,4066,Simon BÈgin <67952005.bxtw>,Simon BÈgin <67952005.bxtw>
73025,Promenades Saint-Bruno / devant le Yellow,H-C,Actif,Aucun visuel affich√©,,12-07-2025 01:34 PM,12-07-2025 01:34 PM,4067,Simon BÈgin <67952005.bxtw>,Simon BÈgin <67952005.bxtw>
73026,Promenades Saint-Bruno / face √† la porte 2,H-C,Actif,Aucun visuel affich√©,,12-07-2025 01:34 PM,12-07-2025 01:34 PM,4068,Simon BÈgin <67952005.bxtw>,Simon BÈgin <67952005.bxtw>
73027,Promenades Saint-Bruno / devant le RONA,H-C,Actif,Aucun visuel affich√©,,12-07-2025 01:34 PM,12-07-2025 01:34 PM,4069,Simon BÈgin <67952005.bxtw>,Simon BÈgin <67952005.bxtw>
73028,Promenades Saint-Bruno / face √† la porte 6,H-C,Actif,Aucun visuel affich√©,,12-07-2025 01:34 PM,12-07-2025 01:34 PM,4070,Simon BÈgin <67952005.bxtw>,Simon BÈgin <67952005.bxtw>
73029,Sir-Wilfrid-Laurier / de Chambly,H-C,Actif,Aucun visuel affich√©,,12-07-2025 01:34 PM,12-07-2025 01:34 PM,4071,Simon BÈgin <67952005.bxtw>,Simon BÈgin <67952005.bxtw>
73030,Sir-Wilfrid-Laurier / de Chambly,H-C,Actif,Aucun visuel affich√©,,12-07-2025 01:34 PM,12-07-2025 01:34 PM,4072,Simon BÈgin <67952005.bxtw>,Simon BÈgin <67952005.bxtw>
73031,Taschereau / Jean-Bariteau,H-C,Actif,Aucun visuel affich√©,,12-07-2025 01:34 PM,12-07-2025 01:34 PM,4073,Simon BÈgin <67952005.bxtw>,Simon BÈgin <67952005.bxtw>
73032,Taschereau / Manseau,H-C,Actif,Aucun visuel affich√©,,12-07-2025 01:34 PM,12-07-2025 01:34 PM,4074,Simon BÈgin <67952005.bxtw>,Simon BÈgin <67952005.bxtw>
73033,La Fayette / Saint-Charles Ouest,H-C,Actif,Aucun visuel affich√©,,12-07-2025 01:34 PM,12-07-2025 01:34 PM,4075,Simon BÈgin <67952005.bxtw>,Simon BÈgin <67952005.bxtw>
73034,La Fayette / Saint-Charles Ouest,H-C,Actif,Aucun visuel affich√©,,12-07-2025 01:34 PM,12-07-2025 01:34 PM,4076,Simon BÈgin <67952005.bxtw>,Simon BÈgin <67952005.bxtw>
73035,Taschereau / Logan,H-C,Actif,Aucun visuel affich√©,,12-07-2025 01:34 PM,12-07-2025 01:34 PM,4077,Simon BÈgin <67952005.bxtw>,Simon BÈgin <67952005.bxtw>
73037,C√©gep √âdouard-Montpetit,H-C,Actif,Aucun visuel affich√©,,12-07-2025 01:34 PM,12-07-2025 01:34 PM,4078,Simon BÈgin <67952005.bxtw>,Simon BÈgin <67952005.bxtw>
73038,Tiffin / devant le Coll√®ge Charles-Lemoyne,H-C,Actif,Aucun visuel affich√©,,12-07-2025 01:34 PM,12-07-2025 01:34 PM,4079,Simon BÈgin <67952005.bxtw>,Simon BÈgin <67952005.bxtw>
73039,C√¥t√© / face au 290,H-C,Actif,Aucun visuel affich√©,,12-07-2025 01:34 PM,12-07-2025 01:34 PM,4080,Simon BÈgin <67952005.bxtw>,Simon BÈgin <67952005.bxtw>
73040,Tiffin / devant le Coll√®ge N.-D.-L.,H-C,Actif,Aucun visuel affich√©,,12-07-2025 01:34 PM,12-07-2025 01:34 PM,4081,Simon BÈgin <67952005.bxtw>,Simon BÈgin <67952005.bxtw>
73042,Tiffin / Saint-Charles Ouest,H-C,Actif,Aucun visuel affich√©,,12-07-2025 01:34 PM,12-07-2025 01:34 PM,4082,Simon BÈgin <67952005.bxtw>,Simon BÈgin <67952005.bxtw>
73046,Bernard Pilon / Trudeau,H-C,Actif,Aucun visuel affich√©,,12-07-2025 01:34 PM,12-07-2025 01:34 PM,4083,Simon BÈgin <67952005.bxtw>,Simon BÈgin <67952005.bxtw>
73047,Bernard-Pilon / Trudeau,H-C,Actif,Aucun visuel affich√©,,12-07-2025 01:34 PM,12-07-2025 01:34 PM,4084,Simon BÈgin <67952005.bxtw>,Simon BÈgin <67952005.bxtw>
73048,Gare Mont-Saint-Hilaire - Quai 2,H-C,Actif,Aucun visuel affich√©,,12-07-2025 01:34 PM,12-07-2025 01:34 PM,4085,Simon BÈgin <67952005.bxtw>,Simon BÈgin <67952005.bxtw>
73049,Gare Mont-Saint-Hilaire - Quai 4,H-C,Actif,Aucun visuel affich√©,,12-07-2025 01:34 PM,12-07-2025 01:34 PM,4086,Simon BÈgin <67952005.bxtw>,Simon BÈgin <67952005.bxtw>
73051,Gare Saint-Basile-le-Grand- Quai 1,H-C,Actif,Aucun visuel affich√©,,12-07-2025 01:34 PM,12-07-2025 01:34 PM,4087,Simon BÈgin <67952005.bxtw>,Simon BÈgin <67952005.bxtw>
73053,du Mill√©naire / devant le 1200,H-C,Actif,Aucun visuel affich√©,,12-07-2025 01:34 PM,12-07-2025 01:34 PM,4088,Simon BÈgin <67952005.bxtw>,Simon BÈgin <67952005.bxtw>
73054,du Mill√©naire / devant le 1100,H-C,Actif,Aucun visuel affich√©,,12-07-2025 01:34 PM,12-07-2025 01:34 PM,4089,Simon BÈgin <67952005.bxtw>,Simon BÈgin <67952005.bxtw>
73055,Bella-Vista / Principale,H-C,Actif,Aucun visuel affich√©,,12-07-2025 01:34 PM,12-07-2025 01:34 PM,4090,Simon BÈgin <67952005.bxtw>,Simon BÈgin <67952005.bxtw>
73056,Bella-Vista / devant l'Ar√©na Jean-Rougeau,H-C,Actif,Aucun visuel affich√©,,12-07-2025 01:34 PM,12-07-2025 01:34 PM,4091,Simon BÈgin <67952005.bxtw>,Simon BÈgin <67952005.bxtw>
73057,Bella-Vista / Fran√ßois-Mass√©,H-C,Actif,Aucun visuel affich√©,,12-07-2025 01:34 PM,12-07-2025 01:34 PM,4092,Simon BÈgin <67952005.bxtw>,Simon BÈgin <67952005.bxtw>
73058,Bella-Vista / des Pinsons,H-C,Actif,Aucun visuel affich√©,,12-07-2025 01:34 PM,12-07-2025 01:34 PM,4093,Simon BÈgin <67952005.bxtw>,Simon BÈgin <67952005.bxtw>
73059,Bella-Vista / des Hirondelles,H-C,Actif,Aucun visuel affich√©,,12-07-2025 01:34 PM,12-07-2025 01:34 PM,4094,Simon BÈgin <67952005.bxtw>,Simon BÈgin <67952005.bxtw>
73060,des Cygnes / des Fauvettes,H-C,Actif,Aucun visuel affich√©,,12-07-2025 01:34 PM,12-07-2025 01:34 PM,4095,Simon BÈgin <67952005.bxtw>,Simon BÈgin <67952005.bxtw>
73061,des Fauvettes / des Grives,H-C,Actif,Aucun visuel affich√©,,12-07-2025 01:34 PM,12-07-2025 01:34 PM,4096,Simon BÈgin <67952005.bxtw>,Simon BÈgin <67952005.bxtw>
73062,des Fauvettes / des Pigeons,H-C,Actif,Aucun visuel affich√©,,12-07-2025 01:34 PM,12-07-2025 01:34 PM,4097,Simon BÈgin <67952005.bxtw>,Simon BÈgin <67952005.bxtw>
73063,des Hirondelles / des Pigeons,H-C,Actif,Aucun visuel affich√©,,12-07-2025 01:34 PM,12-07-2025 01:34 PM,4098,Simon BÈgin <67952005.bxtw>,Simon BÈgin <67952005.bxtw>
73064,des Pinsons / des Go√©lands,H-C,Actif,Aucun visuel affich√©,,12-07-2025 01:34 PM,12-07-2025 01:34 PM,4099,Simon BÈgin <67952005.bxtw>,Simon BÈgin <67952005.bxtw>
73065,des Pinsons / Dupras,H-C,Actif,Aucun visuel affich√©,,12-07-2025 01:34 PM,12-07-2025 01:34 PM,4100,Simon BÈgin <67952005.bxtw>,Simon BÈgin <67952005.bxtw>
73066,Dupras / Corbeil,H-C,Actif,Aucun visuel affich√©,,12-07-2025 01:34 PM,12-07-2025 01:34 PM,4101,Simon BÈgin <67952005.bxtw>,Simon BÈgin <67952005.bxtw>
73067,Corbeil / des Hirondelles,H-C,Actif,Aucun visuel affich√©,,12-07-2025 01:34 PM,12-07-2025 01:34 PM,4102,Simon BÈgin <67952005.bxtw>,Simon BÈgin <67952005.bxtw>
73068,des Hirondelles / Basile-Daigneault,H-C,Actif,Aucun visuel affich√©,,12-07-2025 01:34 PM,12-07-2025 01:34 PM,4103,Simon BÈgin <67952005.bxtw>,Simon BÈgin <67952005.bxtw>
73069,Basile-Daigneault / des Cerisiers,H-C,Actif,Aucun visuel affich√©,,12-07-2025 01:34 PM,12-07-2025 01:34 PM,4104,Simon BÈgin <67952005.bxtw>,Simon BÈgin <67952005.bxtw>
73070,Basile-Daigneault / Dupras,H-C,Actif,Aucun visuel affich√©,,12-07-2025 01:34 PM,12-07-2025 01:34 PM,4105,Simon BÈgin <67952005.bxtw>,Simon BÈgin <67952005.bxtw>
73071,Saint-Louis / de Longueuil,H-C,Actif,Aucun visuel affich√©,,12-07-2025 01:34 PM,12-07-2025 01:34 PM,4106,Simon BÈgin <67952005.bxtw>,Simon BÈgin <67952005.bxtw>
73072,de Longueuil / Principale,H-C,Actif,Aucun visuel affich√©,,12-07-2025 01:34 PM,12-07-2025 01:34 PM,4107,Simon BÈgin <67952005.bxtw>,Simon BÈgin <67952005.bxtw>
73073,Principale / Mont√©e Robert,H-C,Actif,Aucun visuel affich√©,,12-07-2025 01:34 PM,12-07-2025 01:34 PM,4108,Simon BÈgin <67952005.bxtw>,Simon BÈgin <67952005.bxtw>
73074,Principale / Lapalme,H-C,Actif,Aucun visuel affich√©,,12-07-2025 01:34 PM,12-07-2025 01:34 PM,4109,Simon BÈgin <67952005.bxtw>,Simon BÈgin <67952005.bxtw>
73075,Lapalme / Savaria,H-C,Actif,Aucun visuel affich√©,,12-07-2025 01:34 PM,12-07-2025 01:34 PM,4110,Simon BÈgin <67952005.bxtw>,Simon BÈgin <67952005.bxtw>
73076,Savaria / des Ormes,H-C,Actif,Aucun visuel affich√©,,12-07-2025 01:34 PM,12-07-2025 01:34 PM,4111,Simon BÈgin <67952005.bxtw>,Simon BÈgin <67952005.bxtw>
73077,des Tilleuls / des Peupliers,H-C,Actif,Aucun visuel affich√©,,12-07-2025 01:34 PM,12-07-2025 01:34 PM,4112,Simon BÈgin <67952005.bxtw>,Simon BÈgin <67952005.bxtw>
73078,des Trembles / des Ch√™nes,H-C,Actif,Aucun visuel affich√©,,12-07-2025 01:34 PM,12-07-2025 01:34 PM,4113,Simon BÈgin <67952005.bxtw>,Simon BÈgin <67952005.bxtw>
73079,Saint-Louis / Mont√©e Robert,H-C,Actif,Aucun visuel affich√©,,12-07-2025 01:34 PM,12-07-2025 01:34 PM,4114,Simon BÈgin <67952005.bxtw>,Simon BÈgin <67952005.bxtw>
73080,Rang des Vingt / du Mill√©naire,H-C,Actif,Aucun visuel affich√©,,12-07-2025 01:34 PM,12-07-2025 01:34 PM,4115,Simon BÈgin <67952005.bxtw>,Simon BÈgin <67952005.bxtw>
73081,Rang des Vingt / Taillon Ouest,H-C,Actif,Aucun visuel affich√©,,12-07-2025 01:34 PM,12-07-2025 01:34 PM,4116,Simon BÈgin <67952005.bxtw>,Simon BÈgin <67952005.bxtw>
73082,Taillon Ouest / Bresse,H-C,Actif,Aucun visuel affich√©,,12-07-2025 01:34 PM,12-07-2025 01:34 PM,4117,Simon BÈgin <67952005.bxtw>,Simon BÈgin <67952005.bxtw>
73083,Bresse / Belainsky,H-C,Actif,Aucun visuel affich√©,,12-07-2025 01:34 PM,12-07-2025 01:34 PM,4118,Simon BÈgin <67952005.bxtw>,Simon BÈgin <67952005.bxtw>
73084,Belainsky / Lafrance Ouest,H-C,Actif,Aucun visuel affich√©,,12-07-2025 01:34 PM,12-07-2025 01:34 PM,4119,Simon BÈgin <67952005.bxtw>,Simon BÈgin <67952005.bxtw>
73085,Lafrance Ouest / Montpelier,H-C,Actif,Aucun visuel affich√©,,12-07-2025 01:34 PM,12-07-2025 01:34 PM,4120,Simon BÈgin <67952005.bxtw>,Simon BÈgin <67952005.bxtw>
73086,de Montpellier / Mont√©e des Trinitaires,H-C,Actif,Aucun visuel affich√©,,12-07-2025 01:34 PM,12-07-2025 01:34 PM,4121,Simon BÈgin <67952005.bxtw>,Simon BÈgin <67952005.bxtw>
73087,Mont√©e des Trinitaires / de Flandre,H-C,Actif,Aucun visuel affich√©,,12-07-2025 01:34 PM,12-07-2025 01:34 PM,4122,Simon BÈgin <67952005.bxtw>,Simon BÈgin <67952005.bxtw>
73088,Mont√©e des Trinitaires / de Touraine,H-C,Actif,Aucun visuel affich√©,,12-07-2025 01:34 PM,12-07-2025 01:34 PM,4123,Simon BÈgin <67952005.bxtw>,Simon BÈgin <67952005.bxtw>
73089,de Touraine / de Normandie,H-C,Actif,Aucun visuel affich√©,,12-07-2025 01:34 PM,12-07-2025 01:34 PM,4124,Simon BÈgin <67952005.bxtw>,Simon BÈgin <67952005.bxtw>
73090,de Touraine / du Limousin,H-C,Actif,Aucun visuel affich√©,,12-07-2025 01:34 PM,12-07-2025 01:34 PM,4125,Simon BÈgin <67952005.bxtw>,Simon BÈgin <67952005.bxtw>
73091,de Touraine / de la Montagne,H-C,Actif,Aucun visuel affich√©,,12-07-2025 01:34 PM,12-07-2025 01:34 PM,4126,Simon BÈgin <67952005.bxtw>,Simon BÈgin <67952005.bxtw>
73092,de la Montagne / des Pr√©s,H-C,Actif,Aucun visuel affich√©,,12-07-2025 01:34 PM,12-07-2025 01:34 PM,4127,Simon BÈgin <67952005.bxtw>,Simon BÈgin <67952005.bxtw>
73093,de la Montagne / de Montpellier,H-C,Actif,Aucun visuel affich√©,,12-07-2025 01:34 PM,12-07-2025 01:34 PM,4128,Simon BÈgin <67952005.bxtw>,Simon BÈgin <67952005.bxtw>
73094,de Montpellier / de Bretagne,H-C,Actif,Aucun visuel affich√©,,12-07-2025 01:34 PM,12-07-2025 01:34 PM,4129,Simon BÈgin <67952005.bxtw>,Simon BÈgin <67952005.bxtw>
73095,de Bretagne / Champagne,H-C,Actif,Aucun visuel affich√©,,12-07-2025 01:34 PM,12-07-2025 01:34 PM,4130,Simon BÈgin <67952005.bxtw>,Simon BÈgin <67952005.bxtw>
73096,Champagne / Mont√©e des Trinitaires,H-C,Actif,Aucun visuel affich√©,,12-07-2025 01:34 PM,12-07-2025 01:34 PM,4131,Simon BÈgin <67952005.bxtw>,Simon BÈgin <67952005.bxtw>
73097,Bernard-Pilon / Cartier,H-C,Actif,Aucun visuel affich√©,,12-07-2025 01:34 PM,12-07-2025 01:34 PM,4132,Simon BÈgin <67952005.bxtw>,Simon BÈgin <67952005.bxtw>
73098,Bernard-Pilon / Cartier,H-C,Actif,Aucun visuel affich√©,,12-07-2025 01:34 PM,12-07-2025 01:34 PM,4133,Simon BÈgin <67952005.bxtw>,Simon BÈgin <67952005.bxtw>
73101,Sir-Wilfrid-Laurier / T√©trault,H-C,Actif,Aucun visuel affich√©,,12-07-2025 01:34 PM,12-07-2025 01:34 PM,4134,Simon BÈgin <67952005.bxtw>,Simon BÈgin <67952005.bxtw>
73102,Sir-Wilfrid-Laurier / T√©trault,H-C,Actif,Aucun visuel affich√©,,12-07-2025 01:34 PM,12-07-2025 01:34 PM,4135,Simon BÈgin <67952005.bxtw>,Simon BÈgin <67952005.bxtw>
73103,Laurier / Maple,H-C,Actif,Aucun visuel affich√©,,12-07-2025 01:34 PM,12-07-2025 01:34 PM,4136,Simon BÈgin <67952005.bxtw>,Simon BÈgin <67952005.bxtw>
73104,Sir-Wilfrid-Laurier / Maple,H-C,Actif,Aucun visuel affich√©,,12-07-2025 01:34 PM,12-07-2025 01:34 PM,4137,Simon BÈgin <67952005.bxtw>,Simon BÈgin <67952005.bxtw>
73105,Gare McMasterville - Quai 3,H-C,Actif,Aucun visuel affich√©,,12-07-2025 01:34 PM,12-07-2025 01:34 PM,4138,Simon BÈgin <67952005.bxtw>,Simon BÈgin <67952005.bxtw>
73107,Laurier Ouest / Casavant,H-C,Actif,Aucun visuel affich√©,,12-07-2025 01:34 PM,12-07-2025 01:34 PM,4139,Simon BÈgin <67952005.bxtw>,Simon BÈgin <67952005.bxtw>
73108,Laurier Ouest / Casavant,H-C,Actif,Aucun visuel affich√©,,12-07-2025 01:34 PM,12-07-2025 01:34 PM,4140,Simon BÈgin <67952005.bxtw>,Simon BÈgin <67952005.bxtw>
73120,Stationnement incitatif Beloeil - Quai Taxi,H-C,Actif,Aucun visuel affich√©,,12-07-2025 01:34 PM,12-07-2025 01:34 PM,4141,Simon BÈgin <67952005.bxtw>,Simon BÈgin <67952005.bxtw>
73121,Choquette / Yvon-L'Heureux Nord,H-C,Actif,Aucun visuel affich√©,,12-07-2025 01:34 PM,12-07-2025 01:34 PM,4142,Simon BÈgin <67952005.bxtw>,Simon BÈgin <67952005.bxtw>
73122,Yvon-L'Heureux Nord / Dumas,H-C,Actif,Aucun visuel affich√©,,12-07-2025 01:34 PM,12-07-2025 01:34 PM,4143,Simon BÈgin <67952005.bxtw>,Simon BÈgin <67952005.bxtw>
73123,Yvon-L'Heureux Nord / Goulet,H-C,Actif,Aucun visuel affich√©,,12-07-2025 01:34 PM,12-07-2025 01:34 PM,4144,Simon BÈgin <67952005.bxtw>,Simon BÈgin <67952005.bxtw>
73124,Yvon-L'Heureux Nord / des Ch√™nes,H-C,Actif,Aucun visuel affich√©,,12-07-2025 01:34 PM,12-07-2025 01:34 PM,4145,Simon BÈgin <67952005.bxtw>,Simon BÈgin <67952005.bxtw>
73125,Yvon-L'Heureux Nord / Lechasseur,H-C,Actif,Aucun visuel affich√©,,12-07-2025 01:34 PM,12-07-2025 01:34 PM,4146,Simon BÈgin <67952005.bxtw>,Simon BÈgin <67952005.bxtw>
73126,Lechasseur / Radisson,H-C,Actif,Aucun visuel affich√©,,12-07-2025 01:34 PM,12-07-2025 01:34 PM,4147,Simon BÈgin <67952005.bxtw>,Simon BÈgin <67952005.bxtw>
73136,Serge-P√©pin / Andr√©-Labadie,H-C,Actif,Aucun visuel affich√©,,12-07-2025 01:34 PM,12-07-2025 01:34 PM,4148,Simon BÈgin <67952005.bxtw>,Simon BÈgin <67952005.bxtw>
73139,de l'Industrie / des Forges,H-C,Actif,Aucun visuel affich√©,,12-07-2025 01:34 PM,12-07-2025 01:34 PM,4149,Simon BÈgin <67952005.bxtw>,Simon BÈgin <67952005.bxtw>
73140,de l'Industrie / devant le 1085,H-C,Actif,Aucun visuel affich√©,,12-07-2025 01:34 PM,12-07-2025 01:34 PM,4150,Simon BÈgin <67952005.bxtw>,Simon BÈgin <67952005.bxtw>
73143,de l'Industrie / devant le 1633,H-C,Actif,Aucun visuel affich√©,,12-07-2025 01:34 PM,12-07-2025 01:34 PM,4151,Simon BÈgin <67952005.bxtw>,Simon BÈgin <67952005.bxtw>
73161,Bernard-Pilon / Dupr√©,H-C,Actif,Aucun visuel affich√©,,12-07-2025 01:34 PM,12-07-2025 01:34 PM,4152,Simon BÈgin <67952005.bxtw>,Simon BÈgin <67952005.bxtw>
73162,Dupr√© / Choquette,H-C,Actif,Aucun visuel affich√©,,12-07-2025 01:34 PM,12-07-2025 01:34 PM,4153,Simon BÈgin <67952005.bxtw>,Simon BÈgin <67952005.bxtw>
73163,Choquette / F.-X.-Garneau,H-C,Actif,Aucun visuel affich√©,,12-07-2025 01:34 PM,12-07-2025 01:34 PM,4154,Simon BÈgin <67952005.bxtw>,Simon BÈgin <67952005.bxtw>
73166,Radisson / Boull√©,H-C,Actif,Aucun visuel affich√©,,12-07-2025 01:34 PM,12-07-2025 01:34 PM,4155,Simon BÈgin <67952005.bxtw>,Simon BÈgin <67952005.bxtw>
73167,Radisson / Saint-Jean-Baptiste,H-C,Actif,Aucun visuel affich√©,,12-07-2025 01:34 PM,12-07-2025 01:34 PM,4156,Simon BÈgin <67952005.bxtw>,Simon BÈgin <67952005.bxtw>
73168,Carmen-Bienvenu / devant le 135,H-C,Actif,Aucun visuel affich√©,,12-07-2025 01:34 PM,12-07-2025 01:34 PM,4157,Simon BÈgin <67952005.bxtw>,Simon BÈgin <67952005.bxtw>
73169,Adrien-Provencher / Armand-Lamoureux,H-C,Actif,Aucun visuel affich√©,,12-07-2025 01:34 PM,12-07-2025 01:34 PM,4158,Simon BÈgin <67952005.bxtw>,Simon BÈgin <67952005.bxtw>
73170,Adrien-Provencher / Maurice-Auclair,H-C,Actif,Aucun visuel affich√©,,12-07-2025 01:34 PM,12-07-2025 01:34 PM,4159,Simon BÈgin <67952005.bxtw>,Simon BÈgin <67952005.bxtw>
73171,Adrien-Provencher / Jean-Luc-Beaul√©,H-C,Actif,Aucun visuel affich√©,,12-07-2025 01:34 PM,12-07-2025 01:34 PM,4160,Simon BÈgin <67952005.bxtw>,Simon BÈgin <67952005.bxtw>
73172,B√©noni-Robert / Ange-Aim√©-Lebrun,H-C,Actif,Aucun visuel affich√©,,12-07-2025 01:34 PM,12-07-2025 01:34 PM,4161,Simon BÈgin <67952005.bxtw>,Simon BÈgin <67952005.bxtw>
73177,Lapointe / Bourgeois,H-C,Actif,Aucun visuel affich√©,,12-07-2025 01:34 PM,12-07-2025 01:34 PM,4162,Simon BÈgin <67952005.bxtw>,Simon BÈgin <67952005.bxtw>
73178,Lapointe / Gounod,H-C,Actif,Aucun visuel affich√©,,12-07-2025 01:34 PM,12-07-2025 01:34 PM,4163,Simon BÈgin <67952005.bxtw>,Simon BÈgin <67952005.bxtw>
73199,Bernard-Pilon / Constable,H-C,Actif,Aucun visuel affich√©,,12-07-2025 01:34 PM,12-07-2025 01:34 PM,4164,Simon BÈgin <67952005.bxtw>,Simon BÈgin <67952005.bxtw>
73200,Bernard-Pilon / De La Salle,H-C,Actif,Aucun visuel affich√©,,12-07-2025 01:34 PM,12-07-2025 01:34 PM,4165,Simon BÈgin <67952005.bxtw>,Simon BÈgin <67952005.bxtw>
73201,Sir-Wilfrid-Laurier / Bernard-Pilon,H-C,Actif,Aucun visuel affich√©,,12-07-2025 01:34 PM,12-07-2025 01:34 PM,4166,Simon BÈgin <67952005.bxtw>,Simon BÈgin <67952005.bxtw>
73202,Sir-Wilfrid-Laurier / Bernard-Pilon,H-C,Actif,Aucun visuel affich√©,,12-07-2025 01:34 PM,12-07-2025 01:34 PM,4167,Simon BÈgin <67952005.bxtw>,Simon BÈgin <67952005.bxtw>
73203,Sir-Wilfrid-Laurier / Choquette,H-C,Actif,Aucun visuel affich√©,,12-07-2025 01:34 PM,12-07-2025 01:34 PM,4168,Simon BÈgin <67952005.bxtw>,Simon BÈgin <67952005.bxtw>
73204,Sir-Wilfrid-Laurier / Choquette,H-C,Actif,Aucun visuel affich√©,,12-07-2025 01:34 PM,12-07-2025 01:34 PM,4169,Simon BÈgin <67952005.bxtw>,Simon BÈgin <67952005.bxtw>
73205,Sir-Wilfrid-Laurier / Jean-Talon,H-C,Actif,Aucun visuel affich√©,,12-07-2025 01:34 PM,12-07-2025 01:34 PM,4170,Simon BÈgin <67952005.bxtw>,Simon BÈgin <67952005.bxtw>
73206,Sir-Wilfrid-Laurier / Jean-Talon,H-C,Actif,Aucun visuel affich√©,,12-07-2025 01:34 PM,12-07-2025 01:34 PM,4171,Simon BÈgin <67952005.bxtw>,Simon BÈgin <67952005.bxtw>
73207,Sir-Wilfrid-Laurier / La Fontaine,H-C,Actif,Aucun visuel affich√©,,12-07-2025 01:34 PM,12-07-2025 01:34 PM,4172,Simon BÈgin <67952005.bxtw>,Simon BÈgin <67952005.bxtw>
73208,Sir-Wilfrid-Laurier / Hertel,H-C,Actif,Aucun visuel affich√©,,12-07-2025 01:34 PM,12-07-2025 01:34 PM,4173,Simon BÈgin <67952005.bxtw>,Simon BÈgin <67952005.bxtw>
73209,Sir-Wilfrid-Laurier / Saint-Laurent,H-C,Actif,Aucun visuel affich√©,,12-07-2025 01:34 PM,12-07-2025 01:34 PM,4174,Simon BÈgin <67952005.bxtw>,Simon BÈgin <67952005.bxtw>
73210,Lapointe / Saint-Jean-Baptiste,H-C,Actif,Aucun visuel affich√©,,12-07-2025 01:34 PM,12-07-2025 01:34 PM,4175,Simon BÈgin <67952005.bxtw>,Simon BÈgin <67952005.bxtw>
73211,Sir-Wilfrid-Laurier / face au Mail Montenach,H-C,Actif,Aucun visuel affich√©,,12-07-2025 01:34 PM,12-07-2025 01:34 PM,4176,Simon BÈgin <67952005.bxtw>,Simon BÈgin <67952005.bxtw>
73212,Sir-Wilfrid-Laurier / devant le Mail Montenach,H-C,Actif,Aucun visuel affich√©,,12-07-2025 01:34 PM,12-07-2025 01:34 PM,4177,Simon BÈgin <67952005.bxtw>,Simon BÈgin <67952005.bxtw>
73213,Sir-Wilfrid-Laurier / devant le 665,H-C,Actif,Aucun visuel affich√©,,12-07-2025 01:34 PM,12-07-2025 01:34 PM,4178,Simon BÈgin <67952005.bxtw>,Simon BÈgin <67952005.bxtw>
73214,Sir-Wilfrid-Laurier / Laurier,H-C,Actif,Aucun visuel affich√©,,12-07-2025 01:34 PM,12-07-2025 01:34 PM,4179,Simon BÈgin <67952005.bxtw>,Simon BÈgin <67952005.bxtw>
73215,Sir-Wilfrid-Laurier / Lechasseur,H-C,Actif,Aucun visuel affich√©,,12-07-2025 01:34 PM,12-07-2025 01:34 PM,4180,Simon BÈgin <67952005.bxtw>,Simon BÈgin <67952005.bxtw>
73216,Sir-Wilfrid-Laurier / Lechasseur,H-C,Actif,Aucun visuel affich√©,,12-07-2025 01:34 PM,12-07-2025 01:34 PM,4181,Simon BÈgin <67952005.bxtw>,Simon BÈgin <67952005.bxtw>
73218,Stationnement Beloeil (ch. de l'Industrie),H-C,Actif,Aucun visuel affich√©,,12-07-2025 01:34 PM,12-07-2025 01:34 PM,4182,Simon BÈgin <67952005.bxtw>,Simon BÈgin <67952005.bxtw>
73220,Bernard-Pilon / Yvon-L'Heureux Nord,H-C,Actif,Aucun visuel affich√©,,12-07-2025 01:34 PM,12-07-2025 01:34 PM,4183,Simon BÈgin <67952005.bxtw>,Simon BÈgin <67952005.bxtw>
73221,Bernard-Pilon / Yvon-L'Heureux Sud,H-C,Actif,Aucun visuel affich√©,,12-07-2025 01:34 PM,12-07-2025 01:34 PM,4184,Simon BÈgin <67952005.bxtw>,Simon BÈgin <67952005.bxtw>
73222,Lechasseur / Mail Montenach (entr√©e 6),H-C,Actif,Aucun visuel affich√©,,12-07-2025 01:34 PM,12-07-2025 01:34 PM,4185,Simon BÈgin <67952005.bxtw>,Simon BÈgin <67952005.bxtw>
73227,Radisson / Pigeon,H-C,Actif,Aucun visuel affich√©,,12-07-2025 01:34 PM,12-07-2025 01:34 PM,4186,Simon BÈgin <67952005.bxtw>,Simon BÈgin <67952005.bxtw>
73237,Saint-Jean-Baptiste / Radisson,H-C,Actif,Aucun visuel affich√©,,12-07-2025 01:34 PM,12-07-2025 01:34 PM,4187,Simon BÈgin <67952005.bxtw>,Simon BÈgin <67952005.bxtw>
73243,Cartier / Hertel,H-C,Actif,Aucun visuel affich√©,,12-07-2025 01:34 PM,12-07-2025 01:34 PM,4188,Simon BÈgin <67952005.bxtw>,Simon BÈgin <67952005.bxtw>
73244,Cartier / devant la Caisse Desjardins,H-C,Actif,Aucun visuel affich√©,,12-07-2025 01:34 PM,12-07-2025 01:34 PM,4189,Simon BÈgin <67952005.bxtw>,Simon BÈgin <67952005.bxtw>
73245,Cartier / Choquette,H-C,Actif,Aucun visuel affich√©,,12-07-2025 01:34 PM,12-07-2025 01:34 PM,4190,Simon BÈgin <67952005.bxtw>,Simon BÈgin <67952005.bxtw>
73263,Andr√©-Labadie / Carmen-Bienvenu,H-C,Actif,Aucun visuel affich√©,,12-07-2025 01:34 PM,12-07-2025 01:34 PM,4191,Simon BÈgin <67952005.bxtw>,Simon BÈgin <67952005.bxtw>
73264,Andr√©-Labadie / Gagnon,H-C,Actif,Aucun visuel affich√©,,12-07-2025 01:34 PM,12-07-2025 01:34 PM,4192,Simon BÈgin <67952005.bxtw>,Simon BÈgin <67952005.bxtw>
73265,Larose / Andr√©-Labadie,H-C,Actif,Aucun visuel affich√©,,12-07-2025 01:34 PM,12-07-2025 01:34 PM,4193,Simon BÈgin <67952005.bxtw>,Simon BÈgin <67952005.bxtw>
73271,Lechasseur / Yvon-L'Heureux Nord,H-C,Actif,Aucun visuel affich√©,,12-07-2025 01:34 PM,12-07-2025 01:34 PM,4194,Simon BÈgin <67952005.bxtw>,Simon BÈgin <67952005.bxtw>
73275,Yvon-L'Heureux Nord / Choquette,H-C,Actif,Aucun visuel affich√©,,12-07-2025 01:34 PM,12-07-2025 01:34 PM,4195,Simon BÈgin <67952005.bxtw>,Simon BÈgin <67952005.bxtw>
73281,Cartier / Bonair,H-C,Actif,Aucun visuel affich√©,,12-07-2025 01:34 PM,12-07-2025 01:34 PM,4196,Simon BÈgin <67952005.bxtw>,Simon BÈgin <67952005.bxtw>
73301,Sir-Wilfrid-Laurier / Pont Jordi-Bonet,H-C,Actif,Aucun visuel affich√©,,12-07-2025 01:34 PM,12-07-2025 01:34 PM,4197,Simon BÈgin <67952005.bxtw>,Simon BÈgin <67952005.bxtw>
73302,Sir-Wilfrid-Laurier / Pont Jordi-Bonet,H-C,Actif,Aucun visuel affich√©,,12-07-2025 01:34 PM,12-07-2025 01:34 PM,4198,Simon BÈgin <67952005.bxtw>,Simon BÈgin <67952005.bxtw>
73303,Sir-Wilfrid-Laurier / Fortier,H-C,Actif,Aucun visuel affich√©,,12-07-2025 01:34 PM,12-07-2025 01:34 PM,4199,Simon BÈgin <67952005.bxtw>,Simon BÈgin <67952005.bxtw>
73304,Sir-Wilfrid-Laurier / Saint-Georges,H-C,Actif,Aucun visuel affich√©,,12-07-2025 01:34 PM,12-07-2025 01:34 PM,4200,Simon BÈgin <67952005.bxtw>,Simon BÈgin <67952005.bxtw>
73305,Sir-Wilfrid-Laurier / Radisson,H-C,Actif,Aucun visuel affich√©,,12-07-2025 01:34 PM,12-07-2025 01:34 PM,4201,Simon BÈgin <67952005.bxtw>,Simon BÈgin <67952005.bxtw>
73306,Sir-Wilfrid-Laurier / Honorius-Charbonneau,H-C,Actif,Aucun visuel affich√©,,12-07-2025 01:34 PM,12-07-2025 01:34 PM,4202,Simon BÈgin <67952005.bxtw>,Simon BÈgin <67952005.bxtw>
73307,Sir-Wilfrid-Laurier / des Falaises,H-C,Actif,Aucun visuel affich√©,,12-07-2025 01:34 PM,12-07-2025 01:34 PM,4203,Simon BÈgin <67952005.bxtw>,Simon BÈgin <67952005.bxtw>
73308,Sir-Wilfrid-Laurier / Blain,H-C,Actif,Aucun visuel affich√©,,12-07-2025 01:34 PM,12-07-2025 01:34 PM,4204,Simon BÈgin <67952005.bxtw>,Simon BÈgin <67952005.bxtw>
73309,Sir-Wilfrid-Laurier / du Massif,H-C,Actif,Aucun visuel affich√©,,12-07-2025 01:34 PM,12-07-2025 01:34 PM,4205,Simon BÈgin <67952005.bxtw>,Simon BÈgin <67952005.bxtw>
73310,Sir-Wilfrid-Laurier / Nadeau,H-C,Actif,Aucun visuel affich√©,,12-07-2025 01:34 PM,12-07-2025 01:34 PM,4206,Simon BÈgin <67952005.bxtw>,Simon BÈgin <67952005.bxtw>
73311,Sir-Wilfrid-Laurier / Belval,H-C,Actif,Aucun visuel affich√©,,12-07-2025 01:34 PM,12-07-2025 01:34 PM,4207,Simon BÈgin <67952005.bxtw>,Simon BÈgin <67952005.bxtw>
73312,Sir-Wilfrid-Laurier / Belval,H-C,Actif,Aucun visuel affich√©,,12-07-2025 01:34 PM,12-07-2025 01:34 PM,4208,Simon BÈgin <67952005.bxtw>,Simon BÈgin <67952005.bxtw>
73313,Sir-Wilfrid-Laurier / Bois√©e,H-C,Actif,Aucun visuel affich√©,,12-07-2025 01:34 PM,12-07-2025 01:34 PM,4209,Simon BÈgin <67952005.bxtw>,Simon BÈgin <67952005.bxtw>
73314,Sir-Wilfrid-Laurier / Bois√©e,H-C,Actif,Aucun visuel affich√©,,12-07-2025 01:34 PM,12-07-2025 01:34 PM,4210,Simon BÈgin <67952005.bxtw>,Simon BÈgin <67952005.bxtw>
73315,Sir-Wilfrid-Laurier / Lavoie,H-C,Actif,Aucun visuel affich√©,,12-07-2025 01:34 PM,12-07-2025 01:34 PM,4211,Simon BÈgin <67952005.bxtw>,Simon BÈgin <67952005.bxtw>
73316,Sir-Wilfrid-Laurier / Grande All√©e,H-C,Actif,Aucun visuel affich√©,,12-07-2025 01:34 PM,12-07-2025 01:34 PM,4212,Simon BÈgin <67952005.bxtw>,Simon BÈgin <67952005.bxtw>
73317,Sir-Wilfrid-Laurier / des Bernaches,H-C,Actif,Aucun visuel affich√©,,12-07-2025 01:34 PM,12-07-2025 01:34 PM,4213,Simon BÈgin <67952005.bxtw>,Simon BÈgin <67952005.bxtw>
73318,Sir-Wilfrid-Laurier / des Bernaches,H-C,Actif,Aucun visuel affich√©,,12-07-2025 01:34 PM,12-07-2025 01:34 PM,4214,Simon BÈgin <67952005.bxtw>,Simon BÈgin <67952005.bxtw>
73319,Sir-Wilfrid-Laurier / Authier,H-C,Actif,Aucun visuel affich√©,,12-07-2025 01:34 PM,12-07-2025 01:34 PM,4215,Simon BÈgin <67952005.bxtw>,Simon BÈgin <67952005.bxtw>
73320,Sir-Wilfrid-Laurier / Authier,H-C,Actif,Aucun visuel affich√©,,12-07-2025 01:34 PM,12-07-2025 01:34 PM,4216,Simon BÈgin <67952005.bxtw>,Simon BÈgin <67952005.bxtw>
73321,Sir-Wilfrid-Laurier / Rouillard,H-C,Actif,Aucun visuel affich√©,,12-07-2025 01:34 PM,12-07-2025 01:34 PM,4217,Simon BÈgin <67952005.bxtw>,Simon BÈgin <67952005.bxtw>
73322,Sir-Wilfrid-Laurier / Rouillard,H-C,Actif,Aucun visuel affich√©,,12-07-2025 01:34 PM,12-07-2025 01:34 PM,4218,Simon BÈgin <67952005.bxtw>,Simon BÈgin <67952005.bxtw>
73323,Sir-Wilfrid-Laurier / Beno√Æt,H-C,Actif,Aucun visuel affich√©,,12-07-2025 01:34 PM,12-07-2025 01:34 PM,4219,Simon BÈgin <67952005.bxtw>,Simon BÈgin <67952005.bxtw>
73324,Sir-Wilfrid-Laurier / Beno√Æt,H-C,Actif,Aucun visuel affich√©,,12-07-2025 01:34 PM,12-07-2025 01:34 PM,4220,Simon BÈgin <67952005.bxtw>,Simon BÈgin <67952005.bxtw>
73329,Pratte / du Sacr√©-C≈ìur Ouest,H-C,Actif,Aucun visuel affich√©,,12-07-2025 01:34 PM,12-07-2025 01:34 PM,4221,Simon BÈgin <67952005.bxtw>,Simon BÈgin <67952005.bxtw>
73333,Ozias-Leduc / Paul-√âmile-Borduas,H-C,Actif,Aucun visuel affich√©,,12-07-2025 01:34 PM,12-07-2025 01:34 PM,4222,Simon BÈgin <67952005.bxtw>,Simon BÈgin <67952005.bxtw>
73334,Ozias-Leduc / de la Montagne,H-C,Actif,Aucun visuel affich√©,,12-07-2025 01:34 PM,12-07-2025 01:34 PM,4223,Simon BÈgin <67952005.bxtw>,Simon BÈgin <67952005.bxtw>
73340,H√©bert / de Grenoble,H-C,Actif,Aucun visuel affich√©,,12-07-2025 01:34 PM,12-07-2025 01:34 PM,4224,Simon BÈgin <67952005.bxtw>,Simon BÈgin <67952005.bxtw>
73357,Ozias-Leduc / F√©lix-Leclerc,H-C,Actif,Aucun visuel affich√©,,12-07-2025 01:34 PM,12-07-2025 01:34 PM,4225,Simon BÈgin <67952005.bxtw>,Simon BÈgin <67952005.bxtw>
73367,Fortier / Charlevoix,H-C,Actif,Aucun visuel affich√©,,12-07-2025 01:34 PM,12-07-2025 01:34 PM,4226,Simon BÈgin <67952005.bxtw>,Simon BÈgin <67952005.bxtw>
73368,Fortier / Campbell,H-C,Actif,Aucun visuel affich√©,,12-07-2025 01:34 PM,12-07-2025 01:34 PM,4227,Simon BÈgin <67952005.bxtw>,Simon BÈgin <67952005.bxtw>
73369,Fortier / Ernest-Choquette,H-C,Actif,Aucun visuel affich√©,,12-07-2025 01:34 PM,12-07-2025 01:34 PM,4228,Simon BÈgin <67952005.bxtw>,Simon BÈgin <67952005.bxtw>
73370,de Dublin / Doyle,H-C,Actif,Aucun visuel affich√©,,12-07-2025 01:34 PM,12-07-2025 01:34 PM,4229,Simon BÈgin <67952005.bxtw>,Simon BÈgin <67952005.bxtw>
73371,Lauzon / de Dublin,H-C,Actif,Aucun visuel affich√©,,12-07-2025 01:34 PM,12-07-2025 01:34 PM,4230,Simon BÈgin <67952005.bxtw>,Simon BÈgin <67952005.bxtw>
73372,de Dublin / Marie-Anne,H-C,Actif,Aucun visuel affich√©,,12-07-2025 01:34 PM,12-07-2025 01:34 PM,4231,Simon BÈgin <67952005.bxtw>,Simon BÈgin <67952005.bxtw>
73373,Hamel / du Ch√¢teau,H-C,Actif,Aucun visuel affich√©,,12-07-2025 01:34 PM,12-07-2025 01:34 PM,4232,Simon BÈgin <67952005.bxtw>,Simon BÈgin <67952005.bxtw>
73374,De Montenach / H√©bert,H-C,Actif,Aucun visuel affich√©,,12-07-2025 01:34 PM,12-07-2025 01:34 PM,4233,Simon BÈgin <67952005.bxtw>,Simon BÈgin <67952005.bxtw>
73375,H√©bert / Ringuet,H-C,Actif,Aucun visuel affich√©,,12-07-2025 01:34 PM,12-07-2025 01:34 PM,4234,Simon BÈgin <67952005.bxtw>,Simon BÈgin <67952005.bxtw>
73376,H√©bert / de Grenoble,H-C,Actif,Aucun visuel affich√©,,12-07-2025 01:34 PM,12-07-2025 01:34 PM,4235,Simon BÈgin <67952005.bxtw>,Simon BÈgin <67952005.bxtw>
73377,H√©bert / de Marseille,H-C,Actif,Aucun visuel affich√©,,12-07-2025 01:34 PM,12-07-2025 01:34 PM,4236,Simon BÈgin <67952005.bxtw>,Simon BÈgin <67952005.bxtw>
73378,Renoir / Verdi,H-C,Actif,Aucun visuel affich√©,,12-07-2025 01:34 PM,12-07-2025 01:34 PM,4237,Simon BÈgin <67952005.bxtw>,Simon BÈgin <67952005.bxtw>
73379,Verdi / √âmile-Nelligan,H-C,Actif,Aucun visuel affich√©,,12-07-2025 01:34 PM,12-07-2025 01:34 PM,4238,Simon BÈgin <67952005.bxtw>,Simon BÈgin <67952005.bxtw>
73380,de la Pommeraie / Fr√®re,H-C,Actif,Aucun visuel affich√©,,12-07-2025 01:34 PM,12-07-2025 01:34 PM,4239,Simon BÈgin <67952005.bxtw>,Simon BÈgin <67952005.bxtw>
73381,F√©lix-Leclerc / face au rond-point,H-C,Actif,Aucun visuel affich√©,,12-07-2025 01:34 PM,12-07-2025 01:34 PM,4240,Simon BÈgin <67952005.bxtw>,Simon BÈgin <67952005.bxtw>
73426,des Patriotes Sud / Mont√©e des Trente,H-C,Actif,Aucun visuel affich√©,,12-07-2025 01:34 PM,12-07-2025 01:34 PM,4241,Simon BÈgin <67952005.bxtw>,Simon BÈgin <67952005.bxtw>
73427,C√¥t√© / Mont√©e des Trente,H-C,Actif,Aucun visuel affich√©,,12-07-2025 01:34 PM,12-07-2025 01:34 PM,4242,Simon BÈgin <67952005.bxtw>,Simon BÈgin <67952005.bxtw>
73428,C√¥t√© / Mont√©e des Trente,H-C,Actif,Aucun visuel affich√©,,12-07-2025 01:34 PM,12-07-2025 01:34 PM,4243,Simon BÈgin <67952005.bxtw>,Simon BÈgin <67952005.bxtw>
73430,C√¥t√© / Pervenche,H-C,Actif,Aucun visuel affich√©,,12-07-2025 01:34 PM,12-07-2025 01:34 PM,4244,Simon BÈgin <67952005.bxtw>,Simon BÈgin <67952005.bxtw>
73432,C√¥t√© / Clifton,H-C,Actif,Aucun visuel affich√©,,12-07-2025 01:34 PM,12-07-2025 01:34 PM,4245,Simon BÈgin <67952005.bxtw>,Simon BÈgin <67952005.bxtw>
73434,des Patriotes Sud / Place du Manoir,H-C,Actif,Aucun visuel affich√©,,12-07-2025 01:34 PM,12-07-2025 01:34 PM,4246,Simon BÈgin <67952005.bxtw>,Simon BÈgin <67952005.bxtw>
73440,des Patriotes Sud / Place du Manoir,H-C,Actif,Aucun visuel affich√©,,12-07-2025 01:34 PM,12-07-2025 01:34 PM,4247,Simon BÈgin <67952005.bxtw>,Simon BÈgin <67952005.bxtw>
73446,Spiller / Ruth,H-C,Actif,Aucun visuel affich√©,,12-07-2025 01:34 PM,12-07-2025 01:34 PM,4248,Simon BÈgin <67952005.bxtw>,Simon BÈgin <67952005.bxtw>
73448,des Cigales / Spiller,H-C,Actif,Aucun visuel affich√©,,12-07-2025 01:34 PM,12-07-2025 01:34 PM,4249,Simon BÈgin <67952005.bxtw>,Simon BÈgin <67952005.bxtw>
73449,des Cigales / de Balmoral,H-C,Actif,Aucun visuel affich√©,,12-07-2025 01:34 PM,12-07-2025 01:34 PM,4250,Simon BÈgin <67952005.bxtw>,Simon BÈgin <67952005.bxtw>
73472,Mountainview / Clifton,H-C,Actif,Aucun visuel affich√©,,12-07-2025 01:34 PM,12-07-2025 01:34 PM,4251,Simon BÈgin <67952005.bxtw>,Simon BÈgin <67952005.bxtw>
73473,Mountainview / Helen,H-C,Actif,Aucun visuel affich√©,,12-07-2025 01:34 PM,12-07-2025 01:34 PM,4252,Simon BÈgin <67952005.bxtw>,Simon BÈgin <67952005.bxtw>
73474,Mountainview / Parkview,H-C,Actif,Aucun visuel affich√©,,12-07-2025 01:34 PM,12-07-2025 01:34 PM,4253,Simon BÈgin <67952005.bxtw>,Simon BÈgin <67952005.bxtw>
73475,Mountainview / du Prince-Albert,H-C,Actif,Aucun visuel affich√©,,12-07-2025 01:34 PM,12-07-2025 01:34 PM,4254,Simon BÈgin <67952005.bxtw>,Simon BÈgin <67952005.bxtw>
73476,Victoria / du Prince-Albert,H-C,Actif,Aucun visuel affich√©,,12-07-2025 01:34 PM,12-07-2025 01:34 PM,4255,Simon BÈgin <67952005.bxtw>,Simon BÈgin <67952005.bxtw>
73477,Victoria / Connaught,H-C,Actif,Aucun visuel affich√©,,12-07-2025 01:34 PM,12-07-2025 01:34 PM,4256,Simon BÈgin <67952005.bxtw>,Simon BÈgin <67952005.bxtw>
73478,Victoria / d'Oxford,H-C,Actif,Aucun visuel affich√©,,12-07-2025 01:34 PM,12-07-2025 01:34 PM,4257,Simon BÈgin <67952005.bxtw>,Simon BÈgin <67952005.bxtw>
73479,VIctoria / Gervais,H-C,Actif,Aucun visuel affich√©,,12-07-2025 01:34 PM,12-07-2025 01:34 PM,4258,Simon BÈgin <67952005.bxtw>,Simon BÈgin <67952005.bxtw>
73480,Gervais / Spiller,H-C,Actif,Aucun visuel affich√©,,12-07-2025 01:34 PM,12-07-2025 01:34 PM,4259,Simon BÈgin <67952005.bxtw>,Simon BÈgin <67952005.bxtw>
73481,Spiller / de Tadoussac,H-C,Actif,Aucun visuel affich√©,,12-07-2025 01:34 PM,12-07-2025 01:34 PM,4260,Simon BÈgin <67952005.bxtw>,Simon BÈgin <67952005.bxtw>
73482,des Cigales / des Cailles,H-C,Actif,Aucun visuel affich√©,,12-07-2025 01:34 PM,12-07-2025 01:34 PM,4261,Simon BÈgin <67952005.bxtw>,Simon BÈgin <67952005.bxtw>
73483,des Cigales / des Perdrix,H-C,Actif,Aucun visuel affich√©,,12-07-2025 01:34 PM,12-07-2025 01:34 PM,4262,Simon BÈgin <67952005.bxtw>,Simon BÈgin <67952005.bxtw>
73484,Ozias-Leduc / du Verger-T√©treault,H-C,Actif,Aucun visuel affich√©,,12-07-2025 01:34 PM,12-07-2025 01:34 PM,4263,Simon BÈgin <67952005.bxtw>,Simon BÈgin <67952005.bxtw>
73485,Elm / Ozias-Leduc,H-C,Actif,Aucun visuel affich√©,,12-07-2025 01:34 PM,12-07-2025 01:34 PM,4264,Simon BÈgin <67952005.bxtw>,Simon BÈgin <67952005.bxtw>
73486,Clifton / Copping,H-C,Actif,Aucun visuel affich√©,,12-07-2025 01:34 PM,12-07-2025 01:34 PM,4265,Simon BÈgin <67952005.bxtw>,Simon BÈgin <67952005.bxtw>
73501,Laurier / Huron,H-C,Actif,Aucun visuel affich√©,,12-07-2025 01:34 PM,12-07-2025 01:34 PM,4266,Simon BÈgin <67952005.bxtw>,Simon BÈgin <67952005.bxtw>
73502,Laurier / Huron,H-C,Actif,Aucun visuel affich√©,,12-07-2025 01:34 PM,12-07-2025 01:34 PM,4267,Simon BÈgin <67952005.bxtw>,Simon BÈgin <67952005.bxtw>
73503,Laurier / Rodrigue,H-C,Actif,Aucun visuel affich√©,,12-07-2025 01:34 PM,12-07-2025 01:34 PM,4268,Simon BÈgin <67952005.bxtw>,Simon BÈgin <67952005.bxtw>
73504,Laurier / Rodrigue,H-C,Actif,Aucun visuel affich√©,,12-07-2025 01:34 PM,12-07-2025 01:34 PM,4269,Simon BÈgin <67952005.bxtw>,Simon BÈgin <67952005.bxtw>
73505,Laurier / Rang Nord-Ouest,H-C,Actif,Aucun visuel affich√©,,12-07-2025 01:34 PM,12-07-2025 01:34 PM,4270,Simon BÈgin <67952005.bxtw>,Simon BÈgin <67952005.bxtw>
73506,Laurier / Rang Nord-Ouest,H-C,Actif,Aucun visuel affich√©,,12-07-2025 01:34 PM,12-07-2025 01:34 PM,4271,Simon BÈgin <67952005.bxtw>,Simon BÈgin <67952005.bxtw>
73507,Laurier / du Ruisseau,H-C,Actif,Aucun visuel affich√©,,12-07-2025 01:34 PM,12-07-2025 01:34 PM,4272,Simon BÈgin <67952005.bxtw>,Simon BÈgin <67952005.bxtw>
73509,Laurier / Saint-Simon,H-C,Actif,Aucun visuel affich√©,,12-07-2025 01:34 PM,12-07-2025 01:34 PM,4273,Simon BÈgin <67952005.bxtw>,Simon BÈgin <67952005.bxtw>
73510,Laurier / Saint-Simon,H-C,Actif,Aucun visuel affich√©,,12-07-2025 01:34 PM,12-07-2025 01:34 PM,4274,Simon BÈgin <67952005.bxtw>,Simon BÈgin <67952005.bxtw>
73511,Laurier / Bernard,H-C,Actif,Aucun visuel affich√©,,12-07-2025 01:34 PM,12-07-2025 01:34 PM,4275,Simon BÈgin <67952005.bxtw>,Simon BÈgin <67952005.bxtw>
73513,Laurier / de la Paix,H-C,Actif,Aucun visuel affich√©,,12-07-2025 01:34 PM,12-07-2025 01:34 PM,4276,Simon BÈgin <67952005.bxtw>,Simon BÈgin <67952005.bxtw>
73514,Laurier / de la Paix,H-C,Actif,Aucun visuel affich√©,,12-07-2025 01:34 PM,12-07-2025 01:34 PM,4277,Simon BÈgin <67952005.bxtw>,Simon BÈgin <67952005.bxtw>
73515,Laurier / Petit Rang,H-C,Actif,Aucun visuel affich√©,,12-07-2025 01:34 PM,12-07-2025 01:34 PM,4278,Simon BÈgin <67952005.bxtw>,Simon BÈgin <67952005.bxtw>
73516,Laurier / Petit Rang,H-C,Actif,Aucun visuel affich√©,,12-07-2025 01:34 PM,12-07-2025 01:34 PM,4279,Simon BÈgin <67952005.bxtw>,Simon BÈgin <67952005.bxtw>
73594,Choquette / Pinard,H-C,Actif,Aucun visuel affich√©,,12-07-2025 01:34 PM,12-07-2025 01:34 PM,4280,Simon BÈgin <67952005.bxtw>,Simon BÈgin <67952005.bxtw>
73600,C√©gep de Saint-Hyacinthe,H-C,Actif,Aucun visuel affich√©,,12-07-2025 01:34 PM,12-07-2025 01:34 PM,4281,Simon BÈgin <67952005.bxtw>,Simon BÈgin <67952005.bxtw>
73601,Laurier / Millette,H-C,Actif,Aucun visuel affich√©,,12-07-2025 01:34 PM,12-07-2025 01:34 PM,4282,Simon BÈgin <67952005.bxtw>,Simon BÈgin <67952005.bxtw>
73602,Laurier / Millette,H-C,Actif,Aucun visuel affich√©,,12-07-2025 01:34 PM,12-07-2025 01:34 PM,4283,Simon BÈgin <67952005.bxtw>,Simon BÈgin <67952005.bxtw>
73603,Laurier / Demers,H-C,Actif,Aucun visuel affich√©,,12-07-2025 01:34 PM,12-07-2025 01:34 PM,4284,Simon BÈgin <67952005.bxtw>,Simon BÈgin <67952005.bxtw>
73604,Laurier Ouest / Demers,H-C,Actif,Aucun visuel affich√©,,12-07-2025 01:34 PM,12-07-2025 01:34 PM,4285,Simon BÈgin <67952005.bxtw>,Simon BÈgin <67952005.bxtw>
73605,Laurier / Denis,H-C,Actif,Aucun visuel affich√©,,12-07-2025 01:34 PM,12-07-2025 01:34 PM,4286,Simon BÈgin <67952005.bxtw>,Simon BÈgin <67952005.bxtw>
73606,Laurier / Denis,H-C,Actif,Aucun visuel affich√©,,12-07-2025 01:34 PM,12-07-2025 01:34 PM,4287,Simon BÈgin <67952005.bxtw>,Simon BÈgin <67952005.bxtw>
73607,Laurier Ouest / de Dieppe,H-C,Actif,Aucun visuel affich√©,,12-07-2025 01:34 PM,12-07-2025 01:34 PM,4288,Simon BÈgin <67952005.bxtw>,Simon BÈgin <67952005.bxtw>
73608,Laurier Ouest / de Dieppe,H-C,Actif,Aucun visuel affich√©,,12-07-2025 01:34 PM,12-07-2025 01:34 PM,4289,Simon BÈgin <67952005.bxtw>,Simon BÈgin <67952005.bxtw>
73609,Laurier Ouest / Cr√©mazie,H-C,Actif,Aucun visuel affich√©,,12-07-2025 01:34 PM,12-07-2025 01:34 PM,4290,Simon BÈgin <67952005.bxtw>,Simon BÈgin <67952005.bxtw>
73610,Laurier Ouest / Cr√©mazie,H-C,Actif,Aucun visuel affich√©,,12-07-2025 01:34 PM,12-07-2025 01:34 PM,4291,Simon BÈgin <67952005.bxtw>,Simon BÈgin <67952005.bxtw>
73611,Laurier Ouest / Coulonge,H-C,Actif,Aucun visuel affich√©,,12-07-2025 01:34 PM,12-07-2025 01:34 PM,4292,Simon BÈgin <67952005.bxtw>,Simon BÈgin <67952005.bxtw>
73612,Laurier Ouest / Coulonge,H-C,Actif,Aucun visuel affich√©,,12-07-2025 01:34 PM,12-07-2025 01:34 PM,4293,Simon BÈgin <67952005.bxtw>,Simon BÈgin <67952005.bxtw>
73613,Laurier Ouest / Castelneau,H-C,Actif,Aucun visuel affich√©,,12-07-2025 01:34 PM,12-07-2025 01:34 PM,4294,Simon BÈgin <67952005.bxtw>,Simon BÈgin <67952005.bxtw>
73614,Laurier Ouest / Castelneau,H-C,Actif,Aucun visuel affich√©,,12-07-2025 01:34 PM,12-07-2025 01:34 PM,4295,Simon BÈgin <67952005.bxtw>,Simon BÈgin <67952005.bxtw>
73615,Bienville / Sicotte,H-C,Actif,Aucun visuel affich√©,,12-07-2025 01:34 PM,12-07-2025 01:34 PM,4296,Simon BÈgin <67952005.bxtw>,Simon BÈgin <67952005.bxtw>
73616,Boull√© / Sicotte (C√©gep),H-C,Actif,Aucun visuel affich√©,,12-07-2025 01:34 PM,12-07-2025 01:34 PM,4297,Simon BÈgin <67952005.bxtw>,Simon BÈgin <67952005.bxtw>
73617,Sicotte / face √† l'ITA,H-C,Actif,Aucun visuel affich√©,,12-07-2025 01:34 PM,12-07-2025 01:34 PM,4298,Simon BÈgin <67952005.bxtw>,Simon BÈgin <67952005.bxtw>
73618,Sicotte / devant l'ITA,H-C,Actif,Aucun visuel affich√©,,12-07-2025 01:34 PM,12-07-2025 01:34 PM,4299,Simon BÈgin <67952005.bxtw>,Simon BÈgin <67952005.bxtw>
73619,Sicotte / des V√©t√©rinaires,H-C,Actif,Aucun visuel affich√©,,12-07-2025 01:34 PM,12-07-2025 01:34 PM,4300,Simon BÈgin <67952005.bxtw>,Simon BÈgin <67952005.bxtw>
73620,Sicotte / des V√©t√©rinaires,H-C,Actif,Aucun visuel affich√©,,12-07-2025 01:34 PM,12-07-2025 01:34 PM,4301,Simon BÈgin <67952005.bxtw>,Simon BÈgin <67952005.bxtw>
73621,Sicotte / Larocque,H-C,Actif,Aucun visuel affich√©,,12-07-2025 01:34 PM,12-07-2025 01:34 PM,4302,Simon BÈgin <67952005.bxtw>,Simon BÈgin <67952005.bxtw>
73622,Sicotte / Larocque,H-C,Actif,Aucun visuel affich√©,,12-07-2025 01:34 PM,12-07-2025 01:34 PM,4303,Simon BÈgin <67952005.bxtw>,Simon BÈgin <67952005.bxtw>
73623,Dessaulles / Choquette,H-C,Actif,Aucun visuel affich√©,,12-07-2025 01:34 PM,12-07-2025 01:34 PM,4304,Simon BÈgin <67952005.bxtw>,Simon BÈgin <67952005.bxtw>
73624,Dessaulles / Desaulniers,H-C,Actif,Aucun visuel affich√©,,12-07-2025 01:34 PM,12-07-2025 01:34 PM,4305,Simon BÈgin <67952005.bxtw>,Simon BÈgin <67952005.bxtw>
73625,Dessaulles / De La Bru√®re,H-C,Actif,Aucun visuel affich√©,,12-07-2025 01:34 PM,12-07-2025 01:34 PM,4306,Simon BÈgin <67952005.bxtw>,Simon BÈgin <67952005.bxtw>
73626,Dessaulles / De La Bru√®re,H-C,Actif,Aucun visuel affich√©,,12-07-2025 01:34 PM,12-07-2025 01:34 PM,4307,Simon BÈgin <67952005.bxtw>,Simon BÈgin <67952005.bxtw>
73627,Dessaulles / Bourdages Nord,H-C,Actif,Aucun visuel affich√©,,12-07-2025 01:34 PM,12-07-2025 01:34 PM,4308,Simon BÈgin <67952005.bxtw>,Simon BÈgin <67952005.bxtw>
73628,Dessaulles / Bourdages Nord,H-C,Actif,Aucun visuel affich√©,,12-07-2025 01:34 PM,12-07-2025 01:34 PM,4309,Simon BÈgin <67952005.bxtw>,Simon BÈgin <67952005.bxtw>
73629,Dessaulles / du Palais,H-C,Actif,Aucun visuel affich√©,,12-07-2025 01:34 PM,12-07-2025 01:34 PM,4310,Simon BÈgin <67952005.bxtw>,Simon BÈgin <67952005.bxtw>
73630,Dessaulles / du Palais,H-C,Actif,Aucun visuel affich√©,,12-07-2025 01:34 PM,12-07-2025 01:34 PM,4311,Simon BÈgin <67952005.bxtw>,Simon BÈgin <67952005.bxtw>
73631,Dessaulles / Laframboise,H-C,Actif,Aucun visuel affich√©,,12-07-2025 01:34 PM,12-07-2025 01:34 PM,4312,Simon BÈgin <67952005.bxtw>,Simon BÈgin <67952005.bxtw>
73632,Dessaulles / Laframboise,H-C,Actif,Aucun visuel affich√©,,12-07-2025 01:34 PM,12-07-2025 01:34 PM,4313,Simon BÈgin <67952005.bxtw>,Simon BÈgin <67952005.bxtw>
73633,Cusson / face aux Galeries Sainte-Hyacinthe,H-C,Actif,Aucun visuel affich√©,,12-07-2025 01:34 PM,12-07-2025 01:34 PM,4314,Simon BÈgin <67952005.bxtw>,Simon BÈgin <67952005.bxtw>
73634,Cusson / devant les Galeries Sainte-Hyacinthe,H-C,Actif,Aucun visuel affich√©,,12-07-2025 01:34 PM,12-07-2025 01:34 PM,4315,Simon BÈgin <67952005.bxtw>,Simon BÈgin <67952005.bxtw>
73635,Laurier Ouest / du Domaine,H-C,Actif,Aucun visuel affich√©,,12-07-2025 01:34 PM,12-07-2025 01:34 PM,4316,Simon BÈgin <67952005.bxtw>,Simon BÈgin <67952005.bxtw>
73636,Laurier Ouest / du Domaine,H-C,Actif,Aucun visuel affich√©,,12-07-2025 01:34 PM,12-07-2025 01:34 PM,4317,Simon BÈgin <67952005.bxtw>,Simon BÈgin <67952005.bxtw>
73637,Choquette / B√©rard,H-C,Actif,Aucun visuel affich√©,,12-07-2025 01:34 PM,12-07-2025 01:34 PM,4318,Simon BÈgin <67952005.bxtw>,Simon BÈgin <67952005.bxtw>
73638,Choquette / B√©rard,H-C,Actif,Aucun visuel affich√©,,12-07-2025 01:34 PM,12-07-2025 01:34 PM,4319,Simon BÈgin <67952005.bxtw>,Simon BÈgin <67952005.bxtw>
73639,Choquette / Beaudry,H-C,Actif,Aucun visuel affich√©,,12-07-2025 01:34 PM,12-07-2025 01:34 PM,4320,Simon BÈgin <67952005.bxtw>,Simon BÈgin <67952005.bxtw>
73640,Choquette / Beaudry,H-C,Actif,Aucun visuel affich√©,,12-07-2025 01:34 PM,12-07-2025 01:34 PM,4321,Simon BÈgin <67952005.bxtw>,Simon BÈgin <67952005.bxtw>
73641,Choquette / Trudeau,H-C,Actif,Aucun visuel affich√©,,12-07-2025 01:34 PM,12-07-2025 01:34 PM,4322,Simon BÈgin <67952005.bxtw>,Simon BÈgin <67952005.bxtw>
73642,Choquette / Trudeau,H-C,Actif,Aucun visuel affich√©,,12-07-2025 01:34 PM,12-07-2025 01:34 PM,4323,Simon BÈgin <67952005.bxtw>,Simon BÈgin <67952005.bxtw>
73643,Choquette / Casavant Ouest,H-C,Actif,Aucun visuel affich√©,,12-07-2025 01:34 PM,12-07-2025 01:34 PM,4324,Simon BÈgin <67952005.bxtw>,Simon BÈgin <67952005.bxtw>
73644,Choquette / Casavant Ouest,H-C,Actif,Aucun visuel affich√©,,12-07-2025 01:34 PM,12-07-2025 01:34 PM,4325,Simon BÈgin <67952005.bxtw>,Simon BÈgin <67952005.bxtw>
73645,Choquette / Cartier,H-C,Actif,Aucun visuel affich√©,,12-07-2025 01:34 PM,12-07-2025 01:34 PM,4326,Simon BÈgin <67952005.bxtw>,Simon BÈgin <67952005.bxtw>
73646,Choquette / Cartier,H-C,Actif,Aucun visuel affich√©,,12-07-2025 01:34 PM,12-07-2025 01:34 PM,4327,Simon BÈgin <67952005.bxtw>,Simon BÈgin <67952005.bxtw>
73654,Pratte / du Sacr√©-C≈ìur Est,H-C,Actif,Aucun visuel affich√©,,12-07-2025 01:34 PM,12-07-2025 01:34 PM,4328,Simon BÈgin <67952005.bxtw>,Simon BÈgin <67952005.bxtw>
73822,du Mill√©naire / Sir-Wilfrid-Laurier,H-C,Actif,Aucun visuel affich√©,,12-07-2025 01:34 PM,12-07-2025 01:34 PM,4329,Simon BÈgin <67952005.bxtw>,Simon BÈgin <67952005.bxtw>
73823,du Mill√©naire / Sir-Wilfrid-Laurier,H-C,Actif,Aucun visuel affich√©,,12-07-2025 01:34 PM,12-07-2025 01:34 PM,4330,Simon BÈgin <67952005.bxtw>,Simon BÈgin <67952005.bxtw>
73824,Rang des Vingt / du Mill√©naire,H-C,Actif,Aucun visuel affich√©,,12-07-2025 01:34 PM,12-07-2025 01:34 PM,4331,Simon BÈgin <67952005.bxtw>,Simon BÈgin <67952005.bxtw>
73825,Taillon Ouest / Rang des Vingt,H-C,Actif,Aucun visuel affich√©,,12-07-2025 01:34 PM,12-07-2025 01:34 PM,4332,Simon BÈgin <67952005.bxtw>,Simon BÈgin <67952005.bxtw>
73826,Bresse / Taillon Ouest,H-C,Actif,Aucun visuel affich√©,,12-07-2025 01:34 PM,12-07-2025 01:34 PM,4333,Simon BÈgin <67952005.bxtw>,Simon BÈgin <67952005.bxtw>
73827,Belainsky / Bresse,H-C,Actif,Aucun visuel affich√©,,12-07-2025 01:34 PM,12-07-2025 01:34 PM,4334,Simon BÈgin <67952005.bxtw>,Simon BÈgin <67952005.bxtw>
73828,Lafrance Ouest / Belainsky,H-C,Actif,Aucun visuel affich√©,,12-07-2025 01:34 PM,12-07-2025 01:34 PM,4335,Simon BÈgin <67952005.bxtw>,Simon BÈgin <67952005.bxtw>
73829,de Montpellier / Lafrance Ouest,H-C,Actif,Aucun visuel affich√©,,12-07-2025 01:34 PM,12-07-2025 01:34 PM,4336,Simon BÈgin <67952005.bxtw>,Simon BÈgin <67952005.bxtw>
73830,Mont√©e des Trinitaires / de Montpellier,H-C,Actif,Aucun visuel affich√©,,12-07-2025 01:34 PM,12-07-2025 01:34 PM,4337,Simon BÈgin <67952005.bxtw>,Simon BÈgin <67952005.bxtw>
73831,Mont√©e des Trinitaires / de Flandre,H-C,Actif,Aucun visuel affich√©,,12-07-2025 01:34 PM,12-07-2025 01:34 PM,4338,Simon BÈgin <67952005.bxtw>,Simon BÈgin <67952005.bxtw>
73832,de Touraine / Mont√©e des Trinitaires,H-C,Actif,Aucun visuel affich√©,,12-07-2025 01:34 PM,12-07-2025 01:34 PM,4339,Simon BÈgin <67952005.bxtw>,Simon BÈgin <67952005.bxtw>
73833,de Touraine / de Normandie,H-C,Actif,Aucun visuel affich√©,,12-07-2025 01:34 PM,12-07-2025 01:34 PM,4340,Simon BÈgin <67952005.bxtw>,Simon BÈgin <67952005.bxtw>
73834,de Touraine / du Limousin,H-C,Actif,Aucun visuel affich√©,,12-07-2025 01:34 PM,12-07-2025 01:34 PM,4341,Simon BÈgin <67952005.bxtw>,Simon BÈgin <67952005.bxtw>
73835,de la Montagne / de Touraine,H-C,Actif,Aucun visuel affich√©,,12-07-2025 01:34 PM,12-07-2025 01:34 PM,4342,Simon BÈgin <67952005.bxtw>,Simon BÈgin <67952005.bxtw>
73836,de la Montagne / des Pr√©s,H-C,Actif,Aucun visuel affich√©,,12-07-2025 01:34 PM,12-07-2025 01:34 PM,4343,Simon BÈgin <67952005.bxtw>,Simon BÈgin <67952005.bxtw>
73837,de Montpellier / de la Montagne,H-C,Actif,Aucun visuel affich√©,,12-07-2025 01:34 PM,12-07-2025 01:34 PM,4344,Simon BÈgin <67952005.bxtw>,Simon BÈgin <67952005.bxtw>
73838,de Montpellier / de Bretagne,H-C,Actif,Aucun visuel affich√©,,12-07-2025 01:34 PM,12-07-2025 01:34 PM,4345,Simon BÈgin <67952005.bxtw>,Simon BÈgin <67952005.bxtw>
73839,Champagne / de Bretagne,H-C,Actif,Aucun visuel affich√©,,12-07-2025 01:34 PM,12-07-2025 01:34 PM,4346,Simon BÈgin <67952005.bxtw>,Simon BÈgin <67952005.bxtw>
73840,Lapointe / Gounod,H-C,Actif,Aucun visuel affich√©,,12-07-2025 01:34 PM,12-07-2025 01:34 PM,4347,Simon BÈgin <67952005.bxtw>,Simon BÈgin <67952005.bxtw>
73841,Lapointe / Bourgeois,H-C,Actif,Aucun visuel affich√©,,12-07-2025 01:34 PM,12-07-2025 01:34 PM,4348,Simon BÈgin <67952005.bxtw>,Simon BÈgin <67952005.bxtw>
73842,Henri-Bourassa / du Bosquet,H-C,Actif,Aucun visuel affich√©,,12-07-2025 01:34 PM,12-07-2025 01:34 PM,4349,Simon BÈgin <67952005.bxtw>,Simon BÈgin <67952005.bxtw>
73847,Adrien-Provencher / Jean-Luc-Beaul√©,H-C,Actif,Aucun visuel affich√©,,12-07-2025 01:34 PM,12-07-2025 01:34 PM,4350,Simon BÈgin <67952005.bxtw>,Simon BÈgin <67952005.bxtw>
73848,Adrien-Provencher / Maurice-Auclair,H-C,Actif,Aucun visuel affich√©,,12-07-2025 01:34 PM,12-07-2025 01:34 PM,4351,Simon BÈgin <67952005.bxtw>,Simon BÈgin <67952005.bxtw>
73850,Carmen-Bienvenu / devant le 118,H-C,Actif,Aucun visuel affich√©,,12-07-2025 01:34 PM,12-07-2025 01:34 PM,4352,Simon BÈgin <67952005.bxtw>,Simon BÈgin <67952005.bxtw>
73851,Carmen-Bienvenu / Andr√©-Labadie,H-C,Actif,Aucun visuel affich√©,,12-07-2025 01:34 PM,12-07-2025 01:34 PM,4353,Simon BÈgin <67952005.bxtw>,Simon BÈgin <67952005.bxtw>
73852,Andr√©-Labadie / Gagnon,H-C,Actif,Aucun visuel affich√©,,12-07-2025 01:34 PM,12-07-2025 01:34 PM,4354,Simon BÈgin <67952005.bxtw>,Simon BÈgin <67952005.bxtw>
73854,Andr√©-Labadie / Larose,H-C,Actif,Aucun visuel affich√©,,12-07-2025 01:34 PM,12-07-2025 01:34 PM,4355,Simon BÈgin <67952005.bxtw>,Simon BÈgin <67952005.bxtw>
73859,Radisson / Boull√©,H-C,Actif,Aucun visuel affich√©,,12-07-2025 01:34 PM,12-07-2025 01:34 PM,4356,Simon BÈgin <67952005.bxtw>,Simon BÈgin <67952005.bxtw>
73860,Radisson / Pigeon,H-C,Actif,Aucun visuel affich√©,,12-07-2025 01:34 PM,12-07-2025 01:34 PM,4357,Simon BÈgin <67952005.bxtw>,Simon BÈgin <67952005.bxtw>
73861,Radisson / Lechasseur,H-C,Actif,Aucun visuel affich√©,,12-07-2025 01:34 PM,12-07-2025 01:34 PM,4358,Simon BÈgin <67952005.bxtw>,Simon BÈgin <67952005.bxtw>
73863,Yvon-L'Heureux Nord / Marcotte,H-C,Actif,Aucun visuel affich√©,,12-07-2025 01:34 PM,12-07-2025 01:34 PM,4359,Simon BÈgin <67952005.bxtw>,Simon BÈgin <67952005.bxtw>
73864,Yvon-L'Heureux Nord / Laurendeau,H-C,Actif,Aucun visuel affich√©,,12-07-2025 01:34 PM,12-07-2025 01:34 PM,4360,Simon BÈgin <67952005.bxtw>,Simon BÈgin <67952005.bxtw>
73865,Yvon-L'Heureux Nord / Dumas,H-C,Actif,Aucun visuel affich√©,,12-07-2025 01:34 PM,12-07-2025 01:34 PM,4361,Simon BÈgin <67952005.bxtw>,Simon BÈgin <67952005.bxtw>
73866,Choquette / F.-X.-Garneau,H-C,Actif,Aucun visuel affich√©,,12-07-2025 01:34 PM,12-07-2025 01:34 PM,4362,Simon BÈgin <67952005.bxtw>,Simon BÈgin <67952005.bxtw>
73867,Choquette / Dupr√©,H-C,Actif,Aucun visuel affich√©,,12-07-2025 01:34 PM,12-07-2025 01:34 PM,4363,Simon BÈgin <67952005.bxtw>,Simon BÈgin <67952005.bxtw>
73868,Dupr√© / Bernard-Pilon,H-C,Actif,Aucun visuel affich√©,,12-07-2025 01:34 PM,12-07-2025 01:34 PM,4364,Simon BÈgin <67952005.bxtw>,Simon BÈgin <67952005.bxtw>
73878,de Marseille / H√©bert,H-C,Actif,Aucun visuel affich√©,,12-07-2025 01:34 PM,12-07-2025 01:34 PM,4365,Simon BÈgin <67952005.bxtw>,Simon BÈgin <67952005.bxtw>
73879,H√©bert / Ringuet,H-C,Actif,Aucun visuel affich√©,,12-07-2025 01:34 PM,12-07-2025 01:34 PM,4366,Simon BÈgin <67952005.bxtw>,Simon BÈgin <67952005.bxtw>
73880,H√©bert / De Montenach,H-C,Actif,Aucun visuel affich√©,,12-07-2025 01:34 PM,12-07-2025 01:34 PM,4367,Simon BÈgin <67952005.bxtw>,Simon BÈgin <67952005.bxtw>
73881,du Ch√¢teau / Hamel,H-C,Actif,Aucun visuel affich√©,,12-07-2025 01:34 PM,12-07-2025 01:34 PM,4368,Simon BÈgin <67952005.bxtw>,Simon BÈgin <67952005.bxtw>
73882,de Dublin / Marie-Anne,H-C,Actif,Aucun visuel affich√©,,12-07-2025 01:34 PM,12-07-2025 01:34 PM,4369,Simon BÈgin <67952005.bxtw>,Simon BÈgin <67952005.bxtw>
73883,de Dublin / Lauzon,H-C,Actif,Aucun visuel affich√©,,12-07-2025 01:34 PM,12-07-2025 01:34 PM,4370,Simon BÈgin <67952005.bxtw>,Simon BÈgin <67952005.bxtw>
73884,de Dublin / Doyle,H-C,Actif,Aucun visuel affich√©,,12-07-2025 01:34 PM,12-07-2025 01:34 PM,4371,Simon BÈgin <67952005.bxtw>,Simon BÈgin <67952005.bxtw>
73885,F√©lix-Leclerc / devant le 635,H-C,Actif,Aucun visuel affich√©,,12-07-2025 01:34 PM,12-07-2025 01:34 PM,4372,Simon BÈgin <67952005.bxtw>,Simon BÈgin <67952005.bxtw>
73886,Ozias-Leduc / F√©lix-Leclerc,H-C,Actif,Aucun visuel affich√©,,12-07-2025 01:34 PM,12-07-2025 01:34 PM,4373,Simon BÈgin <67952005.bxtw>,Simon BÈgin <67952005.bxtw>
73887,Ozias-Leduc / de la Montagne,H-C,Actif,Aucun visuel affich√©,,12-07-2025 01:34 PM,12-07-2025 01:34 PM,4374,Simon BÈgin <67952005.bxtw>,Simon BÈgin <67952005.bxtw>
73888,Ozias-Leduc / Paul-√âmile-Borduas,H-C,Actif,Aucun visuel affich√©,,12-07-2025 01:34 PM,12-07-2025 01:34 PM,4375,Simon BÈgin <67952005.bxtw>,Simon BÈgin <67952005.bxtw>
73889,Ozias-Leduc / Ernest-Choquette,H-C,Actif,Aucun visuel affich√©,,12-07-2025 01:34 PM,12-07-2025 01:34 PM,4376,Simon BÈgin <67952005.bxtw>,Simon BÈgin <67952005.bxtw>
73890,Verdi / Renoir,H-C,Actif,Aucun visuel affich√©,,12-07-2025 01:34 PM,12-07-2025 01:34 PM,4377,Simon BÈgin <67952005.bxtw>,Simon BÈgin <67952005.bxtw>
73891,Fortier / Campbell,H-C,Actif,Aucun visuel affich√©,,12-07-2025 01:34 PM,12-07-2025 01:34 PM,4378,Simon BÈgin <67952005.bxtw>,Simon BÈgin <67952005.bxtw>
73892,Fortier / Charlevoix,H-C,Actif,Aucun visuel affich√©,,12-07-2025 01:34 PM,12-07-2025 01:34 PM,4379,Simon BÈgin <67952005.bxtw>,Simon BÈgin <67952005.bxtw>
73905,Choquette / Pinard,H-C,Actif,Aucun visuel affich√©,,12-07-2025 01:34 PM,12-07-2025 01:34 PM,4380,Simon BÈgin <67952005.bxtw>,Simon BÈgin <67952005.bxtw>
73906,Dessaulles / des V√©t√©rinaires,H-C,Actif,Aucun visuel affich√©,,12-07-2025 01:34 PM,12-07-2025 01:34 PM,4381,Simon BÈgin <67952005.bxtw>,Simon BÈgin <67952005.bxtw>
73907,Dessaulles / des V√©t√©rinaires,H-C,Actif,Aucun visuel affich√©,,12-07-2025 01:34 PM,12-07-2025 01:34 PM,4382,Simon BÈgin <67952005.bxtw>,Simon BÈgin <67952005.bxtw>
73921,des Cigales / des Perdrix,H-C,Actif,Aucun visuel affich√©,,12-07-2025 01:34 PM,12-07-2025 01:34 PM,4383,Simon BÈgin <67952005.bxtw>,Simon BÈgin <67952005.bxtw>
73922,des Cigales / des Cailles,H-C,Actif,Aucun visuel affich√©,,12-07-2025 01:34 PM,12-07-2025 01:34 PM,4384,Simon BÈgin <67952005.bxtw>,Simon BÈgin <67952005.bxtw>
73923,des Cigales / de Balmoral,H-C,Actif,Aucun visuel affich√©,,12-07-2025 01:34 PM,12-07-2025 01:34 PM,4385,Simon BÈgin <67952005.bxtw>,Simon BÈgin <67952005.bxtw>
73924,des Cigales / Spiller,H-C,Actif,Aucun visuel affich√©,,12-07-2025 01:34 PM,12-07-2025 01:34 PM,4386,Simon BÈgin <67952005.bxtw>,Simon BÈgin <67952005.bxtw>
73925,Spiller / de Tadoussac,H-C,Actif,Aucun visuel affich√©,,12-07-2025 01:34 PM,12-07-2025 01:34 PM,4387,Simon BÈgin <67952005.bxtw>,Simon BÈgin <67952005.bxtw>
73926,Spiller / Ruth,H-C,Actif,Aucun visuel affich√©,,12-07-2025 01:34 PM,12-07-2025 01:34 PM,4388,Simon BÈgin <67952005.bxtw>,Simon BÈgin <67952005.bxtw>
73927,Spiller / Gervais,H-C,Actif,Aucun visuel affich√©,,12-07-2025 01:34 PM,12-07-2025 01:34 PM,4389,Simon BÈgin <67952005.bxtw>,Simon BÈgin <67952005.bxtw>
73928,Gervais / Victoria,H-C,Actif,Aucun visuel affich√©,,12-07-2025 01:34 PM,12-07-2025 01:34 PM,4390,Simon BÈgin <67952005.bxtw>,Simon BÈgin <67952005.bxtw>
73929,Victoria / d'Oxford,H-C,Actif,Aucun visuel affich√©,,12-07-2025 01:34 PM,12-07-2025 01:34 PM,4391,Simon BÈgin <67952005.bxtw>,Simon BÈgin <67952005.bxtw>
73930,Victoria / Connaught,H-C,Actif,Aucun visuel affich√©,,12-07-2025 01:34 PM,12-07-2025 01:34 PM,4392,Simon BÈgin <67952005.bxtw>,Simon BÈgin <67952005.bxtw>
73931,Victoria / du Prince-Albert,H-C,Actif,Aucun visuel affich√©,,12-07-2025 01:34 PM,12-07-2025 01:34 PM,4393,Simon BÈgin <67952005.bxtw>,Simon BÈgin <67952005.bxtw>
73932,du Prince-Albert / Mountainview,H-C,Actif,Aucun visuel affich√©,,12-07-2025 01:34 PM,12-07-2025 01:34 PM,4394,Simon BÈgin <67952005.bxtw>,Simon BÈgin <67952005.bxtw>
73933,Mountainview / Parkview,H-C,Actif,Aucun visuel affich√©,,12-07-2025 01:34 PM,12-07-2025 01:34 PM,4395,Simon BÈgin <67952005.bxtw>,Simon BÈgin <67952005.bxtw>
73934,Mountainview / Helen,H-C,Actif,Aucun visuel affich√©,,12-07-2025 01:34 PM,12-07-2025 01:34 PM,4396,Simon BÈgin <67952005.bxtw>,Simon BÈgin <67952005.bxtw>
73935,Mountainview / Clifton,H-C,Actif,Aucun visuel affich√©,,12-07-2025 01:34 PM,12-07-2025 01:34 PM,4397,Simon BÈgin <67952005.bxtw>,Simon BÈgin <67952005.bxtw>
73936,Clifton / Copping,H-C,Actif,Aucun visuel affich√©,,12-07-2025 01:34 PM,12-07-2025 01:34 PM,4398,Simon BÈgin <67952005.bxtw>,Simon BÈgin <67952005.bxtw>
73937,C√¥t√© / Clifton,H-C,Actif,Aucun visuel affich√©,,12-07-2025 01:34 PM,12-07-2025 01:34 PM,4399,Simon BÈgin <67952005.bxtw>,Simon BÈgin <67952005.bxtw>
73938,C√¥t√© / Hillside,H-C,Actif,Aucun visuel affich√©,,12-07-2025 01:34 PM,12-07-2025 01:34 PM,4400,Simon BÈgin <67952005.bxtw>,Simon BÈgin <67952005.bxtw>
73939,Mont√©e des Trente / des Patriotes Sud,H-C,Actif,Aucun visuel affich√©,,12-07-2025 01:34 PM,12-07-2025 01:34 PM,4401,Simon BÈgin <67952005.bxtw>,Simon BÈgin <67952005.bxtw>
73941,Gare McMasterville - Quai 1,H-C,Actif,Aucun visuel affich√©,,12-07-2025 01:34 PM,12-07-2025 01:34 PM,4402,Simon BÈgin <67952005.bxtw>,Simon BÈgin <67952005.bxtw>
73942,Mont√©e Robert / Saint Louis,H-C,Actif,Aucun visuel affich√©,,12-07-2025 01:34 PM,12-07-2025 01:34 PM,4403,Simon BÈgin <67952005.bxtw>,Simon BÈgin <67952005.bxtw>
73943,des Trembles / des Ch√™nes,H-C,Actif,Aucun visuel affich√©,,12-07-2025 01:34 PM,12-07-2025 01:34 PM,4404,Simon BÈgin <67952005.bxtw>,Simon BÈgin <67952005.bxtw>
73944,des Tilleuls / des Peupliers,H-C,Actif,Aucun visuel affich√©,,12-07-2025 01:34 PM,12-07-2025 01:34 PM,4405,Simon BÈgin <67952005.bxtw>,Simon BÈgin <67952005.bxtw>
73945,des Tilleuls / des Ormes,H-C,Actif,Aucun visuel affich√©,,12-07-2025 01:34 PM,12-07-2025 01:34 PM,4406,Simon BÈgin <67952005.bxtw>,Simon BÈgin <67952005.bxtw>
73946,Savaria / Lapalme,H-C,Actif,Aucun visuel affich√©,,12-07-2025 01:34 PM,12-07-2025 01:34 PM,4407,Simon BÈgin <67952005.bxtw>,Simon BÈgin <67952005.bxtw>
73947,Lapalme / Principale,H-C,Actif,Aucun visuel affich√©,,12-07-2025 01:34 PM,12-07-2025 01:34 PM,4408,Simon BÈgin <67952005.bxtw>,Simon BÈgin <67952005.bxtw>
73948,Principale / Mont√©e Robert,H-C,Actif,Aucun visuel affich√©,,12-07-2025 01:34 PM,12-07-2025 01:34 PM,4409,Simon BÈgin <67952005.bxtw>,Simon BÈgin <67952005.bxtw>
73949,Principale / de Longueuil,H-C,Actif,Aucun visuel affich√©,,12-07-2025 01:34 PM,12-07-2025 01:34 PM,4410,Simon BÈgin <67952005.bxtw>,Simon BÈgin <67952005.bxtw>
73950,de Longueuil / Saint-Louis,H-C,Actif,Aucun visuel affich√©,,12-07-2025 01:34 PM,12-07-2025 01:34 PM,4411,Simon BÈgin <67952005.bxtw>,Simon BÈgin <67952005.bxtw>
73951,Basile-Daigneault / Dupras,H-C,Actif,Aucun visuel affich√©,,12-07-2025 01:34 PM,12-07-2025 01:34 PM,4412,Simon BÈgin <67952005.bxtw>,Simon BÈgin <67952005.bxtw>
73952,Basile-Daigneault / des Cerisiers,H-C,Actif,Aucun visuel affich√©,,12-07-2025 01:34 PM,12-07-2025 01:34 PM,4413,Simon BÈgin <67952005.bxtw>,Simon BÈgin <67952005.bxtw>
73953,Basile-Daigneault / des Hirondelles,H-C,Actif,Aucun visuel affich√©,,12-07-2025 01:34 PM,12-07-2025 01:34 PM,4414,Simon BÈgin <67952005.bxtw>,Simon BÈgin <67952005.bxtw>
73954,des Hirondelles / Corbeil,H-C,Actif,Aucun visuel affich√©,,12-07-2025 01:34 PM,12-07-2025 01:34 PM,4415,Simon BÈgin <67952005.bxtw>,Simon BÈgin <67952005.bxtw>
73955,Corbeil / Dupras,H-C,Actif,Aucun visuel affich√©,,12-07-2025 01:34 PM,12-07-2025 01:34 PM,4416,Simon BÈgin <67952005.bxtw>,Simon BÈgin <67952005.bxtw>
73956,Dupras / des Pinsons,H-C,Actif,Aucun visuel affich√©,,12-07-2025 01:34 PM,12-07-2025 01:34 PM,4417,Simon BÈgin <67952005.bxtw>,Simon BÈgin <67952005.bxtw>
73957,des Pinsons / des Go√©lands,H-C,Actif,Aucun visuel affich√©,,12-07-2025 01:34 PM,12-07-2025 01:34 PM,4418,Simon BÈgin <67952005.bxtw>,Simon BÈgin <67952005.bxtw>
73958,des Merles / des Hirondelles,H-C,Actif,Aucun visuel affich√©,,12-07-2025 01:34 PM,12-07-2025 01:34 PM,4419,Simon BÈgin <67952005.bxtw>,Simon BÈgin <67952005.bxtw>
73959,des Pigeons / des Fauvettes,H-C,Actif,Aucun visuel affich√©,,12-07-2025 01:34 PM,12-07-2025 01:34 PM,4420,Simon BÈgin <67952005.bxtw>,Simon BÈgin <67952005.bxtw>
73960,des Fauvettes / des Grives,H-C,Actif,Aucun visuel affich√©,,12-07-2025 01:34 PM,12-07-2025 01:34 PM,4421,Simon BÈgin <67952005.bxtw>,Simon BÈgin <67952005.bxtw>
73961,des Fauvettes / des Cygnes,H-C,Actif,Aucun visuel affich√©,,12-07-2025 01:34 PM,12-07-2025 01:34 PM,4422,Simon BÈgin <67952005.bxtw>,Simon BÈgin <67952005.bxtw>
73962,des Hirondelles / Bella-Vista,H-C,Actif,Aucun visuel affich√©,,12-07-2025 01:34 PM,12-07-2025 01:34 PM,4423,Simon BÈgin <67952005.bxtw>,Simon BÈgin <67952005.bxtw>
73963,Bella-Vista / des Pinsons,H-C,Actif,Aucun visuel affich√©,,12-07-2025 01:34 PM,12-07-2025 01:34 PM,4424,Simon BÈgin <67952005.bxtw>,Simon BÈgin <67952005.bxtw>
73964,Bella-Vista / Fran√ßois-Mass√©,H-C,Actif,Aucun visuel affich√©,,12-07-2025 01:34 PM,12-07-2025 01:34 PM,4425,Simon BÈgin <67952005.bxtw>,Simon BÈgin <67952005.bxtw>
73965,Bella-Vista / Principale,H-C,Actif,Aucun visuel affich√©,,12-07-2025 01:34 PM,12-07-2025 01:34 PM,4426,Simon BÈgin <67952005.bxtw>,Simon BÈgin <67952005.bxtw>
73966,Gare Saint-Basile-le-Grand - Quai 2,H-C,Actif,Aucun visuel affich√©,,12-07-2025 01:34 PM,12-07-2025 01:34 PM,4427,Simon BÈgin <67952005.bxtw>,Simon BÈgin <67952005.bxtw>
73967,C√¥t√© / Pervenche,H-C,Actif,Aucun visuel affich√©,,12-07-2025 01:34 PM,12-07-2025 01:34 PM,4428,Simon BÈgin <67952005.bxtw>,Simon BÈgin <67952005.bxtw>
73969,Elm / Ozias-Leduc,H-C,Actif,Aucun visuel affich√©,,12-07-2025 01:34 PM,12-07-2025 01:34 PM,4429,Simon BÈgin <67952005.bxtw>,Simon BÈgin <67952005.bxtw>
73980,du Mill√©naire / devant le 1097,H-C,Actif,Aucun visuel affich√©,,12-07-2025 01:34 PM,12-07-2025 01:34 PM,4430,Simon BÈgin <67952005.bxtw>,Simon BÈgin <67952005.bxtw>
73981,du Mill√©naire / devant le 1197,H-C,Actif,Aucun visuel affich√©,,12-07-2025 01:34 PM,12-07-2025 01:34 PM,4431,Simon BÈgin <67952005.bxtw>,Simon BÈgin <67952005.bxtw>
73985,Gare Mont-Saint-Hilaire - Quai 3,H-C,Actif,Aucun visuel affich√©,,12-07-2025 01:34 PM,12-07-2025 01:34 PM,4432,Simon BÈgin <67952005.bxtw>,Simon BÈgin <67952005.bxtw>
73986,de la Pommeraie / Fr√®re,H-C,Actif,Aucun visuel affich√©,,12-07-2025 01:34 PM,12-07-2025 01:34 PM,4433,Simon BÈgin <67952005.bxtw>,Simon BÈgin <67952005.bxtw>
73987,Verdi / √âmile-Nelligan,H-C,Actif,Aucun visuel affich√©,,12-07-2025 01:34 PM,12-07-2025 01:34 PM,4434,Simon BÈgin <67952005.bxtw>,Simon BÈgin <67952005.bxtw>
73988,Ozias-Leduc / du Verger-T√©treault,H-C,Actif,Aucun visuel affich√©,,12-07-2025 01:34 PM,12-07-2025 01:34 PM,4435,Simon BÈgin <67952005.bxtw>,Simon BÈgin <67952005.bxtw>
73989,Mont√©e des Trinitaires / Champagne,H-C,Actif,Aucun visuel affich√©,,12-07-2025 01:34 PM,12-07-2025 01:34 PM,4436,Simon BÈgin <67952005.bxtw>,Simon BÈgin <67952005.bxtw>
73990,Bella-Vista / face √† l'Ar√©na Jean-Rougeau,H-C,Actif,Aucun visuel affich√©,,12-07-2025 01:34 PM,12-07-2025 01:34 PM,4437,Simon BÈgin <67952005.bxtw>,Simon BÈgin <67952005.bxtw>
73995,Terminus Longueuil Porte D31,H-C,Actif,Aucun visuel affich√©,,12-07-2025 01:34 PM,12-07-2025 01:34 PM,4438,Simon BÈgin <67952005.bxtw>,Simon BÈgin <67952005.bxtw>
73996,Terminus Saint-Hyacinthe,H-C,Actif,Aucun visuel affich√©,,12-07-2025 01:34 PM,12-07-2025 01:34 PM,4439,Simon BÈgin <67952005.bxtw>,Simon BÈgin <67952005.bxtw>
74000,du S√©minaire Nord / Montcalm (C√©gep),H-C,Actif,Aucun visuel affich√©,,12-07-2025 01:34 PM,12-07-2025 01:34 PM,4440,Simon BÈgin <67952005.bxtw>,Simon BÈgin <67952005.bxtw>
74002,du S√©minaire Nord / McMillan (H√¥pital),H-C,Actif,Aucun visuel affich√©,,12-07-2025 01:34 PM,12-07-2025 01:34 PM,4441,Simon BÈgin <67952005.bxtw>,Simon BÈgin <67952005.bxtw>
74003,du S√©minaire Nord / Lachance,H-C,Actif,Aucun visuel affich√©,,12-07-2025 01:34 PM,12-07-2025 01:34 PM,4442,Simon BÈgin <67952005.bxtw>,Simon BÈgin <67952005.bxtw>
74004,du S√©minaire Nord / Lachance,H-C,Actif,Aucun visuel affich√©,,12-07-2025 01:34 PM,12-07-2025 01:34 PM,4443,Simon BÈgin <67952005.bxtw>,Simon BÈgin <67952005.bxtw>
74005,du S√©minaire Nord / face √† l'H√¥pital,H-C,Actif,Aucun visuel affich√©,,12-07-2025 01:34 PM,12-07-2025 01:34 PM,4444,Simon BÈgin <67952005.bxtw>,Simon BÈgin <67952005.bxtw>
74006,du S√©minaire Sud / Gouin,H-C,Actif,Aucun visuel affich√©,,12-07-2025 01:34 PM,12-07-2025 01:34 PM,4445,Simon BÈgin <67952005.bxtw>,Simon BÈgin <67952005.bxtw>
74008,Simard / face au Centre Sportif Robert Lebel,H-C,Actif,Aucun visuel affich√©,,12-07-2025 01:34 PM,12-07-2025 01:34 PM,4446,Simon BÈgin <67952005.bxtw>,Simon BÈgin <67952005.bxtw>
74009,Brassard / 2e rue de Tracy,H-C,Actif,Aucun visuel affich√©,,12-07-2025 01:34 PM,12-07-2025 01:34 PM,4447,Simon BÈgin <67952005.bxtw>,Simon BÈgin <67952005.bxtw>
74010,Brassard / 2e rue de Tracy,H-C,Actif,Aucun visuel affich√©,,12-07-2025 01:34 PM,12-07-2025 01:34 PM,4448,Simon BÈgin <67952005.bxtw>,Simon BÈgin <67952005.bxtw>
74011,de Chambly / Bellerive,H-C,Actif,Aucun visuel affich√©,,12-07-2025 01:34 PM,12-07-2025 01:34 PM,4449,Simon BÈgin <67952005.bxtw>,Simon BÈgin <67952005.bxtw>
74012,de P√©rigny / face au civique 500,H-C,Actif,Aucun visuel affich√©,,12-07-2025 01:34 PM,12-07-2025 01:34 PM,4450,Simon BÈgin <67952005.bxtw>,Simon BÈgin <67952005.bxtw>
74013,Route 112 / Bellevue,H-C,Actif,Aucun visuel affich√©,,12-07-2025 01:34 PM,12-07-2025 01:34 PM,4451,Simon BÈgin <67952005.bxtw>,Simon BÈgin <67952005.bxtw>
74014,Route 112 / Bellevue,H-C,Actif,Aucun visuel affich√©,,12-07-2025 01:34 PM,12-07-2025 01:34 PM,4452,Simon BÈgin <67952005.bxtw>,Simon BÈgin <67952005.bxtw>
74015,Route 112 / de Chambly,H-C,Actif,Aucun visuel affich√©,,12-07-2025 01:34 PM,12-07-2025 01:34 PM,4453,Simon BÈgin <67952005.bxtw>,Simon BÈgin <67952005.bxtw>
74017,Fr√©chette / Fonrouge,H-C,Actif,Aucun visuel affich√©,,12-07-2025 01:34 PM,12-07-2025 01:34 PM,4454,Simon BÈgin <67952005.bxtw>,Simon BÈgin <67952005.bxtw>
74018,Fr√©chette / Denault,H-C,Actif,Aucun visuel affich√©,,12-07-2025 01:34 PM,12-07-2025 01:34 PM,4455,Simon BÈgin <67952005.bxtw>,Simon BÈgin <67952005.bxtw>
74020,de P√©rigny / Bourgogne,H-C,Actif,Aucun visuel affich√©,,12-07-2025 01:34 PM,12-07-2025 01:34 PM,4456,Simon BÈgin <67952005.bxtw>,Simon BÈgin <67952005.bxtw>
74021,de P√©rigny / Laforce,H-C,Actif,Aucun visuel affich√©,,12-07-2025 01:34 PM,12-07-2025 01:34 PM,4457,Simon BÈgin <67952005.bxtw>,Simon BÈgin <67952005.bxtw>
74022,de P√©rigny / Notre-Dame,H-C,Actif,Aucun visuel affich√©,,12-07-2025 01:34 PM,12-07-2025 01:34 PM,4458,Simon BÈgin <67952005.bxtw>,Simon BÈgin <67952005.bxtw>
74023,de P√©rigny / Notre-Dame,H-C,Actif,Aucun visuel affich√©,,12-07-2025 01:34 PM,12-07-2025 01:34 PM,4459,Simon BÈgin <67952005.bxtw>,Simon BÈgin <67952005.bxtw>
74025,de Salaberry / Brassard,H-C,Actif,Aucun visuel affich√©,,12-07-2025 01:34 PM,12-07-2025 01:34 PM,4460,Simon BÈgin <67952005.bxtw>,Simon BÈgin <67952005.bxtw>
74026,Brassard / 1re rue de Tracy,H-C,Actif,Aucun visuel affich√©,,12-07-2025 01:34 PM,12-07-2025 01:34 PM,4461,Simon BÈgin <67952005.bxtw>,Simon BÈgin <67952005.bxtw>
74027,Brassard / 1re rue de Tracy,H-C,Actif,Aucun visuel affich√©,,12-07-2025 01:34 PM,12-07-2025 01:34 PM,4462,Simon BÈgin <67952005.bxtw>,Simon BÈgin <67952005.bxtw>
74028,Brassard / de Salaberry,H-C,Actif,Aucun visuel affich√©,,12-07-2025 01:34 PM,12-07-2025 01:34 PM,4463,Simon BÈgin <67952005.bxtw>,Simon BÈgin <67952005.bxtw>
74029,Brassard / de Salaberry,H-C,Actif,Aucun visuel affich√©,,12-07-2025 01:34 PM,12-07-2025 01:34 PM,4464,Simon BÈgin <67952005.bxtw>,Simon BÈgin <67952005.bxtw>
74030,Brassard / Barr√©,H-C,Actif,Aucun visuel affich√©,,12-07-2025 01:34 PM,12-07-2025 01:34 PM,4465,Simon BÈgin <67952005.bxtw>,Simon BÈgin <67952005.bxtw>
74031,Brassard / Dubuisson,H-C,Actif,Aucun visuel affich√©,,12-07-2025 01:34 PM,12-07-2025 01:34 PM,4466,Simon BÈgin <67952005.bxtw>,Simon BÈgin <67952005.bxtw>
74032,Fr√©chette / Charles-Le Moyne,H-C,Actif,Aucun visuel affich√©,,12-07-2025 01:34 PM,12-07-2025 01:34 PM,4467,Simon BÈgin <67952005.bxtw>,Simon BÈgin <67952005.bxtw>
74033,Fr√©chette / Charles-Le Moyne,H-C,Actif,Aucun visuel affich√©,,12-07-2025 01:34 PM,12-07-2025 01:34 PM,4468,Simon BÈgin <67952005.bxtw>,Simon BÈgin <67952005.bxtw>
74034,Fr√©chette / de Gentilly,H-C,Actif,Aucun visuel affich√©,,12-07-2025 01:34 PM,12-07-2025 01:34 PM,4469,Simon BÈgin <67952005.bxtw>,Simon BÈgin <67952005.bxtw>
74036,Fr√©chette / Lapalme,H-C,Actif,Aucun visuel affich√©,,12-07-2025 01:34 PM,12-07-2025 01:34 PM,4470,Simon BÈgin <67952005.bxtw>,Simon BÈgin <67952005.bxtw>
74037,de Gentilly / Franquet,H-C,Actif,Aucun visuel affich√©,,12-07-2025 01:34 PM,12-07-2025 01:34 PM,4471,Simon BÈgin <67952005.bxtw>,Simon BÈgin <67952005.bxtw>
74038,Franquet / de Gentilly,H-C,Actif,Aucun visuel affich√©,,12-07-2025 01:34 PM,12-07-2025 01:34 PM,4472,Simon BÈgin <67952005.bxtw>,Simon BÈgin <67952005.bxtw>
74039,Henriette / devant le civique 2282,H-C,Actif,Aucun visuel affich√©,,12-07-2025 01:34 PM,12-07-2025 01:34 PM,4473,Simon BÈgin <67952005.bxtw>,Simon BÈgin <67952005.bxtw>
74040,Henriette / devant le civique 2271,H-C,Actif,Aucun visuel affich√©,,12-07-2025 01:34 PM,12-07-2025 01:34 PM,4474,Simon BÈgin <67952005.bxtw>,Simon BÈgin <67952005.bxtw>
74041,Franquet / Scheffer,H-C,Actif,Aucun visuel affich√©,,12-07-2025 01:34 PM,12-07-2025 01:34 PM,4475,Simon BÈgin <67952005.bxtw>,Simon BÈgin <67952005.bxtw>
74042,Bourgogne / Napol√©on,H-C,Actif,Aucun visuel affich√©,,12-07-2025 01:34 PM,12-07-2025 01:34 PM,4476,Simon BÈgin <67952005.bxtw>,Simon BÈgin <67952005.bxtw>
74043,Franquet / Grenade,H-C,Actif,Aucun visuel affich√©,,12-07-2025 01:34 PM,12-07-2025 01:34 PM,4477,Simon BÈgin <67952005.bxtw>,Simon BÈgin <67952005.bxtw>
74044,Scheffer / O'Brien,H-C,Actif,Aucun visuel affich√©,,12-07-2025 01:34 PM,12-07-2025 01:34 PM,4478,Simon BÈgin <67952005.bxtw>,Simon BÈgin <67952005.bxtw>
74045,Scheffer / Fonrouge,H-C,Actif,Aucun visuel affich√©,,12-07-2025 01:34 PM,12-07-2025 01:34 PM,4479,Simon BÈgin <67952005.bxtw>,Simon BÈgin <67952005.bxtw>
74046,Franquet / Grenade,H-C,Actif,Aucun visuel affich√©,,12-07-2025 01:34 PM,12-07-2025 01:34 PM,4480,Simon BÈgin <67952005.bxtw>,Simon BÈgin <67952005.bxtw>
74047,Fonrouge / Kennedy,H-C,Actif,Aucun visuel affich√©,,12-07-2025 01:34 PM,12-07-2025 01:34 PM,4481,Simon BÈgin <67952005.bxtw>,Simon BÈgin <67952005.bxtw>
74052,Fr√©chette / Kennedy,H-C,Actif,Aucun visuel affich√©,,12-07-2025 01:34 PM,12-07-2025 01:34 PM,4482,Simon BÈgin <67952005.bxtw>,Simon BÈgin <67952005.bxtw>
74053,Fr√©chette / Kennedy,H-C,Actif,Aucun visuel affich√©,,12-07-2025 01:34 PM,12-07-2025 01:34 PM,4483,Simon BÈgin <67952005.bxtw>,Simon BÈgin <67952005.bxtw>
74054,Franquet / Berthier,H-C,Actif,Aucun visuel affich√©,,12-07-2025 01:34 PM,12-07-2025 01:34 PM,4484,Simon BÈgin <67952005.bxtw>,Simon BÈgin <67952005.bxtw>
74055,Fr√©chette / Franquet,H-C,Actif,Aucun visuel affich√©,,12-07-2025 01:34 PM,12-07-2025 01:34 PM,4485,Simon BÈgin <67952005.bxtw>,Simon BÈgin <67952005.bxtw>
74057,Fr√©chette / Franquet,H-C,Actif,Aucun visuel affich√©,,12-07-2025 01:34 PM,12-07-2025 01:34 PM,4486,Simon BÈgin <67952005.bxtw>,Simon BÈgin <67952005.bxtw>
74058,Fr√©chette / Lebel,H-C,Actif,Aucun visuel affich√©,,12-07-2025 01:34 PM,12-07-2025 01:34 PM,4487,Simon BÈgin <67952005.bxtw>,Simon BÈgin <67952005.bxtw>
74059,Fr√©chette / Lebel,H-C,Actif,Aucun visuel affich√©,,12-07-2025 01:34 PM,12-07-2025 01:34 PM,4488,Simon BÈgin <67952005.bxtw>,Simon BÈgin <67952005.bxtw>
74060,Lebel / Fr√©chette,H-C,Actif,Aucun visuel affich√©,,12-07-2025 01:34 PM,12-07-2025 01:34 PM,4489,Simon BÈgin <67952005.bxtw>,Simon BÈgin <67952005.bxtw>
74062,Lebel / Saint-Jean,H-C,Actif,Aucun visuel affich√©,,12-07-2025 01:34 PM,12-07-2025 01:34 PM,4490,Simon BÈgin <67952005.bxtw>,Simon BÈgin <67952005.bxtw>
74064,Lebel / Denault,H-C,Actif,Aucun visuel affich√©,,12-07-2025 01:34 PM,12-07-2025 01:34 PM,4491,Simon BÈgin <67952005.bxtw>,Simon BÈgin <67952005.bxtw>
74066,Lebel / Briand,H-C,Actif,Aucun visuel affich√©,,12-07-2025 01:34 PM,12-07-2025 01:34 PM,4492,Simon BÈgin <67952005.bxtw>,Simon BÈgin <67952005.bxtw>
74067,Bourgogne / Saint-Jacques,H-C,Actif,Aucun visuel affich√©,,12-07-2025 01:34 PM,12-07-2025 01:34 PM,4493,Simon BÈgin <67952005.bxtw>,Simon BÈgin <67952005.bxtw>
74068,Bourgogne / Saint-Jacques,H-C,Actif,Aucun visuel affich√©,,12-07-2025 01:34 PM,12-07-2025 01:34 PM,4494,Simon BÈgin <67952005.bxtw>,Simon BÈgin <67952005.bxtw>
74069,Brassard / Lebel,H-C,Actif,Aucun visuel affich√©,,12-07-2025 01:34 PM,12-07-2025 01:34 PM,4495,Simon BÈgin <67952005.bxtw>,Simon BÈgin <67952005.bxtw>
74071,Brassard / Lebel,H-C,Actif,Aucun visuel affich√©,,12-07-2025 01:34 PM,12-07-2025 01:34 PM,4496,Simon BÈgin <67952005.bxtw>,Simon BÈgin <67952005.bxtw>
74072,Lebel / Brassard,H-C,Actif,Aucun visuel affich√©,,12-07-2025 01:34 PM,12-07-2025 01:34 PM,4497,Simon BÈgin <67952005.bxtw>,Simon BÈgin <67952005.bxtw>
74074,Lebel / Kent,H-C,Actif,Aucun visuel affich√©,,12-07-2025 01:34 PM,12-07-2025 01:34 PM,4498,Simon BÈgin <67952005.bxtw>,Simon BÈgin <67952005.bxtw>
74080,Michel-Lagu√´ / Labont√©,H-C,Actif,Aucun visuel affich√©,,12-07-2025 01:34 PM,12-07-2025 01:34 PM,4499,Simon BÈgin <67952005.bxtw>,Simon BÈgin <67952005.bxtw>
74082,Brassard / Roy,H-C,Actif,Aucun visuel affich√©,,12-07-2025 01:34 PM,12-07-2025 01:34 PM,4500,Simon BÈgin <67952005.bxtw>,Simon BÈgin <67952005.bxtw>
74083,Brassard / Roy,H-C,Actif,Aucun visuel affich√©,,12-07-2025 01:34 PM,12-07-2025 01:34 PM,4501,Simon BÈgin <67952005.bxtw>,Simon BÈgin <67952005.bxtw>
74084,Brassard / de Longueuil,H-C,Actif,Aucun visuel affich√©,,12-07-2025 01:34 PM,12-07-2025 01:34 PM,4502,Simon BÈgin <67952005.bxtw>,Simon BÈgin <67952005.bxtw>
74085,Brassard / de Longueuil,H-C,Actif,Aucun visuel affich√©,,12-07-2025 01:34 PM,12-07-2025 01:34 PM,4503,Simon BÈgin <67952005.bxtw>,Simon BÈgin <67952005.bxtw>
74087,Bourgogne / Viens,H-C,Actif,Aucun visuel affich√©,,12-07-2025 01:34 PM,12-07-2025 01:34 PM,4504,Simon BÈgin <67952005.bxtw>,Simon BÈgin <67952005.bxtw>
74088,Brassard / Michel-Lagu√´,H-C,Actif,Aucun visuel affich√©,,12-07-2025 01:34 PM,12-07-2025 01:34 PM,4505,Simon BÈgin <67952005.bxtw>,Simon BÈgin <67952005.bxtw>
74089,Brassard / Michel-Lagu√´,H-C,Actif,Aucun visuel affich√©,,12-07-2025 01:34 PM,12-07-2025 01:34 PM,4506,Simon BÈgin <67952005.bxtw>,Simon BÈgin <67952005.bxtw>
74091,Bourgogne / Napol√©on,H-C,Actif,Aucun visuel affich√©,,12-07-2025 01:34 PM,12-07-2025 01:34 PM,4507,Simon BÈgin <67952005.bxtw>,Simon BÈgin <67952005.bxtw>
74093,Bourgogne / Saint-Louis,H-C,Actif,Aucun visuel affich√©,,12-07-2025 01:34 PM,12-07-2025 01:34 PM,4508,Simon BÈgin <67952005.bxtw>,Simon BÈgin <67952005.bxtw>
74094,Bourgogne / Saint-Louis,H-C,Actif,Aucun visuel affich√©,,12-07-2025 01:34 PM,12-07-2025 01:34 PM,4509,Simon BÈgin <67952005.bxtw>,Simon BÈgin <67952005.bxtw>
74096,Bourgogne / Viens,H-C,Actif,Aucun visuel affich√©,,12-07-2025 01:34 PM,12-07-2025 01:34 PM,4510,Simon BÈgin <67952005.bxtw>,Simon BÈgin <67952005.bxtw>
74097,Bourgogne / Saint-Georges,H-C,Actif,Aucun visuel affich√©,,12-07-2025 01:34 PM,12-07-2025 01:34 PM,4511,Simon BÈgin <67952005.bxtw>,Simon BÈgin <67952005.bxtw>
74098,Fr√©chette / de P√©rigny,H-C,Actif,Aucun visuel affich√©,,12-07-2025 01:34 PM,12-07-2025 01:34 PM,4512,Simon BÈgin <67952005.bxtw>,Simon BÈgin <67952005.bxtw>
74099,Fr√©chette / de P√©rigny,H-C,Actif,Aucun visuel affich√©,,12-07-2025 01:34 PM,12-07-2025 01:34 PM,4513,Simon BÈgin <67952005.bxtw>,Simon BÈgin <67952005.bxtw>
74100,Bourgogne / Saint-Georges,H-C,Actif,Aucun visuel affich√©,,12-07-2025 01:34 PM,12-07-2025 01:34 PM,4514,Simon BÈgin <67952005.bxtw>,Simon BÈgin <67952005.bxtw>
74101,Bourgogne / Charles-Boyer,H-C,Actif,Aucun visuel affich√©,,12-07-2025 01:34 PM,12-07-2025 01:34 PM,4515,Simon BÈgin <67952005.bxtw>,Simon BÈgin <67952005.bxtw>
74104,Terminus Chambly - Quai 6,H-C,Actif,Aucun visuel affich√©,,12-07-2025 01:34 PM,12-07-2025 01:34 PM,4516,Simon BÈgin <67952005.bxtw>,Simon BÈgin <67952005.bxtw>
74105,Fonrouge / Kennedy,H-C,Actif,Aucun visuel affich√©,,12-07-2025 01:34 PM,12-07-2025 01:34 PM,4517,Simon BÈgin <67952005.bxtw>,Simon BÈgin <67952005.bxtw>
74109,Industriel / de P√©rigny,H-C,Actif,Aucun visuel affich√©,,12-07-2025 01:34 PM,12-07-2025 01:34 PM,4518,Simon BÈgin <67952005.bxtw>,Simon BÈgin <67952005.bxtw>
74110,Industriel / de P√©rigny,H-C,Actif,Aucun visuel affich√©,,12-07-2025 01:34 PM,12-07-2025 01:34 PM,4519,Simon BÈgin <67952005.bxtw>,Simon BÈgin <67952005.bxtw>
74111,Industriel / Simard,H-C,Actif,Aucun visuel affich√©,,12-07-2025 01:34 PM,12-07-2025 01:34 PM,4520,Simon BÈgin <67952005.bxtw>,Simon BÈgin <67952005.bxtw>
74113,Franquet / Industriel,H-C,Actif,Aucun visuel affich√©,,12-07-2025 01:34 PM,12-07-2025 01:34 PM,4521,Simon BÈgin <67952005.bxtw>,Simon BÈgin <67952005.bxtw>
74114,Industriel / Franquet,H-C,Actif,Aucun visuel affich√©,,12-07-2025 01:34 PM,12-07-2025 01:34 PM,4522,Simon BÈgin <67952005.bxtw>,Simon BÈgin <67952005.bxtw>
74116,Terminus Chambly - Quai 1,H-C,Actif,Aucun visuel affich√©,,12-07-2025 01:34 PM,12-07-2025 01:34 PM,4523,Simon BÈgin <67952005.bxtw>,Simon BÈgin <67952005.bxtw>
74117,Terminus Chambly - Quai 2,H-C,Actif,Aucun visuel affich√©,,12-07-2025 01:34 PM,12-07-2025 01:34 PM,4524,Simon BÈgin <67952005.bxtw>,Simon BÈgin <67952005.bxtw>
74118,Bourgogne / Maurice,H-C,Actif,Aucun visuel affich√©,,12-07-2025 01:34 PM,12-07-2025 01:34 PM,4525,Simon BÈgin <67952005.bxtw>,Simon BÈgin <67952005.bxtw>
74119,Terminus Chambly - Quai 3,H-C,Actif,Aucun visuel affich√©,,12-07-2025 01:34 PM,12-07-2025 01:34 PM,4526,Simon BÈgin <67952005.bxtw>,Simon BÈgin <67952005.bxtw>
74120,Bourgogne / Maurice,H-C,Actif,Aucun visuel affich√©,,12-07-2025 01:34 PM,12-07-2025 01:34 PM,4527,Simon BÈgin <67952005.bxtw>,Simon BÈgin <67952005.bxtw>
74122,Bourgogne / Langevin,H-C,Actif,Aucun visuel affich√©,,12-07-2025 01:34 PM,12-07-2025 01:34 PM,4528,Simon BÈgin <67952005.bxtw>,Simon BÈgin <67952005.bxtw>
74123,Bourgogne / Langevin,H-C,Actif,Aucun visuel affich√©,,12-07-2025 01:34 PM,12-07-2025 01:34 PM,4529,Simon BÈgin <67952005.bxtw>,Simon BÈgin <67952005.bxtw>
74124,Bourgogne / Henderson,H-C,Actif,Aucun visuel affich√©,,12-07-2025 01:34 PM,12-07-2025 01:34 PM,4530,Simon BÈgin <67952005.bxtw>,Simon BÈgin <67952005.bxtw>
74125,Bourgogne / du Parc,H-C,Actif,Aucun visuel affich√©,,12-07-2025 01:34 PM,12-07-2025 01:34 PM,4531,Simon BÈgin <67952005.bxtw>,Simon BÈgin <67952005.bxtw>
74126,de Gentilly / Jean-Monty,H-C,Actif,Aucun visuel affich√©,,12-07-2025 01:34 PM,12-07-2025 01:34 PM,4532,Simon BÈgin <67952005.bxtw>,Simon BÈgin <67952005.bxtw>
74128,Franquet / Duvernay,H-C,Actif,Aucun visuel affich√©,,12-07-2025 01:34 PM,12-07-2025 01:34 PM,4533,Simon BÈgin <67952005.bxtw>,Simon BÈgin <67952005.bxtw>
74129,Terminus Chambly - Quai 4,H-C,Actif,Aucun visuel affich√©,,12-07-2025 01:34 PM,12-07-2025 01:34 PM,4534,Simon BÈgin <67952005.bxtw>,Simon BÈgin <67952005.bxtw>
74130,Terminus Chambly - Quai 5,H-C,Actif,Aucun visuel affich√©,,12-07-2025 01:34 PM,12-07-2025 01:34 PM,4535,Simon BÈgin <67952005.bxtw>,Simon BÈgin <67952005.bxtw>
74131,Terminus Chambly - Quai taxi,H-C,Actif,Aucun visuel affich√©,,12-07-2025 01:34 PM,12-07-2025 01:34 PM,4536,Simon BÈgin <67952005.bxtw>,Simon BÈgin <67952005.bxtw>
74132,de Gentilly / Pierre-Cognac,H-C,Actif,Aucun visuel affich√©,,12-07-2025 01:34 PM,12-07-2025 01:34 PM,4537,Simon BÈgin <67952005.bxtw>,Simon BÈgin <67952005.bxtw>
74136,de Gentilly / Hertel,H-C,Actif,Aucun visuel affich√©,,12-07-2025 01:34 PM,12-07-2025 01:34 PM,4538,Simon BÈgin <67952005.bxtw>,Simon BÈgin <67952005.bxtw>
74138,Fr√©chette / Bourgogne,H-C,Actif,Aucun visuel affich√©,,12-07-2025 01:34 PM,12-07-2025 01:34 PM,4539,Simon BÈgin <67952005.bxtw>,Simon BÈgin <67952005.bxtw>
74139,Bourgogne / Fr√©chette,H-C,Actif,Aucun visuel affich√©,,12-07-2025 01:34 PM,12-07-2025 01:34 PM,4540,Simon BÈgin <67952005.bxtw>,Simon BÈgin <67952005.bxtw>
74140,Bourgogne / Fr√©chette,H-C,Actif,Aucun visuel affich√©,,12-07-2025 01:34 PM,12-07-2025 01:34 PM,4541,Simon BÈgin <67952005.bxtw>,Simon BÈgin <67952005.bxtw>
74141,Bourgogne / Martel,H-C,Actif,Aucun visuel affich√©,,12-07-2025 01:34 PM,12-07-2025 01:34 PM,4542,Simon BÈgin <67952005.bxtw>,Simon BÈgin <67952005.bxtw>
74153,Taschereau / devant l'√©cole G√©rard Filion,H-C,Actif,Aucun visuel affich√©,,12-07-2025 01:34 PM,12-07-2025 01:34 PM,4543,Simon BÈgin <67952005.bxtw>,Simon BÈgin <67952005.bxtw>
74154,Taschereau / Saint-Thomas,H-C,Actif,Aucun visuel affich√©,,12-07-2025 01:34 PM,12-07-2025 01:34 PM,4544,Simon BÈgin <67952005.bxtw>,Simon BÈgin <67952005.bxtw>
74157,du S√©minaire Nord / Saint-Michel,H-C,Actif,Aucun visuel affich√©,,12-07-2025 01:34 PM,12-07-2025 01:34 PM,4545,Simon BÈgin <67952005.bxtw>,Simon BÈgin <67952005.bxtw>
74158,du S√©minaire Nord / Saint-Michel,H-C,Actif,Aucun visuel affich√©,,12-07-2025 01:34 PM,12-07-2025 01:34 PM,4546,Simon BÈgin <67952005.bxtw>,Simon BÈgin <67952005.bxtw>
74167,D√©sourdy / L√©on-Par√©,H-C,Actif,Aucun visuel affich√©,,12-07-2025 01:34 PM,12-07-2025 01:34 PM,4547,Simon BÈgin <67952005.bxtw>,Simon BÈgin <67952005.bxtw>
74169,D√©sourdy / face au civique 3152,H-C,Actif,Aucun visuel affich√©,,12-07-2025 01:34 PM,12-07-2025 01:34 PM,4548,Simon BÈgin <67952005.bxtw>,Simon BÈgin <67952005.bxtw>
74170,Henriette / L√©onard-Tresny,H-C,Actif,Aucun visuel affich√©,,12-07-2025 01:34 PM,12-07-2025 01:34 PM,4549,Simon BÈgin <67952005.bxtw>,Simon BÈgin <67952005.bxtw>
74171,Henriette / L√©onard-Tresny,H-C,Actif,Aucun visuel affich√©,,12-07-2025 01:34 PM,12-07-2025 01:34 PM,4550,Simon BÈgin <67952005.bxtw>,Simon BÈgin <67952005.bxtw>
74182,de Chambly / Saint-Charles,H-C,Actif,Aucun visuel affich√©,,12-07-2025 01:34 PM,12-07-2025 01:34 PM,4551,Simon BÈgin <67952005.bxtw>,Simon BÈgin <67952005.bxtw>
74185,Bourgogne / Martel,H-C,Actif,Aucun visuel affich√©,,12-07-2025 01:34 PM,12-07-2025 01:34 PM,4552,Simon BÈgin <67952005.bxtw>,Simon BÈgin <67952005.bxtw>
74187,du Pont / Jeannotte,H-C,Actif,Aucun visuel affich√©,,12-07-2025 01:34 PM,12-07-2025 01:34 PM,4553,Simon BÈgin <67952005.bxtw>,Simon BÈgin <67952005.bxtw>
74189,de Chambly / Racicot,H-C,Actif,Aucun visuel affich√©,,12-07-2025 01:34 PM,12-07-2025 01:34 PM,4554,Simon BÈgin <67952005.bxtw>,Simon BÈgin <67952005.bxtw>
74190,du Pont / Jeannotte,H-C,Actif,Aucun visuel affich√©,,12-07-2025 01:34 PM,12-07-2025 01:34 PM,4555,Simon BÈgin <67952005.bxtw>,Simon BÈgin <67952005.bxtw>
74191,Ivanier / Claude-de Ramezay,H-C,Actif,Aucun visuel affich√©,,12-07-2025 01:34 PM,12-07-2025 01:34 PM,4556,Simon BÈgin <67952005.bxtw>,Simon BÈgin <67952005.bxtw>
74192,Ivanier / Claude-de Ramezay,H-C,Actif,Aucun visuel affich√©,,12-07-2025 01:34 PM,12-07-2025 01:34 PM,4557,Simon BÈgin <67952005.bxtw>,Simon BÈgin <67952005.bxtw>
74194,Claude-De Ramezay / du Pont,H-C,Actif,Aucun visuel affich√©,,12-07-2025 01:34 PM,12-07-2025 01:34 PM,4558,Simon BÈgin <67952005.bxtw>,Simon BÈgin <67952005.bxtw>
74198,de Chambly / Ouellette,H-C,Actif,Aucun visuel affich√©,,12-07-2025 01:34 PM,12-07-2025 01:34 PM,4559,Simon BÈgin <67952005.bxtw>,Simon BÈgin <67952005.bxtw>
74199,de Chambly / Ouellette,H-C,Actif,Aucun visuel affich√©,,12-07-2025 01:34 PM,12-07-2025 01:34 PM,4560,Simon BÈgin <67952005.bxtw>,Simon BÈgin <67952005.bxtw>
74200,de Chambly / Racicot,H-C,Actif,Aucun visuel affich√©,,12-07-2025 01:34 PM,12-07-2025 01:34 PM,4561,Simon BÈgin <67952005.bxtw>,Simon BÈgin <67952005.bxtw>
74201,de Chambly / des C√®dres,H-C,Actif,Aucun visuel affich√©,,12-07-2025 01:34 PM,12-07-2025 01:34 PM,4562,Simon BÈgin <67952005.bxtw>,Simon BÈgin <67952005.bxtw>
74202,de Chambly / des C√®dres,H-C,Actif,Aucun visuel affich√©,,12-07-2025 01:34 PM,12-07-2025 01:34 PM,4563,Simon BÈgin <67952005.bxtw>,Simon BÈgin <67952005.bxtw>
74203,de Chambly / Auclair,H-C,Actif,Aucun visuel affich√©,,12-07-2025 01:34 PM,12-07-2025 01:34 PM,4564,Simon BÈgin <67952005.bxtw>,Simon BÈgin <67952005.bxtw>
74204,de Chambly / Auclair,H-C,Actif,Aucun visuel affich√©,,12-07-2025 01:34 PM,12-07-2025 01:34 PM,4565,Simon BÈgin <67952005.bxtw>,Simon BÈgin <67952005.bxtw>
74205,du Pont / des Roseaux,H-C,Actif,Aucun visuel affich√©,,12-07-2025 01:34 PM,12-07-2025 01:34 PM,4566,Simon BÈgin <67952005.bxtw>,Simon BÈgin <67952005.bxtw>
74213,Terminus Centre-Ville - Porte 21,H-C,Actif,Aucun visuel affich√©,,12-07-2025 01:34 PM,12-07-2025 01:34 PM,4567,Simon BÈgin <67952005.bxtw>,Simon BÈgin <67952005.bxtw>
74221,Claude-De Ramezay / Des Rosiers,H-C,Actif,Aucun visuel affich√©,,12-07-2025 01:34 PM,12-07-2025 01:34 PM,4568,Simon BÈgin <67952005.bxtw>,Simon BÈgin <67952005.bxtw>
74222,Claude-De Ramezay / Des Rosiers,H-C,Actif,Aucun visuel affich√©,,12-07-2025 01:34 PM,12-07-2025 01:34 PM,4569,Simon BÈgin <67952005.bxtw>,Simon BÈgin <67952005.bxtw>
74223,Claude-De Ramezay / Edmond-Guillet,H-C,Actif,Aucun visuel affich√©,,12-07-2025 01:34 PM,12-07-2025 01:34 PM,4570,Simon BÈgin <67952005.bxtw>,Simon BÈgin <67952005.bxtw>
74224,Claude-De Ramezay / Edmond-Guillet,H-C,Actif,Aucun visuel affich√©,,12-07-2025 01:34 PM,12-07-2025 01:34 PM,4571,Simon BÈgin <67952005.bxtw>,Simon BÈgin <67952005.bxtw>
74228,Claude-De Ramezay / Jeannotte,H-C,Actif,Aucun visuel affich√©,,12-07-2025 01:34 PM,12-07-2025 01:34 PM,4572,Simon BÈgin <67952005.bxtw>,Simon BÈgin <67952005.bxtw>
74229,Ivanier / Desjardins,H-C,Actif,Aucun visuel affich√©,,12-07-2025 01:34 PM,12-07-2025 01:34 PM,4573,Simon BÈgin <67952005.bxtw>,Simon BÈgin <67952005.bxtw>
74230,Ivanier / Desjardins,H-C,Actif,Aucun visuel affich√©,,12-07-2025 01:34 PM,12-07-2025 01:34 PM,4574,Simon BÈgin <67952005.bxtw>,Simon BÈgin <67952005.bxtw>
74231,Ivanier / Ar√®s,H-C,Actif,Aucun visuel affich√©,,12-07-2025 01:34 PM,12-07-2025 01:34 PM,4575,Simon BÈgin <67952005.bxtw>,Simon BÈgin <67952005.bxtw>
74232,Ivanier / Ar√®s,H-C,Actif,Aucun visuel affich√©,,12-07-2025 01:34 PM,12-07-2025 01:34 PM,4576,Simon BÈgin <67952005.bxtw>,Simon BÈgin <67952005.bxtw>
74237,des Patriotes / Mont√©e Daigneault,H-C,Actif,Aucun visuel affich√©,,12-07-2025 01:34 PM,12-07-2025 01:34 PM,4577,Simon BÈgin <67952005.bxtw>,Simon BÈgin <67952005.bxtw>
74239,des Patriotes / Samuel-Bessette,H-C,Actif,Aucun visuel affich√©,,12-07-2025 01:34 PM,12-07-2025 01:34 PM,4578,Simon BÈgin <67952005.bxtw>,Simon BÈgin <67952005.bxtw>
74243,du Pont / Desjardins,H-C,Actif,Aucun visuel affich√©,,12-07-2025 01:34 PM,12-07-2025 01:34 PM,4579,Simon BÈgin <67952005.bxtw>,Simon BÈgin <67952005.bxtw>
74244,du Pont / Desjardins,H-C,Actif,Aucun visuel affich√©,,12-07-2025 01:34 PM,12-07-2025 01:34 PM,4580,Simon BÈgin <67952005.bxtw>,Simon BÈgin <67952005.bxtw>
74245,du Pont / Henri-Bourassa,H-C,Actif,Aucun visuel affich√©,,12-07-2025 01:34 PM,12-07-2025 01:34 PM,4581,Simon BÈgin <67952005.bxtw>,Simon BÈgin <67952005.bxtw>
74246,du Pont / Henri-Bourassa,H-C,Actif,Aucun visuel affich√©,,12-07-2025 01:34 PM,12-07-2025 01:34 PM,4582,Simon BÈgin <67952005.bxtw>,Simon BÈgin <67952005.bxtw>
74254,des Patriotes / 12e Avenue,H-C,Actif,Aucun visuel affich√©,,12-07-2025 01:34 PM,12-07-2025 01:34 PM,4583,Simon BÈgin <67952005.bxtw>,Simon BÈgin <67952005.bxtw>
74256,des Patriotes / 12e Avenue,H-C,Actif,Aucun visuel affich√©,,12-07-2025 01:34 PM,12-07-2025 01:34 PM,4584,Simon BÈgin <67952005.bxtw>,Simon BÈgin <67952005.bxtw>
74257,Richelieu / 1re Rue,H-C,Actif,Aucun visuel affich√©,,12-07-2025 01:34 PM,12-07-2025 01:34 PM,4585,Simon BÈgin <67952005.bxtw>,Simon BÈgin <67952005.bxtw>
74258,Richelieu / 2e Rue,H-C,Actif,Aucun visuel affich√©,,12-07-2025 01:34 PM,12-07-2025 01:34 PM,4586,Simon BÈgin <67952005.bxtw>,Simon BÈgin <67952005.bxtw>
74260,Richelieu / 5e Rue,H-C,Actif,Aucun visuel affich√©,,12-07-2025 01:34 PM,12-07-2025 01:34 PM,4587,Simon BÈgin <67952005.bxtw>,Simon BÈgin <67952005.bxtw>
74261,Richelieu / 5e Rue,H-C,Actif,Aucun visuel affich√©,,12-07-2025 01:34 PM,12-07-2025 01:34 PM,4588,Simon BÈgin <67952005.bxtw>,Simon BÈgin <67952005.bxtw>
74264,Richelieu / 3e Rue,H-C,Actif,Aucun visuel affich√©,,12-07-2025 01:34 PM,12-07-2025 01:34 PM,4589,Simon BÈgin <67952005.bxtw>,Simon BÈgin <67952005.bxtw>
74265,Richelieu / 3e Rue,H-C,Actif,Aucun visuel affich√©,,12-07-2025 01:34 PM,12-07-2025 01:34 PM,4590,Simon BÈgin <67952005.bxtw>,Simon BÈgin <67952005.bxtw>
74270,Plaza / des Patriotes,H-C,Actif,Aucun visuel affich√©,,12-07-2025 01:34 PM,12-07-2025 01:34 PM,4591,Simon BÈgin <67952005.bxtw>,Simon BÈgin <67952005.bxtw>
74271,des Patriotes / des √âpinettes,H-C,Actif,Aucun visuel affich√©,,12-07-2025 01:34 PM,12-07-2025 01:34 PM,4592,Simon BÈgin <67952005.bxtw>,Simon BÈgin <67952005.bxtw>
74272,des Patriotes / des √âpinettes,H-C,Actif,Aucun visuel affich√©,,12-07-2025 01:34 PM,12-07-2025 01:34 PM,4593,Simon BÈgin <67952005.bxtw>,Simon BÈgin <67952005.bxtw>
74273,des Patriotes / Lussier,H-C,Actif,Aucun visuel affich√©,,12-07-2025 01:34 PM,12-07-2025 01:34 PM,4594,Simon BÈgin <67952005.bxtw>,Simon BÈgin <67952005.bxtw>
74274,des Patriotes / Mass√©,H-C,Actif,Aucun visuel affich√©,,12-07-2025 01:34 PM,12-07-2025 01:34 PM,4595,Simon BÈgin <67952005.bxtw>,Simon BÈgin <67952005.bxtw>
74275,des Patriotes / Robert (face √† rue J.-Th√©berge),H-C,Actif,Aucun visuel affich√©,,12-07-2025 01:34 PM,12-07-2025 01:34 PM,4596,Simon BÈgin <67952005.bxtw>,Simon BÈgin <67952005.bxtw>
74276,des Patriotes / Joseph-Th√©berge,H-C,Actif,Aucun visuel affich√©,,12-07-2025 01:34 PM,12-07-2025 01:34 PM,4597,Simon BÈgin <67952005.bxtw>,Simon BÈgin <67952005.bxtw>
74278,des Patriotes / Richelieu,H-C,Actif,Aucun visuel affich√©,,12-07-2025 01:34 PM,12-07-2025 01:34 PM,4598,Simon BÈgin <67952005.bxtw>,Simon BÈgin <67952005.bxtw>
74279,des Patriotes / Richelieu,H-C,Actif,Aucun visuel affich√©,,12-07-2025 01:34 PM,12-07-2025 01:34 PM,4599,Simon BÈgin <67952005.bxtw>,Simon BÈgin <67952005.bxtw>
74280,des Patriotes / devant le civique 56,H-C,Actif,Aucun visuel affich√©,,12-07-2025 01:34 PM,12-07-2025 01:34 PM,4600,Simon BÈgin <67952005.bxtw>,Simon BÈgin <67952005.bxtw>
74281,des Patriotes / face au civique 56,H-C,Actif,Aucun visuel affich√©,,12-07-2025 01:34 PM,12-07-2025 01:34 PM,4601,Simon BÈgin <67952005.bxtw>,Simon BÈgin <67952005.bxtw>
74285,des Promenades / face au Tim Horton's,H-C,Actif,Aucun visuel affich√©,,12-07-2025 01:34 PM,12-07-2025 01:34 PM,4602,Simon BÈgin <67952005.bxtw>,Simon BÈgin <67952005.bxtw>
74286,des Promenades / devant le Tim Horton's,H-C,Actif,Aucun visuel affich√©,,12-07-2025 01:34 PM,12-07-2025 01:34 PM,4603,Simon BÈgin <67952005.bxtw>,Simon BÈgin <67952005.bxtw>
74287,des Promenades / Laure-L.-Hosson,H-C,Actif,Aucun visuel affich√©,,12-07-2025 01:34 PM,12-07-2025 01:34 PM,4604,Simon BÈgin <67952005.bxtw>,Simon BÈgin <67952005.bxtw>
74288,des Promenades / Laure-L.-Hosson,H-C,Actif,Aucun visuel affich√©,,12-07-2025 01:34 PM,12-07-2025 01:34 PM,4605,Simon BÈgin <67952005.bxtw>,Simon BÈgin <67952005.bxtw>
74289,des Patriotes / Monseigneur-Phaneuf,H-C,Actif,Aucun visuel affich√©,,12-07-2025 01:34 PM,12-07-2025 01:34 PM,4606,Simon BÈgin <67952005.bxtw>,Simon BÈgin <67952005.bxtw>
74290,des Patriotes / Monseigneur-Phaneuf,H-C,Actif,Aucun visuel affich√©,,12-07-2025 01:34 PM,12-07-2025 01:34 PM,4607,Simon BÈgin <67952005.bxtw>,Simon BÈgin <67952005.bxtw>
74294,Route 112 / face au Faubourg Carignan,H-C,Actif,Aucun visuel affich√©,,12-07-2025 01:34 PM,12-07-2025 01:34 PM,4608,Simon BÈgin <67952005.bxtw>,Simon BÈgin <67952005.bxtw>
74295,Route 112 / devant le Faubourg Carignan,H-C,Actif,Aucun visuel affich√©,,12-07-2025 01:34 PM,12-07-2025 01:34 PM,4609,Simon BÈgin <67952005.bxtw>,Simon BÈgin <67952005.bxtw>
74296,des Patriotes / Albert-Perron,H-C,Actif,Aucun visuel affich√©,,12-07-2025 01:34 PM,12-07-2025 01:34 PM,4610,Simon BÈgin <67952005.bxtw>,Simon BÈgin <67952005.bxtw>
74297,des Patriotes / Albert-Perron,H-C,Actif,Aucun visuel affich√©,,12-07-2025 01:34 PM,12-07-2025 01:34 PM,4611,Simon BÈgin <67952005.bxtw>,Simon BÈgin <67952005.bxtw>
74302,de Chambly / des Promenades,H-C,Actif,Aucun visuel affich√©,,12-07-2025 01:34 PM,12-07-2025 01:34 PM,4612,Simon BÈgin <67952005.bxtw>,Simon BÈgin <67952005.bxtw>
74304,des Promenades / de Chambly,H-C,Actif,Aucun visuel affich√©,,12-07-2025 01:34 PM,12-07-2025 01:34 PM,4613,Simon BÈgin <67952005.bxtw>,Simon BÈgin <67952005.bxtw>
74312,Cousineau / Mont√©e Saint-Hubert,H-C,Actif,Aucun visuel affich√©,,12-07-2025 01:34 PM,12-07-2025 01:34 PM,4614,Simon BÈgin <67952005.bxtw>,Simon BÈgin <67952005.bxtw>
74313,Cousineau / Mont√©e Saint-Hubert,H-C,Actif,Aucun visuel affich√©,,12-07-2025 01:34 PM,12-07-2025 01:34 PM,4615,Simon BÈgin <67952005.bxtw>,Simon BÈgin <67952005.bxtw>
74314,Cousineau / devant l'√âcole Andr√©-Laurendeau,H-C,Actif,Aucun visuel affich√©,,12-07-2025 01:34 PM,12-07-2025 01:34 PM,4616,Simon BÈgin <67952005.bxtw>,Simon BÈgin <67952005.bxtw>
74315,Cousineau / face √† l'√âcole Andr√©-Laurendeau,H-C,Actif,Aucun visuel affich√©,,12-07-2025 01:34 PM,12-07-2025 01:34 PM,4617,Simon BÈgin <67952005.bxtw>,Simon BÈgin <67952005.bxtw>
74321,Cousineau / Ga√©tan-Boucher,H-C,Actif,Aucun visuel affich√©,,12-07-2025 01:34 PM,12-07-2025 01:34 PM,4618,Simon BÈgin <67952005.bxtw>,Simon BÈgin <67952005.bxtw>
74322,Cousineau / Ga√©tan-Boucher,H-C,Actif,Aucun visuel affich√©,,12-07-2025 01:34 PM,12-07-2025 01:34 PM,4619,Simon BÈgin <67952005.bxtw>,Simon BÈgin <67952005.bxtw>
74441,du S√©minaire Nord / Georges-Phaneuf,H-C,Actif,Aucun visuel affich√©,,12-07-2025 01:34 PM,12-07-2025 01:34 PM,4620,Simon BÈgin <67952005.bxtw>,Simon BÈgin <67952005.bxtw>
74442,du S√©minaire Nord / Georges-Phaneuf,H-C,Actif,Aucun visuel affich√©,,12-07-2025 01:34 PM,12-07-2025 01:34 PM,4621,Simon BÈgin <67952005.bxtw>,Simon BÈgin <67952005.bxtw>
74453,Bourgogne / Charles-Boyer,H-C,Actif,Aucun visuel affich√©,,12-07-2025 01:34 PM,12-07-2025 01:34 PM,4622,Simon BÈgin <67952005.bxtw>,Simon BÈgin <67952005.bxtw>
74458,des Patriotes / 14e Avenue,H-C,Actif,Aucun visuel affich√©,,12-07-2025 01:34 PM,12-07-2025 01:34 PM,4623,Simon BÈgin <67952005.bxtw>,Simon BÈgin <67952005.bxtw>
74463,des Patriotes / 14e Avenue,H-C,Actif,Aucun visuel affich√©,,12-07-2025 01:34 PM,12-07-2025 01:34 PM,4624,Simon BÈgin <67952005.bxtw>,Simon BÈgin <67952005.bxtw>
74472,Franquet / de Gentilly,H-C,Actif,Aucun visuel affich√©,,12-07-2025 01:34 PM,12-07-2025 01:34 PM,4625,Simon BÈgin <67952005.bxtw>,Simon BÈgin <67952005.bxtw>
74475,des Patriotes / Samuel-Bessette,H-C,Actif,Aucun visuel affich√©,,12-07-2025 01:34 PM,12-07-2025 01:34 PM,4626,Simon BÈgin <67952005.bxtw>,Simon BÈgin <67952005.bxtw>
74479,Bellerive / Bachand,H-C,Actif,Aucun visuel affich√©,,12-07-2025 01:34 PM,12-07-2025 01:34 PM,4627,Simon BÈgin <67952005.bxtw>,Simon BÈgin <67952005.bxtw>
74480,Bellevue / devant l'H√¥tel de Ville de Carignan,H-C,Actif,Aucun visuel affich√©,,12-07-2025 01:34 PM,12-07-2025 01:34 PM,4628,Simon BÈgin <67952005.bxtw>,Simon BÈgin <67952005.bxtw>
74481,Bellevue / face √† l'H√¥tel de Ville de Carignan,H-C,Actif,Aucun visuel affich√©,,12-07-2025 01:34 PM,12-07-2025 01:34 PM,4629,Simon BÈgin <67952005.bxtw>,Simon BÈgin <67952005.bxtw>
74482,Bellerive / de Chambly,H-C,Actif,Aucun visuel affich√©,,12-07-2025 01:34 PM,12-07-2025 01:34 PM,4630,Simon BÈgin <67952005.bxtw>,Simon BÈgin <67952005.bxtw>
74483,Bellerive / de Chambly,H-C,Actif,Aucun visuel affich√©,,12-07-2025 01:34 PM,12-07-2025 01:34 PM,4631,Simon BÈgin <67952005.bxtw>,Simon BÈgin <67952005.bxtw>
74484,Bachand / Bellevue,H-C,Actif,Aucun visuel affich√©,,12-07-2025 01:34 PM,12-07-2025 01:34 PM,4632,Simon BÈgin <67952005.bxtw>,Simon BÈgin <67952005.bxtw>
74485,Bellevue / Bachand,H-C,Actif,Aucun visuel affich√©,,12-07-2025 01:34 PM,12-07-2025 01:34 PM,4633,Simon BÈgin <67952005.bxtw>,Simon BÈgin <67952005.bxtw>
74486,Bachand / Bellerive,H-C,Actif,Aucun visuel affich√©,,12-07-2025 01:34 PM,12-07-2025 01:34 PM,4634,Simon BÈgin <67952005.bxtw>,Simon BÈgin <67952005.bxtw>
74487,Bellerive / Bachand,H-C,Actif,Aucun visuel affich√©,,12-07-2025 01:34 PM,12-07-2025 01:34 PM,4635,Simon BÈgin <67952005.bxtw>,Simon BÈgin <67952005.bxtw>
74488,Bachand / Bellerive,H-C,Actif,Aucun visuel affich√©,,12-07-2025 01:34 PM,12-07-2025 01:34 PM,4636,Simon BÈgin <67952005.bxtw>,Simon BÈgin <67952005.bxtw>
74489,Bellerive / Marie-Anne Est,H-C,Actif,Aucun visuel affich√©,,12-07-2025 01:34 PM,12-07-2025 01:34 PM,4637,Simon BÈgin <67952005.bxtw>,Simon BÈgin <67952005.bxtw>
74490,Bellerive / Marie-Anne Est,H-C,Actif,Aucun visuel affich√©,,12-07-2025 01:34 PM,12-07-2025 01:34 PM,4638,Simon BÈgin <67952005.bxtw>,Simon BÈgin <67952005.bxtw>
74491,Bachand / devant le Parc des V√©t√©rans,H-C,Actif,Aucun visuel affich√©,,12-07-2025 01:34 PM,12-07-2025 01:34 PM,4639,Simon BÈgin <67952005.bxtw>,Simon BÈgin <67952005.bxtw>
74492,Bachand / face au Parc des V√©t√©rans,H-C,Actif,Aucun visuel affich√©,,12-07-2025 01:34 PM,12-07-2025 01:34 PM,4640,Simon BÈgin <67952005.bxtw>,Simon BÈgin <67952005.bxtw>
74493,Bachand / devant le civique 2114,H-C,Actif,Aucun visuel affich√©,,12-07-2025 01:34 PM,12-07-2025 01:34 PM,4641,Simon BÈgin <67952005.bxtw>,Simon BÈgin <67952005.bxtw>
74494,Bachand / devant le civique 2129,H-C,Actif,Aucun visuel affich√©,,12-07-2025 01:34 PM,12-07-2025 01:34 PM,4642,Simon BÈgin <67952005.bxtw>,Simon BÈgin <67952005.bxtw>
74495,des Roses / des P√©tunias,H-C,Actif,Aucun visuel affich√©,,12-07-2025 01:34 PM,12-07-2025 01:34 PM,4643,Simon BÈgin <67952005.bxtw>,Simon BÈgin <67952005.bxtw>
74496,des Tulipes / face au civique 1994,H-C,Actif,Aucun visuel affich√©,,12-07-2025 01:34 PM,12-07-2025 01:34 PM,4644,Simon BÈgin <67952005.bxtw>,Simon BÈgin <67952005.bxtw>
74497,Henriette / Albani,H-C,Actif,Aucun visuel affich√©,,12-07-2025 01:34 PM,12-07-2025 01:34 PM,4645,Simon BÈgin <67952005.bxtw>,Simon BÈgin <67952005.bxtw>
74498,Henriette / Albani,H-C,Actif,Aucun visuel affich√©,,12-07-2025 01:34 PM,12-07-2025 01:34 PM,4646,Simon BÈgin <67952005.bxtw>,Simon BÈgin <67952005.bxtw>
74499,Bellerive / Gilbert-Martel,H-C,Actif,Aucun visuel affich√©,,12-07-2025 01:34 PM,12-07-2025 01:34 PM,4647,Simon BÈgin <67952005.bxtw>,Simon BÈgin <67952005.bxtw>
74500,Gilbert-Martel / Bellerive,H-C,Actif,Aucun visuel affich√©,,12-07-2025 01:34 PM,12-07-2025 01:34 PM,4648,Simon BÈgin <67952005.bxtw>,Simon BÈgin <67952005.bxtw>
74501,Bellerive / Mont√©e du Moulin,H-C,Actif,Aucun visuel affich√©,,12-07-2025 01:34 PM,12-07-2025 01:34 PM,4649,Simon BÈgin <67952005.bxtw>,Simon BÈgin <67952005.bxtw>
74502,Bellerive / Mont√©e du Moulin,H-C,Actif,Aucun visuel affich√©,,12-07-2025 01:34 PM,12-07-2025 01:34 PM,4650,Simon BÈgin <67952005.bxtw>,Simon BÈgin <67952005.bxtw>
74503,Bellerive / Ren√©-Poupart,H-C,Actif,Aucun visuel affich√©,,12-07-2025 01:34 PM,12-07-2025 01:34 PM,4651,Simon BÈgin <67952005.bxtw>,Simon BÈgin <67952005.bxtw>
74504,Bellerive / Ren√©-Poupart,H-C,Actif,Aucun visuel affich√©,,12-07-2025 01:34 PM,12-07-2025 01:34 PM,4652,Simon BÈgin <67952005.bxtw>,Simon BÈgin <67952005.bxtw>
74505,Grande All√©e / Bernard-Boucher,H-C,Actif,Aucun visuel affich√©,,12-07-2025 01:34 PM,12-07-2025 01:34 PM,4653,Simon BÈgin <67952005.bxtw>,Simon BÈgin <67952005.bxtw>
74506,Grande-All√©e / Bernard-Boucher,H-C,Actif,Aucun visuel affich√©,,12-07-2025 01:34 PM,12-07-2025 01:34 PM,4654,Simon BÈgin <67952005.bxtw>,Simon BÈgin <67952005.bxtw>
74507,Grande All√©e / Coupal,H-C,Actif,Aucun visuel affich√©,,12-07-2025 01:34 PM,12-07-2025 01:34 PM,4655,Simon BÈgin <67952005.bxtw>,Simon BÈgin <67952005.bxtw>
74508,Grande All√©e / Coupal,H-C,Actif,Aucun visuel affich√©,,12-07-2025 01:34 PM,12-07-2025 01:34 PM,4656,Simon BÈgin <67952005.bxtw>,Simon BÈgin <67952005.bxtw>
74509,Grande All√©e / face au civique 1198,H-C,Actif,Aucun visuel affich√©,,12-07-2025 01:34 PM,12-07-2025 01:34 PM,4657,Simon BÈgin <67952005.bxtw>,Simon BÈgin <67952005.bxtw>
74510,Grande All√©e / devant le civique 1198,H-C,Actif,Aucun visuel affich√©,,12-07-2025 01:34 PM,12-07-2025 01:34 PM,4658,Simon BÈgin <67952005.bxtw>,Simon BÈgin <67952005.bxtw>
74511,Henriette / Charlotte-Dubuc,H-C,Actif,Aucun visuel affich√©,,12-07-2025 01:34 PM,12-07-2025 01:34 PM,4659,Simon BÈgin <67952005.bxtw>,Simon BÈgin <67952005.bxtw>
74512,Henriette / Charlotte-Dubuc,H-C,Actif,Aucun visuel affich√©,,12-07-2025 01:34 PM,12-07-2025 01:34 PM,4660,Simon BÈgin <67952005.bxtw>,Simon BÈgin <67952005.bxtw>
74513,Henriette / Jeanne-D√©chard,H-C,Actif,Aucun visuel affich√©,,12-07-2025 01:34 PM,12-07-2025 01:34 PM,4661,Simon BÈgin <67952005.bxtw>,Simon BÈgin <67952005.bxtw>
74514,Jeanne-D√©chard / Henriette,H-C,Actif,Aucun visuel affich√©,,12-07-2025 01:34 PM,12-07-2025 01:34 PM,4662,Simon BÈgin <67952005.bxtw>,Simon BÈgin <67952005.bxtw>
74515,Gilbert-Martel / Catherine-Godin,H-C,Actif,Aucun visuel affich√©,,12-07-2025 01:34 PM,12-07-2025 01:34 PM,4663,Simon BÈgin <67952005.bxtw>,Simon BÈgin <67952005.bxtw>
74516,Gilbert-Martel / Catherine-Godin,H-C,Actif,Aucun visuel affich√©,,12-07-2025 01:34 PM,12-07-2025 01:34 PM,4664,Simon BÈgin <67952005.bxtw>,Simon BÈgin <67952005.bxtw>
74517,des Roses / des P√©tunias,H-C,Actif,Aucun visuel affich√©,,12-07-2025 01:34 PM,12-07-2025 01:34 PM,4665,Simon BÈgin <67952005.bxtw>,Simon BÈgin <67952005.bxtw>
74518,des Roses / des Oeillets,H-C,Actif,Aucun visuel affich√©,,12-07-2025 01:34 PM,12-07-2025 01:34 PM,4666,Simon BÈgin <67952005.bxtw>,Simon BÈgin <67952005.bxtw>
74519,des Roses / des Oeillets,H-C,Actif,Aucun visuel affich√©,,12-07-2025 01:34 PM,12-07-2025 01:34 PM,4667,Simon BÈgin <67952005.bxtw>,Simon BÈgin <67952005.bxtw>
74520,des Roses / des Deux-Rivi√®res,H-C,Actif,Aucun visuel affich√©,,12-07-2025 01:34 PM,12-07-2025 01:34 PM,4668,Simon BÈgin <67952005.bxtw>,Simon BÈgin <67952005.bxtw>
74521,des Roses / des Amarantes,H-C,Actif,Aucun visuel affich√©,,12-07-2025 01:34 PM,12-07-2025 01:34 PM,4669,Simon BÈgin <67952005.bxtw>,Simon BÈgin <67952005.bxtw>
74522,des Roses / des Ancolies,H-C,Actif,Aucun visuel affich√©,,12-07-2025 01:34 PM,12-07-2025 01:34 PM,4670,Simon BÈgin <67952005.bxtw>,Simon BÈgin <67952005.bxtw>
74523,des Roses / des Ancolies,H-C,Actif,Aucun visuel affich√©,,12-07-2025 01:34 PM,12-07-2025 01:34 PM,4671,Simon BÈgin <67952005.bxtw>,Simon BÈgin <67952005.bxtw>
74524,des Tulipes / des Deux-Rivi√®res,H-C,Actif,Aucun visuel affich√©,,12-07-2025 01:34 PM,12-07-2025 01:34 PM,4672,Simon BÈgin <67952005.bxtw>,Simon BÈgin <67952005.bxtw>
74525,des Deux-Rivi√®res / des Tulipes,H-C,Actif,Aucun visuel affich√©,,12-07-2025 01:34 PM,12-07-2025 01:34 PM,4673,Simon BÈgin <67952005.bxtw>,Simon BÈgin <67952005.bxtw>
74526,des Roses / des Amarantes,H-C,Actif,Aucun visuel affich√©,,12-07-2025 01:34 PM,12-07-2025 01:34 PM,4674,Simon BÈgin <67952005.bxtw>,Simon BÈgin <67952005.bxtw>
74527,des Tulipes / devant le civique 1994,H-C,Actif,Aucun visuel affich√©,,12-07-2025 01:34 PM,12-07-2025 01:34 PM,4675,Simon BÈgin <67952005.bxtw>,Simon BÈgin <67952005.bxtw>
74531,Route 112 / de la Carri√®re,H-C,Actif,Aucun visuel affich√©,,12-07-2025 01:34 PM,12-07-2025 01:34 PM,4676,Simon BÈgin <67952005.bxtw>,Simon BÈgin <67952005.bxtw>
74534,de Chambly / Bernard,H-C,Actif,Aucun visuel affich√©,,12-07-2025 01:34 PM,12-07-2025 01:34 PM,4677,Simon BÈgin <67952005.bxtw>,Simon BÈgin <67952005.bxtw>
74535,de Chambly / Bernard,H-C,Actif,Aucun visuel affich√©,,12-07-2025 01:34 PM,12-07-2025 01:34 PM,4678,Simon BÈgin <67952005.bxtw>,Simon BÈgin <67952005.bxtw>
74537,Henriette / Bellerive,H-C,Actif,Aucun visuel affich√©,,12-07-2025 01:34 PM,12-07-2025 01:34 PM,4679,Simon BÈgin <67952005.bxtw>,Simon BÈgin <67952005.bxtw>
74538,Henriette / Bellerive,H-C,Actif,Aucun visuel affich√©,,12-07-2025 01:34 PM,12-07-2025 01:34 PM,4680,Simon BÈgin <67952005.bxtw>,Simon BÈgin <67952005.bxtw>
74539,Grande All√©e / du Domaine,H-C,Actif,Aucun visuel affich√©,,12-07-2025 01:34 PM,12-07-2025 01:34 PM,4681,Simon BÈgin <67952005.bxtw>,Simon BÈgin <67952005.bxtw>
74540,Grande All√©e / du Domaine,H-C,Actif,Aucun visuel affich√©,,12-07-2025 01:34 PM,12-07-2025 01:34 PM,4682,Simon BÈgin <67952005.bxtw>,Simon BÈgin <67952005.bxtw>
74541,de Chambly / des Peupliers,H-C,Actif,Aucun visuel affich√©,,12-07-2025 01:34 PM,12-07-2025 01:34 PM,4683,Simon BÈgin <67952005.bxtw>,Simon BÈgin <67952005.bxtw>
74542,des Peupliers / de Chambly,H-C,Actif,Aucun visuel affich√©,,12-07-2025 01:34 PM,12-07-2025 01:34 PM,4684,Simon BÈgin <67952005.bxtw>,Simon BÈgin <67952005.bxtw>
74559,Bouthillier devant le civique 3196,H-C,Actif,Aucun visuel affich√©,,12-07-2025 01:34 PM,12-07-2025 01:34 PM,4685,Simon BÈgin <67952005.bxtw>,Simon BÈgin <67952005.bxtw>
74561,Bouthillier / Jean-Baptiste-Charron,H-C,Actif,Aucun visuel affich√©,,12-07-2025 01:34 PM,12-07-2025 01:34 PM,4686,Simon BÈgin <67952005.bxtw>,Simon BÈgin <67952005.bxtw>
74563,Bouthillier / Jean-Baptiste-Lamoureux,H-C,Actif,Aucun visuel affich√©,,12-07-2025 01:34 PM,12-07-2025 01:34 PM,4687,Simon BÈgin <67952005.bxtw>,Simon BÈgin <67952005.bxtw>
74565,Laurent-Monty / D√©sourdy,H-C,Actif,Aucun visuel affich√©,,12-07-2025 01:34 PM,12-07-2025 01:34 PM,4688,Simon BÈgin <67952005.bxtw>,Simon BÈgin <67952005.bxtw>
74567,Lareau / Laurent-Monty,H-C,Actif,Aucun visuel affich√©,,12-07-2025 01:34 PM,12-07-2025 01:34 PM,4689,Simon BÈgin <67952005.bxtw>,Simon BÈgin <67952005.bxtw>
74569,D√©sourdy / des Galets Nord,H-C,Actif,Aucun visuel affich√©,,12-07-2025 01:34 PM,12-07-2025 01:34 PM,4690,Simon BÈgin <67952005.bxtw>,Simon BÈgin <67952005.bxtw>
74576,des Roses / des Deux-Rivi√®res,H-C,Actif,Aucun visuel affich√©,,12-07-2025 01:34 PM,12-07-2025 01:34 PM,4691,Simon BÈgin <67952005.bxtw>,Simon BÈgin <67952005.bxtw>
74581,Martel / Jean-De Ronceray,H-C,Actif,Aucun visuel affich√©,,12-07-2025 01:34 PM,12-07-2025 01:34 PM,4692,Simon BÈgin <67952005.bxtw>,Simon BÈgin <67952005.bxtw>
74582,Jean-De Ronceray / Alexandre-de Prouville,H-C,Actif,Aucun visuel affich√©,,12-07-2025 01:34 PM,12-07-2025 01:34 PM,4693,Simon BÈgin <67952005.bxtw>,Simon BÈgin <67952005.bxtw>
74583,Jean-De Ronceray / Olivier-Morel,H-C,Actif,Aucun visuel affich√©,,12-07-2025 01:34 PM,12-07-2025 01:34 PM,4694,Simon BÈgin <67952005.bxtw>,Simon BÈgin <67952005.bxtw>
74584,Olivier-Morel / du Chevalier-de-Chaumont,H-C,Actif,Aucun visuel affich√©,,12-07-2025 01:34 PM,12-07-2025 01:34 PM,4695,Simon BÈgin <67952005.bxtw>,Simon BÈgin <67952005.bxtw>
74585,Olivier-Morel / Louis-De Canchy,H-C,Actif,Aucun visuel affich√©,,12-07-2025 01:34 PM,12-07-2025 01:34 PM,4696,Simon BÈgin <67952005.bxtw>,Simon BÈgin <67952005.bxtw>
74586,Olivier-Morel / du Chevalier-de-Chaumont,H-C,Actif,Aucun visuel affich√©,,12-07-2025 01:34 PM,12-07-2025 01:34 PM,4697,Simon BÈgin <67952005.bxtw>,Simon BÈgin <67952005.bxtw>
74587,Martel / Daigneault,H-C,Actif,Aucun visuel affich√©,,12-07-2025 01:34 PM,12-07-2025 01:34 PM,4698,Simon BÈgin <67952005.bxtw>,Simon BÈgin <67952005.bxtw>
74588,Daigneault / Martel,H-C,Actif,Aucun visuel affich√©,,12-07-2025 01:34 PM,12-07-2025 01:34 PM,4699,Simon BÈgin <67952005.bxtw>,Simon BÈgin <67952005.bxtw>
74589,Martel / Georges-P√©pin,H-C,Actif,Aucun visuel affich√©,,12-07-2025 01:34 PM,12-07-2025 01:34 PM,4700,Simon BÈgin <67952005.bxtw>,Simon BÈgin <67952005.bxtw>
74600,Jean-Casgrain / Anne-le Seigneur,H-C,Actif,Aucun visuel affich√©,,12-07-2025 01:34 PM,12-07-2025 01:34 PM,4701,Simon BÈgin <67952005.bxtw>,Simon BÈgin <67952005.bxtw>
74601,Henri-Blaqui√®re / Jean-Casgrain,H-C,Actif,Aucun visuel affich√©,,12-07-2025 01:34 PM,12-07-2025 01:34 PM,4702,Simon BÈgin <67952005.bxtw>,Simon BÈgin <67952005.bxtw>
74602,Henri-Blaqui√®re / Maurice-Cullen,H-C,Actif,Aucun visuel affich√©,,12-07-2025 01:34 PM,12-07-2025 01:34 PM,4703,Simon BÈgin <67952005.bxtw>,Simon BÈgin <67952005.bxtw>
74603,Henri-Blaqui√®re / Jean-Casgrain,H-C,Actif,Aucun visuel affich√©,,12-07-2025 01:34 PM,12-07-2025 01:34 PM,4704,Simon BÈgin <67952005.bxtw>,Simon BÈgin <67952005.bxtw>
74604,Anne-Le Seigneur / Jean-Fran√ßois-Lyonnais,H-C,Actif,Aucun visuel affich√©,,12-07-2025 01:34 PM,12-07-2025 01:34 PM,4705,Simon BÈgin <67952005.bxtw>,Simon BÈgin <67952005.bxtw>
74605,Lebel / Anne-le Seigneur,H-C,Actif,Aucun visuel affich√©,,12-07-2025 01:34 PM,12-07-2025 01:34 PM,4706,Simon BÈgin <67952005.bxtw>,Simon BÈgin <67952005.bxtw>
74606,Lebel / de Br√©beuf,H-C,Actif,Aucun visuel affich√©,,12-07-2025 01:34 PM,12-07-2025 01:34 PM,4707,Simon BÈgin <67952005.bxtw>,Simon BÈgin <67952005.bxtw>
74608,Bouthillier / Lareau,H-C,Actif,Aucun visuel affich√©,,12-07-2025 01:34 PM,12-07-2025 01:34 PM,4708,Simon BÈgin <67952005.bxtw>,Simon BÈgin <67952005.bxtw>
74611,D√©sourdy / des Galets Sud,H-C,Actif,Aucun visuel affich√©,,12-07-2025 01:34 PM,12-07-2025 01:34 PM,4709,Simon BÈgin <67952005.bxtw>,Simon BÈgin <67952005.bxtw>
74613,Anne-Le Seigneur / Jean-Casgrain,H-C,Actif,Aucun visuel affich√©,,12-07-2025 01:34 PM,12-07-2025 01:34 PM,4710,Simon BÈgin <67952005.bxtw>,Simon BÈgin <67952005.bxtw>
74615,D√©sourdy / du Granit,H-C,Actif,Aucun visuel affich√©,,12-07-2025 01:34 PM,12-07-2025 01:34 PM,4711,Simon BÈgin <67952005.bxtw>,Simon BÈgin <67952005.bxtw>
74620,Franquet / Fr√©d√©ric-Courtemanche,H-C,Actif,Aucun visuel affich√©,,12-07-2025 01:34 PM,12-07-2025 01:34 PM,4712,Simon BÈgin <67952005.bxtw>,Simon BÈgin <67952005.bxtw>
74622,Fr√©chette / Anne-Le Seigneur,H-C,Actif,Aucun visuel affich√©,,12-07-2025 01:34 PM,12-07-2025 01:34 PM,4713,Simon BÈgin <67952005.bxtw>,Simon BÈgin <67952005.bxtw>
74623,Fr√©chette / Anne-Le Seigneur,H-C,Actif,Aucun visuel affich√©,,12-07-2025 01:34 PM,12-07-2025 01:34 PM,4714,Simon BÈgin <67952005.bxtw>,Simon BÈgin <67952005.bxtw>
74625,Franquet / Arthur-De Senneville,H-C,Actif,Aucun visuel affich√©,,12-07-2025 01:34 PM,12-07-2025 01:34 PM,4715,Simon BÈgin <67952005.bxtw>,Simon BÈgin <67952005.bxtw>
74627,Anne-Le Seigneur / du Charron,H-C,Actif,Aucun visuel affich√©,,12-07-2025 01:34 PM,12-07-2025 01:34 PM,4716,Simon BÈgin <67952005.bxtw>,Simon BÈgin <67952005.bxtw>
74635,Anne-Le Seigneur / Kent,H-C,Actif,Aucun visuel affich√©,,12-07-2025 01:34 PM,12-07-2025 01:34 PM,4717,Simon BÈgin <67952005.bxtw>,Simon BÈgin <67952005.bxtw>
74636,Grande All√©e / de l'Acier,H-C,Actif,Aucun visuel affich√©,,12-07-2025 01:34 PM,12-07-2025 01:34 PM,4718,Simon BÈgin <67952005.bxtw>,Simon BÈgin <67952005.bxtw>
74637,Grande All√©e / Place de la Couronne,H-C,Actif,Aucun visuel affich√©,,12-07-2025 01:34 PM,12-07-2025 01:34 PM,4719,Simon BÈgin <67952005.bxtw>,Simon BÈgin <67952005.bxtw>
74640,Anne-Le Seigneur / Marianne-Baby,H-C,Actif,Aucun visuel affich√©,,12-07-2025 01:34 PM,12-07-2025 01:34 PM,4720,Simon BÈgin <67952005.bxtw>,Simon BÈgin <67952005.bxtw>
74641,Anne-Le Seigneur / Marianne-Baby,H-C,Actif,Aucun visuel affich√©,,12-07-2025 01:34 PM,12-07-2025 01:34 PM,4721,Simon BÈgin <67952005.bxtw>,Simon BÈgin <67952005.bxtw>
74642,Anne-Le Seigneur / Michel-Lagu√´,H-C,Actif,Aucun visuel affich√©,,12-07-2025 01:34 PM,12-07-2025 01:34 PM,4722,Simon BÈgin <67952005.bxtw>,Simon BÈgin <67952005.bxtw>
74645,Lebel / Anne-le Seigneur,H-C,Actif,Aucun visuel affich√©,,12-07-2025 01:34 PM,12-07-2025 01:34 PM,4723,Simon BÈgin <67952005.bxtw>,Simon BÈgin <67952005.bxtw>
74646,Anne-Le Seigneur / Jean-Fran√ßois-Lyonnais,H-C,Actif,Aucun visuel affich√©,,12-07-2025 01:34 PM,12-07-2025 01:34 PM,4724,Simon BÈgin <67952005.bxtw>,Simon BÈgin <67952005.bxtw>
74647,Anne-Le Seigneur / du Tailleur,H-C,Actif,Aucun visuel affich√©,,12-07-2025 01:34 PM,12-07-2025 01:34 PM,4725,Simon BÈgin <67952005.bxtw>,Simon BÈgin <67952005.bxtw>
74648,Michel-Lagu√´ / √âtienne-Bisaillon,H-C,Actif,Aucun visuel affich√©,,12-07-2025 01:34 PM,12-07-2025 01:34 PM,4726,Simon BÈgin <67952005.bxtw>,Simon BÈgin <67952005.bxtw>
74649,Henri-Blaqui√®re / Jean-Casgrain,H-C,Actif,Aucun visuel affich√©,,12-07-2025 01:34 PM,12-07-2025 01:34 PM,4727,Simon BÈgin <67952005.bxtw>,Simon BÈgin <67952005.bxtw>
74650,Henri-Blaqui√®re / Maurice-Cullen,H-C,Actif,Aucun visuel affich√©,,12-07-2025 01:34 PM,12-07-2025 01:34 PM,4728,Simon BÈgin <67952005.bxtw>,Simon BÈgin <67952005.bxtw>
74663,Martel / Saint-Pierre,H-C,Actif,Aucun visuel affich√©,,12-07-2025 01:34 PM,12-07-2025 01:34 PM,4729,Simon BÈgin <67952005.bxtw>,Simon BÈgin <67952005.bxtw>
74664,Martel / Bourgogne,H-C,Actif,Aucun visuel affich√©,,12-07-2025 01:34 PM,12-07-2025 01:34 PM,4730,Simon BÈgin <67952005.bxtw>,Simon BÈgin <67952005.bxtw>
74665,Henri-Blaqui√®re / Jean-Casgrain,H-C,Actif,Aucun visuel affich√©,,12-07-2025 01:34 PM,12-07-2025 01:34 PM,4731,Simon BÈgin <67952005.bxtw>,Simon BÈgin <67952005.bxtw>
74668,Martel / G√©rard-Mongeau,H-C,Actif,Aucun visuel affich√©,,12-07-2025 01:34 PM,12-07-2025 01:34 PM,4732,Simon BÈgin <67952005.bxtw>,Simon BÈgin <67952005.bxtw>
74688,Lebel / de Br√©beuf,H-C,Actif,Aucun visuel affich√©,,12-07-2025 01:34 PM,12-07-2025 01:34 PM,4733,Simon BÈgin <67952005.bxtw>,Simon BÈgin <67952005.bxtw>
74690,de Salaberry / Dubuisson,H-C,Actif,Aucun visuel affich√©,,12-07-2025 01:34 PM,12-07-2025 01:34 PM,4734,Simon BÈgin <67952005.bxtw>,Simon BÈgin <67952005.bxtw>
74691,de Salaberry / Viateur-Gauvreau,H-C,Actif,Aucun visuel affich√©,,12-07-2025 01:34 PM,12-07-2025 01:34 PM,4735,Simon BÈgin <67952005.bxtw>,Simon BÈgin <67952005.bxtw>
74692,de Salaberry / Brassard,H-C,Actif,Aucun visuel affich√©,,12-07-2025 01:34 PM,12-07-2025 01:34 PM,4736,Simon BÈgin <67952005.bxtw>,Simon BÈgin <67952005.bxtw>
74693,de Salaberry / Briand,H-C,Actif,Aucun visuel affich√©,,12-07-2025 01:34 PM,12-07-2025 01:34 PM,4737,Simon BÈgin <67952005.bxtw>,Simon BÈgin <67952005.bxtw>
74694,de Salaberry / Barr√©,H-C,Actif,Aucun visuel affich√©,,12-07-2025 01:34 PM,12-07-2025 01:34 PM,4738,Simon BÈgin <67952005.bxtw>,Simon BÈgin <67952005.bxtw>
74697,D√©sourdy / Henri-Bisaillon,H-C,Actif,Aucun visuel affich√©,,12-07-2025 01:34 PM,12-07-2025 01:34 PM,4739,Simon BÈgin <67952005.bxtw>,Simon BÈgin <67952005.bxtw>
74704,Bourgogne / Fr√©chette,H-C,Actif,Aucun visuel affich√©,,12-07-2025 01:34 PM,12-07-2025 01:34 PM,4740,Simon BÈgin <67952005.bxtw>,Simon BÈgin <67952005.bxtw>
74863,Demers / des Ormes,H-C,Actif,Aucun visuel affich√©,,12-07-2025 01:34 PM,12-07-2025 01:34 PM,4741,Simon BÈgin <67952005.bxtw>,Simon BÈgin <67952005.bxtw>
75001,de Saint-Jean / de Palerme,H-C,Actif,Aucun visuel affich√©,,12-07-2025 01:34 PM,12-07-2025 01:34 PM,4742,Simon BÈgin <67952005.bxtw>,Simon BÈgin <67952005.bxtw>
75002,de Saint-Jean / des Champs-Fleuris,H-C,Actif,Aucun visuel affich√©,,12-07-2025 01:34 PM,12-07-2025 01:34 PM,4743,Simon BÈgin <67952005.bxtw>,Simon BÈgin <67952005.bxtw>
75003,de la Belle-Dame / du Vice-Roi (2),H-C,Actif,Aucun visuel affich√©,,12-07-2025 01:34 PM,12-07-2025 01:34 PM,4744,Simon BÈgin <67952005.bxtw>,Simon BÈgin <67952005.bxtw>
75004,de la Belle-Dame / du Vice-Roi (2),H-C,Actif,Aucun visuel affich√©,,12-07-2025 01:34 PM,12-07-2025 01:34 PM,4745,Simon BÈgin <67952005.bxtw>,Simon BÈgin <67952005.bxtw>
75005,Taschereau / Place Perreault,H-C,Actif,Aucun visuel affich√©,,12-07-2025 01:34 PM,12-07-2025 01:34 PM,4746,Simon BÈgin <67952005.bxtw>,Simon BÈgin <67952005.bxtw>
75006,Taschereau / Matte,H-C,Actif,Aucun visuel affich√©,,12-07-2025 01:34 PM,12-07-2025 01:34 PM,4747,Simon BÈgin <67952005.bxtw>,Simon BÈgin <67952005.bxtw>
75007,Taschereau / Matte,H-C,Actif,Aucun visuel affich√©,,12-07-2025 01:34 PM,12-07-2025 01:34 PM,4748,Simon BÈgin <67952005.bxtw>,Simon BÈgin <67952005.bxtw>
75017,Taschereau / de Rome,H-C,Actif,Aucun visuel affich√©,,12-07-2025 01:34 PM,12-07-2025 01:34 PM,4749,Simon BÈgin <67952005.bxtw>,Simon BÈgin <67952005.bxtw>
75018,Taschereau / de Rome,H-C,Actif,Aucun visuel affich√©,,12-07-2025 01:34 PM,12-07-2025 01:34 PM,4750,Simon BÈgin <67952005.bxtw>,Simon BÈgin <67952005.bxtw>
75020,de Gaulle Sud / Perrier,H-C,Actif,Aucun visuel affich√©,,12-07-2025 01:34 PM,12-07-2025 01:34 PM,4751,Simon BÈgin <67952005.bxtw>,Simon BÈgin <67952005.bxtw>
75021,√âdouard-VII / des Ormes Ouest,H-C,Actif,Aucun visuel affich√©,,12-07-2025 01:34 PM,12-07-2025 01:34 PM,4752,Simon BÈgin <67952005.bxtw>,Simon BÈgin <67952005.bxtw>
75022,de Gaulle Sud / Perrier,H-C,Actif,Aucun visuel affich√©,,12-07-2025 01:34 PM,12-07-2025 01:34 PM,4753,Simon BÈgin <67952005.bxtw>,Simon BÈgin <67952005.bxtw>
75025,Granger / des Ormes Ouest,H-C,Actif,Aucun visuel affich√©,,12-07-2025 01:34 PM,12-07-2025 01:34 PM,4754,Simon BÈgin <67952005.bxtw>,Simon BÈgin <67952005.bxtw>
75026,Granger / Mercier,H-C,Actif,Aucun visuel affich√©,,12-07-2025 01:34 PM,12-07-2025 01:34 PM,4755,Simon BÈgin <67952005.bxtw>,Simon BÈgin <67952005.bxtw>
75027,Mercier / Granger,H-C,Actif,Aucun visuel affich√©,,12-07-2025 01:34 PM,12-07-2025 01:34 PM,4756,Simon BÈgin <67952005.bxtw>,Simon BÈgin <67952005.bxtw>
75028,Granger / des Ormes Ouest,H-C,Actif,Aucun visuel affich√©,,12-07-2025 01:34 PM,12-07-2025 01:34 PM,4757,Simon BÈgin <67952005.bxtw>,Simon BÈgin <67952005.bxtw>
75029,des Ormes Ouest / √âdouard-VII,H-C,Actif,Aucun visuel affich√©,,12-07-2025 01:34 PM,12-07-2025 01:34 PM,4758,Simon BÈgin <67952005.bxtw>,Simon BÈgin <67952005.bxtw>
75030,Terminus Longueuil Porte C23,H-C,Actif,Aucun visuel affich√©,,12-07-2025 01:34 PM,12-07-2025 01:34 PM,4759,Simon BÈgin <67952005.bxtw>,Simon BÈgin <67952005.bxtw>
75040,Roland-Therrien / Fernand-Lafontaine,H-C,Actif,Aucun visuel affich√©,,12-07-2025 01:34 PM,12-07-2025 01:34 PM,4760,Simon BÈgin <67952005.bxtw>,Simon BÈgin <67952005.bxtw>
75041,Saint-Fran√ßois-Xavier / Place Mercier,H-C,Actif,Aucun visuel affich√©,,12-07-2025 01:34 PM,12-07-2025 01:34 PM,4761,Simon BÈgin <67952005.bxtw>,Simon BÈgin <67952005.bxtw>
75043,Saint-Jos√© / Augustin,H-C,Actif,Aucun visuel affich√©,,12-07-2025 01:34 PM,12-07-2025 01:34 PM,4762,Simon BÈgin <67952005.bxtw>,Simon BÈgin <67952005.bxtw>
75045,de Jaffa / Champlain,H-C,Actif,Aucun visuel affich√©,,12-07-2025 01:34 PM,12-07-2025 01:34 PM,4763,Simon BÈgin <67952005.bxtw>,Simon BÈgin <67952005.bxtw>
75046,Saint-Fran√ßois-Xavier / de Jaffa,H-C,Actif,Aucun visuel affich√©,,12-07-2025 01:34 PM,12-07-2025 01:34 PM,4764,Simon BÈgin <67952005.bxtw>,Simon BÈgin <67952005.bxtw>
75048,de la Gatineau / de Gen√®ve,H-C,Actif,Aucun visuel affich√©,,12-07-2025 01:34 PM,12-07-2025 01:34 PM,4765,Simon BÈgin <67952005.bxtw>,Simon BÈgin <67952005.bxtw>
75049,de Gen√®ve / Haendel,H-C,Actif,Aucun visuel affich√©,,12-07-2025 01:34 PM,12-07-2025 01:34 PM,4766,Simon BÈgin <67952005.bxtw>,Simon BÈgin <67952005.bxtw>
75051,Montcalm Sud / de Barcelone,H-C,Actif,Aucun visuel affich√©,,12-07-2025 01:34 PM,12-07-2025 01:34 PM,4767,Simon BÈgin <67952005.bxtw>,Simon BÈgin <67952005.bxtw>
75052,Montcalm Sud / d'Auteuil,H-C,Actif,Aucun visuel affich√©,,12-07-2025 01:34 PM,12-07-2025 01:34 PM,4768,Simon BÈgin <67952005.bxtw>,Simon BÈgin <67952005.bxtw>
75055,Montcalm Sud / Balzac,H-C,Actif,Aucun visuel affich√©,,12-07-2025 01:34 PM,12-07-2025 01:34 PM,4769,Simon BÈgin <67952005.bxtw>,Simon BÈgin <67952005.bxtw>
75056,d'Auteuil / d'Anjou,H-C,Actif,Aucun visuel affich√©,,12-07-2025 01:34 PM,12-07-2025 01:34 PM,4770,Simon BÈgin <67952005.bxtw>,Simon BÈgin <67952005.bxtw>
75057,de l'Industrie / L√©on-Bloy ouest,H-C,Actif,Aucun visuel affich√©,,12-07-2025 01:34 PM,12-07-2025 01:34 PM,4771,Simon BÈgin <67952005.bxtw>,Simon BÈgin <67952005.bxtw>
75058,d'Auteuil / devant le Club de Golf Candiac,H-C,Actif,Aucun visuel affich√©,,12-07-2025 01:34 PM,12-07-2025 01:34 PM,4772,Simon BÈgin <67952005.bxtw>,Simon BÈgin <67952005.bxtw>
75059,Montcalm Sud / Place Berlioz,H-C,Actif,Aucun visuel affich√©,,12-07-2025 01:34 PM,12-07-2025 01:34 PM,4773,Simon BÈgin <67952005.bxtw>,Simon BÈgin <67952005.bxtw>
75060,Haendel / Place Halifax (2),H-C,Actif,Aucun visuel affich√©,,12-07-2025 01:34 PM,12-07-2025 01:34 PM,4774,Simon BÈgin <67952005.bxtw>,Simon BÈgin <67952005.bxtw>
75061,de l'Industrie / d'Ib√©ria,H-C,Actif,Aucun visuel affich√©,,12-07-2025 01:34 PM,12-07-2025 01:34 PM,4775,Simon BÈgin <67952005.bxtw>,Simon BÈgin <67952005.bxtw>
75062,de l'Industrie / d'Ib√©ria,H-C,Actif,Aucun visuel affich√©,,12-07-2025 01:34 PM,12-07-2025 01:34 PM,4776,Simon BÈgin <67952005.bxtw>,Simon BÈgin <67952005.bxtw>
75065,de Barcelone / de Bercy,H-C,Actif,Aucun visuel affich√©,,12-07-2025 01:34 PM,12-07-2025 01:34 PM,4777,Simon BÈgin <67952005.bxtw>,Simon BÈgin <67952005.bxtw>
75066,de Barcelone / Place de Boh√™me,H-C,Actif,Aucun visuel affich√©,,12-07-2025 01:34 PM,12-07-2025 01:34 PM,4778,Simon BÈgin <67952005.bxtw>,Simon BÈgin <67952005.bxtw>
75067,d'Auteuil / d'Ad√©la√Øde,H-C,Actif,Aucun visuel affich√©,,12-07-2025 01:34 PM,12-07-2025 01:34 PM,4779,Simon BÈgin <67952005.bxtw>,Simon BÈgin <67952005.bxtw>
75068,Montcalm Sud / Asselin (2),H-C,Actif,Aucun visuel affich√©,,12-07-2025 01:34 PM,12-07-2025 01:34 PM,4780,Simon BÈgin <67952005.bxtw>,Simon BÈgin <67952005.bxtw>
75069,d'Auteuil / Augustin,H-C,Actif,Aucun visuel affich√©,,12-07-2025 01:34 PM,12-07-2025 01:34 PM,4781,Simon BÈgin <67952005.bxtw>,Simon BÈgin <67952005.bxtw>
75070,d'Auteuil / Montcalm Sud,H-C,Actif,Aucun visuel affich√©,,12-07-2025 01:34 PM,12-07-2025 01:34 PM,4782,Simon BÈgin <67952005.bxtw>,Simon BÈgin <67952005.bxtw>
75072,de Jaffa / Jackson,H-C,Actif,Aucun visuel affich√©,,12-07-2025 01:34 PM,12-07-2025 01:34 PM,4783,Simon BÈgin <67952005.bxtw>,Simon BÈgin <67952005.bxtw>
75073,Saint-Fran√ßois-Xavier / de Monaco,H-C,Actif,Aucun visuel affich√©,,12-07-2025 01:34 PM,12-07-2025 01:34 PM,4784,Simon BÈgin <67952005.bxtw>,Simon BÈgin <67952005.bxtw>
75074,de Gen√®ve / Goethe,H-C,Actif,Aucun visuel affich√©,,12-07-2025 01:34 PM,12-07-2025 01:34 PM,4785,Simon BÈgin <67952005.bxtw>,Simon BÈgin <67952005.bxtw>
75076,Haendel / devant le Complexe Rom√©o-V.-Patenaude,H-C,Actif,Aucun visuel affich√©,,12-07-2025 01:34 PM,12-07-2025 01:34 PM,4786,Simon BÈgin <67952005.bxtw>,Simon BÈgin <67952005.bxtw>
75078,de l'Industrie / face au 172,H-C,Actif,Aucun visuel affich√©,,12-07-2025 01:34 PM,12-07-2025 01:34 PM,4787,Simon BÈgin <67952005.bxtw>,Simon BÈgin <67952005.bxtw>
75079,de l'Industrie / devant le civique 170,H-C,Actif,Aucun visuel affich√©,,12-07-2025 01:34 PM,12-07-2025 01:34 PM,4788,Simon BÈgin <67952005.bxtw>,Simon BÈgin <67952005.bxtw>
75081,d'Auteuil / face au Club de Golf Candiac,H-C,Actif,Aucun visuel affich√©,,12-07-2025 01:34 PM,12-07-2025 01:34 PM,4789,Simon BÈgin <67952005.bxtw>,Simon BÈgin <67952005.bxtw>
75082,d'Auteuil / d'Ad√©la√Øde,H-C,Actif,Aucun visuel affich√©,,12-07-2025 01:34 PM,12-07-2025 01:34 PM,4790,Simon BÈgin <67952005.bxtw>,Simon BÈgin <67952005.bxtw>
75085,d'Auteuil / d'Anjou,H-C,Actif,Aucun visuel affich√©,,12-07-2025 01:34 PM,12-07-2025 01:34 PM,4791,Simon BÈgin <67952005.bxtw>,Simon BÈgin <67952005.bxtw>
75088,de Barcelone / Place de Bretagne,H-C,Actif,Aucun visuel affich√©,,12-07-2025 01:34 PM,12-07-2025 01:34 PM,4792,Simon BÈgin <67952005.bxtw>,Simon BÈgin <67952005.bxtw>
75089,Montcalm Nord / R√©sidences Montcalm,H-C,Actif,Aucun visuel affich√©,,12-07-2025 01:34 PM,12-07-2025 01:34 PM,4793,Simon BÈgin <67952005.bxtw>,Simon BÈgin <67952005.bxtw>
75090,Montcalm Nord / face au civique 108,H-C,Actif,Aucun visuel affich√©,,12-07-2025 01:34 PM,12-07-2025 01:34 PM,4794,Simon BÈgin <67952005.bxtw>,Simon BÈgin <67952005.bxtw>
75091,Montcalm Nord / d'Inverness,H-C,Actif,Aucun visuel affich√©,,12-07-2025 01:34 PM,12-07-2025 01:34 PM,4795,Simon BÈgin <67952005.bxtw>,Simon BÈgin <67952005.bxtw>
75092,Champlain / Place Jason,H-C,Actif,Aucun visuel affich√©,,12-07-2025 01:34 PM,12-07-2025 01:34 PM,4796,Simon BÈgin <67952005.bxtw>,Simon BÈgin <67952005.bxtw>
75097,du Dauphin√© / Jean-Leman,H-C,Actif,Aucun visuel affich√©,,12-07-2025 01:34 PM,12-07-2025 01:34 PM,4797,Simon BÈgin <67952005.bxtw>,Simon BÈgin <67952005.bxtw>
75101,de Barcelone / Montcalm Sud,H-C,Actif,Aucun visuel affich√©,,12-07-2025 01:34 PM,12-07-2025 01:34 PM,4798,Simon BÈgin <67952005.bxtw>,Simon BÈgin <67952005.bxtw>
75103,de l'Industrie / Montcalm Nord,H-C,Actif,Aucun visuel affich√©,,12-07-2025 01:34 PM,12-07-2025 01:34 PM,4799,Simon BÈgin <67952005.bxtw>,Simon BÈgin <67952005.bxtw>
75104,de l'Industrie / Montcalm Nord,H-C,Actif,Aucun visuel affich√©,,12-07-2025 01:34 PM,12-07-2025 01:34 PM,4800,Simon BÈgin <67952005.bxtw>,Simon BÈgin <67952005.bxtw>
75106,Montcalm Nord / Marie-Victorin,H-C,Actif,Aucun visuel affich√©,,12-07-2025 01:34 PM,12-07-2025 01:34 PM,4801,Simon BÈgin <67952005.bxtw>,Simon BÈgin <67952005.bxtw>
75108,Saint-Fran√ßois-Xavier / Marie-Victorin,H-C,Actif,Aucun visuel affich√©,,12-07-2025 01:34 PM,12-07-2025 01:34 PM,4802,Simon BÈgin <67952005.bxtw>,Simon BÈgin <67952005.bxtw>
75115,des Champs-Fleuris / Mirabel,H-C,Actif,Aucun visuel affich√©,,12-07-2025 01:34 PM,12-07-2025 01:34 PM,4803,Simon BÈgin <67952005.bxtw>,Simon BÈgin <67952005.bxtw>
75116,des Champs-Fleuris / Mirabel,H-C,Actif,Aucun visuel affich√©,,12-07-2025 01:34 PM,12-07-2025 01:34 PM,4804,Simon BÈgin <67952005.bxtw>,Simon BÈgin <67952005.bxtw>
75117,des Champs-Fleuris / de l'Iris,H-C,Actif,Aucun visuel affich√©,,12-07-2025 01:34 PM,12-07-2025 01:34 PM,4805,Simon BÈgin <67952005.bxtw>,Simon BÈgin <67952005.bxtw>
75118,des Champs-Fleuris / de l'Iris,H-C,Actif,Aucun visuel affich√©,,12-07-2025 01:34 PM,12-07-2025 01:34 PM,4806,Simon BÈgin <67952005.bxtw>,Simon BÈgin <67952005.bxtw>
75119,de la Magdeleine / des Champs-Fleuris,H-C,Actif,Aucun visuel affich√©,,12-07-2025 01:34 PM,12-07-2025 01:34 PM,4807,Simon BÈgin <67952005.bxtw>,Simon BÈgin <67952005.bxtw>
75120,des Champs-Fleuris / de la Magdeleine,H-C,Actif,Aucun visuel affich√©,,12-07-2025 01:34 PM,12-07-2025 01:34 PM,4808,Simon BÈgin <67952005.bxtw>,Simon BÈgin <67952005.bxtw>
75121,de la Magdeleine / des Go√©lands,H-C,Actif,Aucun visuel affich√©,,12-07-2025 01:34 PM,12-07-2025 01:34 PM,4809,Simon BÈgin <67952005.bxtw>,Simon BÈgin <67952005.bxtw>
75122,de la Magdeleine / des Go√©lands,H-C,Actif,Aucun visuel affich√©,,12-07-2025 01:34 PM,12-07-2025 01:34 PM,4810,Simon BÈgin <67952005.bxtw>,Simon BÈgin <67952005.bxtw>
75123,de la Magdeleine / des Violettes,H-C,Actif,Aucun visuel affich√©,,12-07-2025 01:34 PM,12-07-2025 01:34 PM,4811,Simon BÈgin <67952005.bxtw>,Simon BÈgin <67952005.bxtw>
75124,de la Magdeleine / des Violettes,H-C,Actif,Aucun visuel affich√©,,12-07-2025 01:34 PM,12-07-2025 01:34 PM,4812,Simon BÈgin <67952005.bxtw>,Simon BÈgin <67952005.bxtw>
75125,de la Magdeleine / des Pr√©s-Verts,H-C,Actif,Aucun visuel affich√©,,12-07-2025 01:34 PM,12-07-2025 01:34 PM,4813,Simon BÈgin <67952005.bxtw>,Simon BÈgin <67952005.bxtw>
75126,de la Magdeleine / des Pr√©s-Verts,H-C,Actif,Aucun visuel affich√©,,12-07-2025 01:34 PM,12-07-2025 01:34 PM,4814,Simon BÈgin <67952005.bxtw>,Simon BÈgin <67952005.bxtw>
75129,de la Magdeleine / du Muguet,H-C,Actif,Aucun visuel affich√©,,12-07-2025 01:34 PM,12-07-2025 01:34 PM,4815,Simon BÈgin <67952005.bxtw>,Simon BÈgin <67952005.bxtw>
75130,de la Magdeleine / du Muguet,H-C,Actif,Aucun visuel affich√©,,12-07-2025 01:34 PM,12-07-2025 01:34 PM,4816,Simon BÈgin <67952005.bxtw>,Simon BÈgin <67952005.bxtw>
75131,de Saint-Jean / de la Mennais,H-C,Actif,Aucun visuel affich√©,,12-07-2025 01:34 PM,12-07-2025 01:34 PM,4817,Simon BÈgin <67952005.bxtw>,Simon BÈgin <67952005.bxtw>
75132,de Saint-Jean / de la Mennais,H-C,Actif,Aucun visuel affich√©,,12-07-2025 01:34 PM,12-07-2025 01:34 PM,4818,Simon BÈgin <67952005.bxtw>,Simon BÈgin <67952005.bxtw>
75133,de Saint-Jean / du Maire,H-C,Actif,Aucun visuel affich√©,,12-07-2025 01:34 PM,12-07-2025 01:34 PM,4819,Simon BÈgin <67952005.bxtw>,Simon BÈgin <67952005.bxtw>
75134,de Saint-Jean / du Maire,H-C,Actif,Aucun visuel affich√©,,12-07-2025 01:34 PM,12-07-2025 01:34 PM,4820,Simon BÈgin <67952005.bxtw>,Simon BÈgin <67952005.bxtw>
75135,du Maire / Ernest-Rochette,H-C,Actif,Aucun visuel affich√©,,12-07-2025 01:34 PM,12-07-2025 01:34 PM,4821,Simon BÈgin <67952005.bxtw>,Simon BÈgin <67952005.bxtw>
75136,Ernest-Rochette / Francois-Le-Ber,H-C,Actif,Aucun visuel affich√©,,12-07-2025 01:34 PM,12-07-2025 01:34 PM,4822,Simon BÈgin <67952005.bxtw>,Simon BÈgin <67952005.bxtw>
75137,Ernest-Rochette / Patrick-McGee,H-C,Actif,Aucun visuel affich√©,,12-07-2025 01:34 PM,12-07-2025 01:34 PM,4823,Simon BÈgin <67952005.bxtw>,Simon BÈgin <67952005.bxtw>
75138,Ernest-Rochette / Place Alexandre,H-C,Actif,Aucun visuel affich√©,,12-07-2025 01:34 PM,12-07-2025 01:34 PM,4824,Simon BÈgin <67952005.bxtw>,Simon BÈgin <67952005.bxtw>
75140,Terminus La Prairie - Quai 1,H-C,Actif,Aucun visuel affich√©,,12-07-2025 01:34 PM,12-07-2025 01:34 PM,4825,Simon BÈgin <67952005.bxtw>,Simon BÈgin <67952005.bxtw>
75141,de Saint-Jean / de la Bataille Nord,H-C,Actif,Aucun visuel affich√©,,12-07-2025 01:34 PM,12-07-2025 01:34 PM,4826,Simon BÈgin <67952005.bxtw>,Simon BÈgin <67952005.bxtw>
75149,Taschereau / Saint-Henri,H-C,Actif,Aucun visuel affich√©,,12-07-2025 01:34 PM,12-07-2025 01:34 PM,4827,Simon BÈgin <67952005.bxtw>,Simon BÈgin <67952005.bxtw>
75150,Notre-Dame / Saint-Henri,H-C,Actif,Aucun visuel affich√©,,12-07-2025 01:34 PM,12-07-2025 01:34 PM,4828,Simon BÈgin <67952005.bxtw>,Simon BÈgin <67952005.bxtw>
75152,Taschereau / Dufort,H-C,Actif,Aucun visuel affich√©,,12-07-2025 01:34 PM,12-07-2025 01:34 PM,4829,Simon BÈgin <67952005.bxtw>,Simon BÈgin <67952005.bxtw>
75155,Notre-Dame / Saint-Charles,H-C,Actif,Aucun visuel affich√©,,12-07-2025 01:34 PM,12-07-2025 01:34 PM,4830,Simon BÈgin <67952005.bxtw>,Simon BÈgin <67952005.bxtw>
75158,Desjardins / Salaberry,H-C,Actif,Aucun visuel affich√©,,12-07-2025 01:34 PM,12-07-2025 01:34 PM,4831,Simon BÈgin <67952005.bxtw>,Simon BÈgin <67952005.bxtw>
75159,de Saint-Jean / Saint-Rapha√´l,H-C,Actif,Aucun visuel affich√©,,12-07-2025 01:34 PM,12-07-2025 01:34 PM,4832,Simon BÈgin <67952005.bxtw>,Simon BÈgin <67952005.bxtw>
75160,Notre-Dame / Saint-Charles,H-C,Actif,Aucun visuel affich√©,,12-07-2025 01:34 PM,12-07-2025 01:34 PM,4833,Simon BÈgin <67952005.bxtw>,Simon BÈgin <67952005.bxtw>
75161,de l'Industrie / Salaberry,H-C,Actif,Aucun visuel affich√©,,12-07-2025 01:34 PM,12-07-2025 01:34 PM,4834,Simon BÈgin <67952005.bxtw>,Simon BÈgin <67952005.bxtw>
75162,de l'Industrie / Salaberry,H-C,Actif,Aucun visuel affich√©,,12-07-2025 01:34 PM,12-07-2025 01:34 PM,4835,Simon BÈgin <67952005.bxtw>,Simon BÈgin <67952005.bxtw>
75165,Saint-Jos√© / Pompidou,H-C,Actif,Aucun visuel affich√©,,12-07-2025 01:34 PM,12-07-2025 01:34 PM,4836,Simon BÈgin <67952005.bxtw>,Simon BÈgin <67952005.bxtw>
75167,Taschereau / Longtin,H-C,Actif,Aucun visuel affich√©,,12-07-2025 01:34 PM,12-07-2025 01:34 PM,4837,Simon BÈgin <67952005.bxtw>,Simon BÈgin <67952005.bxtw>
75168,Taschereau / Longtin,H-C,Actif,Aucun visuel affich√©,,12-07-2025 01:34 PM,12-07-2025 01:34 PM,4838,Simon BÈgin <67952005.bxtw>,Simon BÈgin <67952005.bxtw>
75169,Notre-Dame / Longtin,H-C,Actif,Aucun visuel affich√©,,12-07-2025 01:34 PM,12-07-2025 01:34 PM,4839,Simon BÈgin <67952005.bxtw>,Simon BÈgin <67952005.bxtw>
75170,Notre-Dame / Longtin,H-C,Actif,Aucun visuel affich√©,,12-07-2025 01:34 PM,12-07-2025 01:34 PM,4840,Simon BÈgin <67952005.bxtw>,Simon BÈgin <67952005.bxtw>
75171,de Saint-Jean / Taschereau,H-C,Actif,Aucun visuel affich√©,,12-07-2025 01:34 PM,12-07-2025 01:34 PM,4841,Simon BÈgin <67952005.bxtw>,Simon BÈgin <67952005.bxtw>
75172,de Saint-Jean / Taschereau,H-C,Actif,Aucun visuel affich√©,,12-07-2025 01:34 PM,12-07-2025 01:34 PM,4842,Simon BÈgin <67952005.bxtw>,Simon BÈgin <67952005.bxtw>
75174,Taschereau / de Saint-Jean,H-C,Actif,Aucun visuel affich√©,,12-07-2025 01:34 PM,12-07-2025 01:34 PM,4843,Simon BÈgin <67952005.bxtw>,Simon BÈgin <67952005.bxtw>
75175,Taschereau / de Saint-Jean,H-C,Actif,Aucun visuel affich√©,,12-07-2025 01:34 PM,12-07-2025 01:34 PM,4844,Simon BÈgin <67952005.bxtw>,Simon BÈgin <67952005.bxtw>
75180,Taschereau / Balmoral,H-C,Actif,Aucun visuel affich√©,,12-07-2025 01:34 PM,12-07-2025 01:34 PM,4845,Simon BÈgin <67952005.bxtw>,Simon BÈgin <67952005.bxtw>
75181,Taschereau / Balmoral,H-C,Actif,Aucun visuel affich√©,,12-07-2025 01:34 PM,12-07-2025 01:34 PM,4846,Simon BÈgin <67952005.bxtw>,Simon BÈgin <67952005.bxtw>
75182,Notre-Dame / Saint-Jean,H-C,Actif,Aucun visuel affich√©,,12-07-2025 01:34 PM,12-07-2025 01:34 PM,4847,Simon BÈgin <67952005.bxtw>,Simon BÈgin <67952005.bxtw>
75183,Balmoral / Notre-Dame,H-C,Actif,Aucun visuel affich√©,,12-07-2025 01:34 PM,12-07-2025 01:34 PM,4848,Simon BÈgin <67952005.bxtw>,Simon BÈgin <67952005.bxtw>
75184,Bernier / Industrielle,H-C,Actif,Aucun visuel affich√©,,12-07-2025 01:34 PM,12-07-2025 01:34 PM,4849,Simon BÈgin <67952005.bxtw>,Simon BÈgin <67952005.bxtw>
75185,du Maire / P.-√â.-Lamarche,H-C,Actif,Aucun visuel affich√©,,12-07-2025 01:34 PM,12-07-2025 01:34 PM,4850,Simon BÈgin <67952005.bxtw>,Simon BÈgin <67952005.bxtw>
75186,des Champs-Fleuris / de Saint-Jean,H-C,Actif,Aucun visuel affich√©,,12-07-2025 01:34 PM,12-07-2025 01:34 PM,4851,Simon BÈgin <67952005.bxtw>,Simon BÈgin <67952005.bxtw>
75187,des Champs-Fleuris / de Saint-Jean,H-C,Actif,Aucun visuel affich√©,,12-07-2025 01:34 PM,12-07-2025 01:34 PM,4852,Simon BÈgin <67952005.bxtw>,Simon BÈgin <67952005.bxtw>
75189,de Palerme / de Saint-Jean,H-C,Actif,Aucun visuel affich√©,,12-07-2025 01:34 PM,12-07-2025 01:34 PM,4853,Simon BÈgin <67952005.bxtw>,Simon BÈgin <67952005.bxtw>
75192,Industrielle / Bernier,H-C,Actif,Aucun visuel affich√©,,12-07-2025 01:34 PM,12-07-2025 01:34 PM,4854,Simon BÈgin <67952005.bxtw>,Simon BÈgin <67952005.bxtw>
75193,Saint-Jos√© / Industrielle,H-C,Actif,Aucun visuel affich√©,,12-07-2025 01:34 PM,12-07-2025 01:34 PM,4855,Simon BÈgin <67952005.bxtw>,Simon BÈgin <67952005.bxtw>
75194,Taschereau / Conrad-Pelletier,H-C,Actif,Aucun visuel affich√©,,12-07-2025 01:34 PM,12-07-2025 01:34 PM,4856,Simon BÈgin <67952005.bxtw>,Simon BÈgin <67952005.bxtw>
75195,Taschereau / L√©on-Bloy Est,H-C,Actif,Aucun visuel affich√©,,12-07-2025 01:34 PM,12-07-2025 01:34 PM,4857,Simon BÈgin <67952005.bxtw>,Simon BÈgin <67952005.bxtw>
75198,Taschereau / Papineau,H-C,Actif,Aucun visuel affich√©,,12-07-2025 01:34 PM,12-07-2025 01:34 PM,4858,Simon BÈgin <67952005.bxtw>,Simon BÈgin <67952005.bxtw>
75200,de Saint-Jean / face aux Cours du Grand-Bois√©,H-C,Actif,Aucun visuel affich√©,,12-07-2025 01:34 PM,12-07-2025 01:34 PM,4859,Simon BÈgin <67952005.bxtw>,Simon BÈgin <67952005.bxtw>
75201,de Saint-Jean / devant les Cours du Grand-Bois√©,H-C,Actif,Aucun visuel affich√©,,12-07-2025 01:34 PM,12-07-2025 01:34 PM,4860,Simon BÈgin <67952005.bxtw>,Simon BÈgin <67952005.bxtw>
75202,Notre-Dame / des Glaci√®res,H-C,Actif,Aucun visuel affich√©,,12-07-2025 01:34 PM,12-07-2025 01:34 PM,4861,Simon BÈgin <67952005.bxtw>,Simon BÈgin <67952005.bxtw>
75203,Industrielle / Saint-Jos√©,H-C,Actif,Aucun visuel affich√©,,12-07-2025 01:34 PM,12-07-2025 01:34 PM,4862,Simon BÈgin <67952005.bxtw>,Simon BÈgin <67952005.bxtw>
75205,de Saint-Jean / de la Magdeleine,H-C,Actif,Aucun visuel affich√©,,12-07-2025 01:34 PM,12-07-2025 01:34 PM,4863,Simon BÈgin <67952005.bxtw>,Simon BÈgin <67952005.bxtw>
75206,de la Magdeleine / de Saint-Jean,H-C,Actif,Aucun visuel affich√©,,12-07-2025 01:34 PM,12-07-2025 01:34 PM,4864,Simon BÈgin <67952005.bxtw>,Simon BÈgin <67952005.bxtw>
75207,de Saint-Jean / de la Magdeleine,H-C,Actif,Aucun visuel affich√©,,12-07-2025 01:34 PM,12-07-2025 01:34 PM,4865,Simon BÈgin <67952005.bxtw>,Simon BÈgin <67952005.bxtw>
75208,de la Magdeleine / de Saint-Jean,H-C,Actif,Aucun visuel affich√©,,12-07-2025 01:34 PM,12-07-2025 01:34 PM,4866,Simon BÈgin <67952005.bxtw>,Simon BÈgin <67952005.bxtw>
75211,des Champs-Fleuris / des Pr√©s-Verts,H-C,Actif,Aucun visuel affich√©,,12-07-2025 01:34 PM,12-07-2025 01:34 PM,4867,Simon BÈgin <67952005.bxtw>,Simon BÈgin <67952005.bxtw>
75213,Balmoral / Notre-Dame,H-C,Actif,Aucun visuel affich√©,,12-07-2025 01:34 PM,12-07-2025 01:34 PM,4868,Simon BÈgin <67952005.bxtw>,Simon BÈgin <67952005.bxtw>
75214,Taschereau / Saint-Charles,H-C,Actif,Aucun visuel affich√©,,12-07-2025 01:34 PM,12-07-2025 01:34 PM,4869,Simon BÈgin <67952005.bxtw>,Simon BÈgin <67952005.bxtw>
75216,Taschereau / Saint-Charles,H-C,Actif,Aucun visuel affich√©,,12-07-2025 01:34 PM,12-07-2025 01:34 PM,4870,Simon BÈgin <67952005.bxtw>,Simon BÈgin <67952005.bxtw>
75217,Taschereau / Brossard,H-C,Actif,Aucun visuel affich√©,,12-07-2025 01:34 PM,12-07-2025 01:34 PM,4871,Simon BÈgin <67952005.bxtw>,Simon BÈgin <67952005.bxtw>
75218,Taschereau / Brossard,H-C,Actif,Aucun visuel affich√©,,12-07-2025 01:34 PM,12-07-2025 01:34 PM,4872,Simon BÈgin <67952005.bxtw>,Simon BÈgin <67952005.bxtw>
75222,de l'Industrie / Mayer,H-C,Actif,Aucun visuel affich√©,,12-07-2025 01:34 PM,12-07-2025 01:34 PM,4873,Simon BÈgin <67952005.bxtw>,Simon BÈgin <67952005.bxtw>
75224,de l'Industrie / Mayer,H-C,Actif,Aucun visuel affich√©,,12-07-2025 01:34 PM,12-07-2025 01:34 PM,4874,Simon BÈgin <67952005.bxtw>,Simon BÈgin <67952005.bxtw>
75226,de Saint-Jean / Abel,H-C,Actif,Aucun visuel affich√©,,12-07-2025 01:34 PM,12-07-2025 01:34 PM,4875,Simon BÈgin <67952005.bxtw>,Simon BÈgin <67952005.bxtw>
75227,de Saint-Jean / Abel,H-C,Actif,Aucun visuel affich√©,,12-07-2025 01:34 PM,12-07-2025 01:34 PM,4876,Simon BÈgin <67952005.bxtw>,Simon BÈgin <67952005.bxtw>
75228,Salaberry / Houde,H-C,Actif,Aucun visuel affich√©,,12-07-2025 01:34 PM,12-07-2025 01:34 PM,4877,Simon BÈgin <67952005.bxtw>,Simon BÈgin <67952005.bxtw>
75230,Salaberry / Houde,H-C,Actif,Aucun visuel affich√©,,12-07-2025 01:34 PM,12-07-2025 01:34 PM,4878,Simon BÈgin <67952005.bxtw>,Simon BÈgin <67952005.bxtw>
75231,Notre-Dame / devant la piscine municipale,H-C,Actif,Aucun visuel affich√©,,12-07-2025 01:34 PM,12-07-2025 01:34 PM,4879,Simon BÈgin <67952005.bxtw>,Simon BÈgin <67952005.bxtw>
75232,Notre-Dame / face √† la piscine municipale,H-C,Actif,Aucun visuel affich√©,,12-07-2025 01:34 PM,12-07-2025 01:34 PM,4880,Simon BÈgin <67952005.bxtw>,Simon BÈgin <67952005.bxtw>
75234,Balmoral / Bellevue,H-C,Actif,Aucun visuel affich√©,,12-07-2025 01:34 PM,12-07-2025 01:34 PM,4881,Simon BÈgin <67952005.bxtw>,Simon BÈgin <67952005.bxtw>
75235,Balmoral / Beaulac,H-C,Actif,Aucun visuel affich√©,,12-07-2025 01:34 PM,12-07-2025 01:34 PM,4882,Simon BÈgin <67952005.bxtw>,Simon BÈgin <67952005.bxtw>
75236,Balmoral / Beaulac,H-C,Actif,Aucun visuel affich√©,,12-07-2025 01:34 PM,12-07-2025 01:34 PM,4883,Simon BÈgin <67952005.bxtw>,Simon BÈgin <67952005.bxtw>
75237,Saint-Jos√© / L√©opold-Perron,H-C,Actif,Aucun visuel affich√©,,12-07-2025 01:34 PM,12-07-2025 01:34 PM,4884,Simon BÈgin <67952005.bxtw>,Simon BÈgin <67952005.bxtw>
75239,Saint-Jos√© / Salaberry,H-C,Actif,Aucun visuel affich√©,,12-07-2025 01:34 PM,12-07-2025 01:34 PM,4885,Simon BÈgin <67952005.bxtw>,Simon BÈgin <67952005.bxtw>
75241,Saint-Jos√© / devant l'√©cole La Magdeleine,H-C,Actif,Aucun visuel affich√©,,12-07-2025 01:34 PM,12-07-2025 01:34 PM,4886,Simon BÈgin <67952005.bxtw>,Simon BÈgin <67952005.bxtw>
75242,de Palerme / Paradis,H-C,Actif,Aucun visuel affich√©,,12-07-2025 01:34 PM,12-07-2025 01:34 PM,4887,Simon BÈgin <67952005.bxtw>,Simon BÈgin <67952005.bxtw>
75244,Saint-Jos√© / Salaberry,H-C,Actif,Aucun visuel affich√©,,12-07-2025 01:34 PM,12-07-2025 01:34 PM,4888,Simon BÈgin <67952005.bxtw>,Simon BÈgin <67952005.bxtw>
75245,Saint-Jos√© / Taschereau,H-C,Actif,Aucun visuel affich√©,,12-07-2025 01:34 PM,12-07-2025 01:34 PM,4889,Simon BÈgin <67952005.bxtw>,Simon BÈgin <67952005.bxtw>
75246,Saint-Jos√© / de la Commune,H-C,Actif,Aucun visuel affich√©,,12-07-2025 01:34 PM,12-07-2025 01:34 PM,4890,Simon BÈgin <67952005.bxtw>,Simon BÈgin <67952005.bxtw>
75247,Balmoral / Beaumont,H-C,Actif,Aucun visuel affich√©,,12-07-2025 01:34 PM,12-07-2025 01:34 PM,4891,Simon BÈgin <67952005.bxtw>,Simon BÈgin <67952005.bxtw>
75248,Balmoral / Beausoleil,H-C,Actif,Aucun visuel affich√©,,12-07-2025 01:34 PM,12-07-2025 01:34 PM,4892,Simon BÈgin <67952005.bxtw>,Simon BÈgin <67952005.bxtw>
75249,Balmoral / Beaumont,H-C,Actif,Aucun visuel affich√©,,12-07-2025 01:34 PM,12-07-2025 01:34 PM,4893,Simon BÈgin <67952005.bxtw>,Simon BÈgin <67952005.bxtw>
75257,Gare Candiac,H-C,Actif,Aucun visuel affich√©,,12-07-2025 01:34 PM,12-07-2025 01:34 PM,4894,Simon BÈgin <67952005.bxtw>,Simon BÈgin <67952005.bxtw>
75265,Sanguinet / √âdouard-VII,H-C,Actif,Aucun visuel affich√©,,12-07-2025 01:34 PM,12-07-2025 01:34 PM,4895,Simon BÈgin <67952005.bxtw>,Simon BÈgin <67952005.bxtw>
75266,Sanguinet / des Catalpas,H-C,Actif,Aucun visuel affich√©,,12-07-2025 01:34 PM,12-07-2025 01:34 PM,4896,Simon BÈgin <67952005.bxtw>,Simon BÈgin <67952005.bxtw>
75267,Sanguinet / des Catalpas,H-C,Actif,Aucun visuel affich√©,,12-07-2025 01:34 PM,12-07-2025 01:34 PM,4897,Simon BÈgin <67952005.bxtw>,Simon BÈgin <67952005.bxtw>
75268,Sanguinet / des Aub√©pines,H-C,Actif,Aucun visuel affich√©,,12-07-2025 01:34 PM,12-07-2025 01:34 PM,4898,Simon BÈgin <67952005.bxtw>,Simon BÈgin <67952005.bxtw>
75269,Sanguinet / des Aub√©pines,H-C,Actif,Aucun visuel affich√©,,12-07-2025 01:34 PM,12-07-2025 01:34 PM,4899,Simon BÈgin <67952005.bxtw>,Simon BÈgin <67952005.bxtw>
75270,Sanguinet / Jean,H-C,Actif,Aucun visuel affich√©,,12-07-2025 01:34 PM,12-07-2025 01:34 PM,4900,Simon BÈgin <67952005.bxtw>,Simon BÈgin <67952005.bxtw>
75271,Sanguinet / St√©phane,H-C,Actif,Aucun visuel affich√©,,12-07-2025 01:34 PM,12-07-2025 01:34 PM,4901,Simon BÈgin <67952005.bxtw>,Simon BÈgin <67952005.bxtw>
75272,√âdouard-VII / Sanguinet,H-C,Actif,Aucun visuel affich√©,,12-07-2025 01:34 PM,12-07-2025 01:34 PM,4902,Simon BÈgin <67952005.bxtw>,Simon BÈgin <67952005.bxtw>
75273,Perron / Lavall√©e,H-C,Actif,Aucun visuel affich√©,,12-07-2025 01:34 PM,12-07-2025 01:34 PM,4903,Simon BÈgin <67952005.bxtw>,Simon BÈgin <67952005.bxtw>
75274,Perron / Lavall√©e,H-C,Actif,Aucun visuel affich√©,,12-07-2025 01:34 PM,12-07-2025 01:34 PM,4904,Simon BÈgin <67952005.bxtw>,Simon BÈgin <67952005.bxtw>
75275,Mont√©e Saint-Claude / Rang Saint-Marc,H-C,Actif,Aucun visuel affich√©,,12-07-2025 01:34 PM,12-07-2025 01:34 PM,4905,Simon BÈgin <67952005.bxtw>,Simon BÈgin <67952005.bxtw>
75276,Rang Saint-Marc / Mont√©e Saint-Claude,H-C,Actif,Aucun visuel affich√©,,12-07-2025 01:34 PM,12-07-2025 01:34 PM,4906,Simon BÈgin <67952005.bxtw>,Simon BÈgin <67952005.bxtw>
75277,Mont√©e Saint-Claude / devant le civique 55,H-C,Actif,Aucun visuel affich√©,,12-07-2025 01:34 PM,12-07-2025 01:34 PM,4907,Simon BÈgin <67952005.bxtw>,Simon BÈgin <67952005.bxtw>
75278,Mont√©e Saint-Claude / devant le civique 46,H-C,Actif,Aucun visuel affich√©,,12-07-2025 01:34 PM,12-07-2025 01:34 PM,4908,Simon BÈgin <67952005.bxtw>,Simon BÈgin <67952005.bxtw>
75279,√âdouard-VII / de la Rive (2),H-C,Actif,Aucun visuel affich√©,,12-07-2025 01:34 PM,12-07-2025 01:34 PM,4909,Simon BÈgin <67952005.bxtw>,Simon BÈgin <67952005.bxtw>
75280,√âdouard-VII / de la Rive (1),H-C,Actif,Aucun visuel affich√©,,12-07-2025 01:34 PM,12-07-2025 01:34 PM,4910,Simon BÈgin <67952005.bxtw>,Simon BÈgin <67952005.bxtw>
75281,de Gaulle Sud / Jos√©,H-C,Actif,Aucun visuel affich√©,,12-07-2025 01:34 PM,12-07-2025 01:34 PM,4911,Simon BÈgin <67952005.bxtw>,Simon BÈgin <67952005.bxtw>
75282,√âdouard-VII / face √† l'√âglise Saint-Philippe,H-C,Actif,Aucun visuel affich√©,,12-07-2025 01:34 PM,12-07-2025 01:34 PM,4912,Simon BÈgin <67952005.bxtw>,Simon BÈgin <67952005.bxtw>
75283,√âdouard-VII / devant l'√âglise Saint-Philippe,H-C,Actif,Aucun visuel affich√©,,12-07-2025 01:34 PM,12-07-2025 01:34 PM,4913,Simon BÈgin <67952005.bxtw>,Simon BÈgin <67952005.bxtw>
75284,√âdouard-VII / devant la Biblioth√®que,H-C,Actif,Aucun visuel affich√©,,12-07-2025 01:34 PM,12-07-2025 01:34 PM,4914,Simon BÈgin <67952005.bxtw>,Simon BÈgin <67952005.bxtw>
75285,√âdouard-VII / Croissant du Parc,H-C,Actif,Aucun visuel affich√©,,12-07-2025 01:34 PM,12-07-2025 01:34 PM,4915,Simon BÈgin <67952005.bxtw>,Simon BÈgin <67952005.bxtw>
75286,Lucien / Beno√Æt,H-C,Actif,Aucun visuel affich√©,,12-07-2025 01:34 PM,12-07-2025 01:34 PM,4916,Simon BÈgin <67952005.bxtw>,Simon BÈgin <67952005.bxtw>
75287,Beno√Æt / Lucien,H-C,Actif,Aucun visuel affich√©,,12-07-2025 01:34 PM,12-07-2025 01:34 PM,4917,Simon BÈgin <67952005.bxtw>,Simon BÈgin <67952005.bxtw>
75288,√âdouard-VII / de la Rive (2),H-C,Actif,Aucun visuel affich√©,,12-07-2025 01:34 PM,12-07-2025 01:34 PM,4918,Simon BÈgin <67952005.bxtw>,Simon BÈgin <67952005.bxtw>
75289,√âdouard-VII / de la Rive (1),H-C,Actif,Aucun visuel affich√©,,12-07-2025 01:34 PM,12-07-2025 01:34 PM,4919,Simon BÈgin <67952005.bxtw>,Simon BÈgin <67952005.bxtw>
75291,Jos√© / de Gaulle Sud,H-C,Actif,Aucun visuel affich√©,,12-07-2025 01:34 PM,12-07-2025 01:34 PM,4920,Simon BÈgin <67952005.bxtw>,Simon BÈgin <67952005.bxtw>
75292,√âdouard-VII / Saint-Joseph Nord,H-C,Actif,Aucun visuel affich√©,,12-07-2025 01:34 PM,12-07-2025 01:34 PM,4921,Simon BÈgin <67952005.bxtw>,Simon BÈgin <67952005.bxtw>
75293,√âdouard-VII / Saint-Joseph Nord,H-C,Actif,Aucun visuel affich√©,,12-07-2025 01:34 PM,12-07-2025 01:34 PM,4922,Simon BÈgin <67952005.bxtw>,Simon BÈgin <67952005.bxtw>
75294,Lucien / √âdouard-VII,H-C,Actif,Aucun visuel affich√©,,12-07-2025 01:34 PM,12-07-2025 01:34 PM,4923,Simon BÈgin <67952005.bxtw>,Simon BÈgin <67952005.bxtw>
75295,Lucien / √âdouard-VII,H-C,Actif,Aucun visuel affich√©,,12-07-2025 01:34 PM,12-07-2025 01:34 PM,4924,Simon BÈgin <67952005.bxtw>,Simon BÈgin <67952005.bxtw>
75296,√âdouard-VII / Fourestier,H-C,Actif,Aucun visuel affich√©,,12-07-2025 01:34 PM,12-07-2025 01:34 PM,4925,Simon BÈgin <67952005.bxtw>,Simon BÈgin <67952005.bxtw>
75297,Perron / √âdouard-VII,H-C,Actif,Aucun visuel affich√©,,12-07-2025 01:34 PM,12-07-2025 01:34 PM,4926,Simon BÈgin <67952005.bxtw>,Simon BÈgin <67952005.bxtw>
75298,√âdouard-VII / Fourestier,H-C,Actif,Aucun visuel affich√©,,12-07-2025 01:34 PM,12-07-2025 01:34 PM,4927,Simon BÈgin <67952005.bxtw>,Simon BÈgin <67952005.bxtw>
75299,√âdouard-VII / Mont√©e Monette,H-C,Actif,Aucun visuel affich√©,,12-07-2025 01:34 PM,12-07-2025 01:34 PM,4928,Simon BÈgin <67952005.bxtw>,Simon BÈgin <67952005.bxtw>
75300,√âdouard-VII / Mont√©e Monette,H-C,Actif,Aucun visuel affich√©,,12-07-2025 01:34 PM,12-07-2025 01:34 PM,4929,Simon BÈgin <67952005.bxtw>,Simon BÈgin <67952005.bxtw>
75301,√âdouard-VII / Perron,H-C,Actif,Aucun visuel affich√©,,12-07-2025 01:34 PM,12-07-2025 01:34 PM,4930,Simon BÈgin <67952005.bxtw>,Simon BÈgin <67952005.bxtw>
75303,√âdouard-VII / des Noyers,H-C,Actif,Aucun visuel affich√©,,12-07-2025 01:34 PM,12-07-2025 01:34 PM,4931,Simon BÈgin <67952005.bxtw>,Simon BÈgin <67952005.bxtw>
75304,√âdouard-VII / des Noyers,H-C,Actif,Aucun visuel affich√©,,12-07-2025 01:34 PM,12-07-2025 01:34 PM,4932,Simon BÈgin <67952005.bxtw>,Simon BÈgin <67952005.bxtw>
75305,Foucreault / devant le civique 80,H-C,Actif,Aucun visuel affich√©,,12-07-2025 01:34 PM,12-07-2025 01:34 PM,4933,Simon BÈgin <67952005.bxtw>,Simon BÈgin <67952005.bxtw>
75306,√âdouard-VII / devant le civique 1365,H-C,Actif,Aucun visuel affich√©,,12-07-2025 01:34 PM,12-07-2025 01:34 PM,4934,Simon BÈgin <67952005.bxtw>,Simon BÈgin <67952005.bxtw>
75307,√âdouard-VII / face au civique 1365,H-C,Actif,Aucun visuel affich√©,,12-07-2025 01:34 PM,12-07-2025 01:34 PM,4935,Simon BÈgin <67952005.bxtw>,Simon BÈgin <67952005.bxtw>
75310,√âdouard-VII / devant le civique 1775,H-C,Actif,Aucun visuel affich√©,,12-07-2025 01:34 PM,12-07-2025 01:34 PM,4936,Simon BÈgin <67952005.bxtw>,Simon BÈgin <67952005.bxtw>
75311,√âdouard-VII / face au civique 1775,H-C,Actif,Aucun visuel affich√©,,12-07-2025 01:34 PM,12-07-2025 01:34 PM,4937,Simon BÈgin <67952005.bxtw>,Simon BÈgin <67952005.bxtw>
75317,Foucreault / face au civique 10,H-C,Actif,Aucun visuel affich√©,,12-07-2025 01:34 PM,12-07-2025 01:34 PM,4938,Simon BÈgin <67952005.bxtw>,Simon BÈgin <67952005.bxtw>
75318,Rang Saint-Marc / Mont√©e Monette,H-C,Actif,Aucun visuel affich√©,,12-07-2025 01:34 PM,12-07-2025 01:34 PM,4939,Simon BÈgin <67952005.bxtw>,Simon BÈgin <67952005.bxtw>
75319,Mont√©e Monette / Rang Saint-Marc,H-C,Actif,Aucun visuel affich√©,,12-07-2025 01:34 PM,12-07-2025 01:34 PM,4940,Simon BÈgin <67952005.bxtw>,Simon BÈgin <67952005.bxtw>
75320,Rath√© / Mont√©e Saint-Claude,H-C,Actif,Aucun visuel affich√©,,12-07-2025 01:34 PM,12-07-2025 01:34 PM,4941,Simon BÈgin <67952005.bxtw>,Simon BÈgin <67952005.bxtw>
75321,Mont√©e Saint-Claude / Rath√©,H-C,Actif,Aucun visuel affich√©,,12-07-2025 01:34 PM,12-07-2025 01:34 PM,4942,Simon BÈgin <67952005.bxtw>,Simon BÈgin <67952005.bxtw>
75322,Mont√©e Saint-Claude / Saint-Pierre (1),H-C,Actif,Aucun visuel affich√©,,12-07-2025 01:34 PM,12-07-2025 01:34 PM,4943,Simon BÈgin <67952005.bxtw>,Simon BÈgin <67952005.bxtw>
75323,Mont√©e Saint-Claude / Saint-Pierre (2),H-C,Actif,Aucun visuel affich√©,,12-07-2025 01:34 PM,12-07-2025 01:34 PM,4944,Simon BÈgin <67952005.bxtw>,Simon BÈgin <67952005.bxtw>
75324,Jean-Leman / Charlemagne,H-C,Actif,Aucun visuel affich√©,,12-07-2025 01:34 PM,12-07-2025 01:34 PM,4945,Simon BÈgin <67952005.bxtw>,Simon BÈgin <67952005.bxtw>
75325,Mont√©e Saint-Claude / Saint-Pierre (2),H-C,Actif,Aucun visuel affich√©,,12-07-2025 01:34 PM,12-07-2025 01:34 PM,4946,Simon BÈgin <67952005.bxtw>,Simon BÈgin <67952005.bxtw>
75326,Mont√©e Saint-Claude / Saint-Pierre (1),H-C,Actif,Aucun visuel affich√©,,12-07-2025 01:34 PM,12-07-2025 01:34 PM,4947,Simon BÈgin <67952005.bxtw>,Simon BÈgin <67952005.bxtw>
75327,Mont√©e Saint-Claude / Fernande,H-C,Actif,Aucun visuel affich√©,,12-07-2025 01:34 PM,12-07-2025 01:34 PM,4948,Simon BÈgin <67952005.bxtw>,Simon BÈgin <67952005.bxtw>
75328,Mont√©e Saint-Claude / Fernande,H-C,Actif,Aucun visuel affich√©,,12-07-2025 01:34 PM,12-07-2025 01:34 PM,4949,Simon BÈgin <67952005.bxtw>,Simon BÈgin <67952005.bxtw>
75329,Mont√©e Saint-Claude / H√©bert,H-C,Actif,Aucun visuel affich√©,,12-07-2025 01:34 PM,12-07-2025 01:34 PM,4950,Simon BÈgin <67952005.bxtw>,Simon BÈgin <67952005.bxtw>
75330,Mont√©e Saint-Claude / H√©bert,H-C,Actif,Aucun visuel affich√©,,12-07-2025 01:34 PM,12-07-2025 01:34 PM,4951,Simon BÈgin <67952005.bxtw>,Simon BÈgin <67952005.bxtw>
75331,√âdouard-VII / Foucreault,H-C,Actif,Aucun visuel affich√©,,12-07-2025 01:34 PM,12-07-2025 01:34 PM,4952,Simon BÈgin <67952005.bxtw>,Simon BÈgin <67952005.bxtw>
75332,de Saint-Jean / de Fontarabie,H-C,Actif,Aucun visuel affich√©,,12-07-2025 01:34 PM,12-07-2025 01:34 PM,4953,Simon BÈgin <67952005.bxtw>,Simon BÈgin <67952005.bxtw>
75333,√âdouard-VII / Foucreault,H-C,Actif,Aucun visuel affich√©,,12-07-2025 01:34 PM,12-07-2025 01:34 PM,4954,Simon BÈgin <67952005.bxtw>,Simon BÈgin <67952005.bxtw>
75334,de Saint-Jean / Lafreni√®re,H-C,Actif,Aucun visuel affich√©,,12-07-2025 01:34 PM,12-07-2025 01:34 PM,4955,Simon BÈgin <67952005.bxtw>,Simon BÈgin <67952005.bxtw>
75335,de Saint-Jean / Monette,H-C,Actif,Aucun visuel affich√©,,12-07-2025 01:34 PM,12-07-2025 01:34 PM,4956,Simon BÈgin <67952005.bxtw>,Simon BÈgin <67952005.bxtw>
75337,Place Johanne / face au civique 7265,H-C,Actif,Aucun visuel affich√©,,12-07-2025 01:34 PM,12-07-2025 01:34 PM,4957,Simon BÈgin <67952005.bxtw>,Simon BÈgin <67952005.bxtw>
75338,Place Johanne / face au civique 7355,H-C,Actif,Aucun visuel affich√©,,12-07-2025 01:34 PM,12-07-2025 01:34 PM,4958,Simon BÈgin <67952005.bxtw>,Simon BÈgin <67952005.bxtw>
75339,Place Johanne / face au civique 7520,H-C,Actif,Aucun visuel affich√©,,12-07-2025 01:34 PM,12-07-2025 01:34 PM,4959,Simon BÈgin <67952005.bxtw>,Simon BÈgin <67952005.bxtw>
75340,de Saint-Jean / de Fontarabie,H-C,Actif,Aucun visuel affich√©,,12-07-2025 01:34 PM,12-07-2025 01:34 PM,4960,Simon BÈgin <67952005.bxtw>,Simon BÈgin <67952005.bxtw>
75341,de Saint-Jean / Saint-Rapha√´l,H-C,Actif,Aucun visuel affich√©,,12-07-2025 01:34 PM,12-07-2025 01:34 PM,4961,Simon BÈgin <67952005.bxtw>,Simon BÈgin <67952005.bxtw>
75342,de Saint-Jean / Lafreni√®re,H-C,Actif,Aucun visuel affich√©,,12-07-2025 01:34 PM,12-07-2025 01:34 PM,4962,Simon BÈgin <67952005.bxtw>,Simon BÈgin <67952005.bxtw>
75343,de Saint-Jean / Monette,H-C,Actif,Aucun visuel affich√©,,12-07-2025 01:34 PM,12-07-2025 01:34 PM,4963,Simon BÈgin <67952005.bxtw>,Simon BÈgin <67952005.bxtw>
75344,de Saint-Jean / de la Bataille Sud,H-C,Actif,Aucun visuel affich√©,,12-07-2025 01:34 PM,12-07-2025 01:34 PM,4964,Simon BÈgin <67952005.bxtw>,Simon BÈgin <67952005.bxtw>
75346,Place Johanne / de Saint-Jean,H-C,Actif,Aucun visuel affich√©,,12-07-2025 01:34 PM,12-07-2025 01:34 PM,4965,Simon BÈgin <67952005.bxtw>,Simon BÈgin <67952005.bxtw>
75347,Place Johanne / de Saint-Jean,H-C,Actif,Aucun visuel affich√©,,12-07-2025 01:34 PM,12-07-2025 01:34 PM,4966,Simon BÈgin <67952005.bxtw>,Simon BÈgin <67952005.bxtw>
75349,Haendel / des Flandres,H-C,Actif,Aucun visuel affich√©,,12-07-2025 01:34 PM,12-07-2025 01:34 PM,4967,Simon BÈgin <67952005.bxtw>,Simon BÈgin <67952005.bxtw>
75372,Montcalm Sud / Jean-Leman,H-C,Actif,Aucun visuel affich√©,,12-07-2025 01:34 PM,12-07-2025 01:34 PM,4968,Simon BÈgin <67952005.bxtw>,Simon BÈgin <67952005.bxtw>
75375,des Flandres / Frontenac,H-C,Actif,Aucun visuel affich√©,,12-07-2025 01:34 PM,12-07-2025 01:34 PM,4969,Simon BÈgin <67952005.bxtw>,Simon BÈgin <67952005.bxtw>
75376,Frontenac / des Flandres,H-C,Actif,Aucun visuel affich√©,,12-07-2025 01:34 PM,12-07-2025 01:34 PM,4970,Simon BÈgin <67952005.bxtw>,Simon BÈgin <67952005.bxtw>
75377,des Flandres / Fouquet,H-C,Actif,Aucun visuel affich√©,,12-07-2025 01:34 PM,12-07-2025 01:34 PM,4971,Simon BÈgin <67952005.bxtw>,Simon BÈgin <67952005.bxtw>
75378,Fouquet / Flaubert,H-C,Actif,Aucun visuel affich√©,,12-07-2025 01:34 PM,12-07-2025 01:34 PM,4972,Simon BÈgin <67952005.bxtw>,Simon BÈgin <67952005.bxtw>
75379,Fouquet / des Flandres,H-C,Actif,Aucun visuel affich√©,,12-07-2025 01:34 PM,12-07-2025 01:34 PM,4973,Simon BÈgin <67952005.bxtw>,Simon BÈgin <67952005.bxtw>
75380,Saint-Fran√ßois-Xavier / Haendel,H-C,Actif,Aucun visuel affich√©,,12-07-2025 01:34 PM,12-07-2025 01:34 PM,4974,Simon BÈgin <67952005.bxtw>,Simon BÈgin <67952005.bxtw>
75387,Paul-Gauguin / devant le civique 20,H-C,Actif,Aucun visuel affich√©,,12-07-2025 01:34 PM,12-07-2025 01:34 PM,4975,Simon BÈgin <67952005.bxtw>,Simon BÈgin <67952005.bxtw>
75388,Rosaire-Circ√© / Dancose,H-C,Actif,Aucun visuel affich√©,,12-07-2025 01:34 PM,12-07-2025 01:34 PM,4976,Simon BÈgin <67952005.bxtw>,Simon BÈgin <67952005.bxtw>
75389,de l'Industrie / L√©on-Bloy ouest,H-C,Actif,Aucun visuel affich√©,,12-07-2025 01:34 PM,12-07-2025 01:34 PM,4977,Simon BÈgin <67952005.bxtw>,Simon BÈgin <67952005.bxtw>
75390,Ernest-Rochette / Patrick-McGee,H-C,Actif,Aucun visuel affich√©,,12-07-2025 01:34 PM,12-07-2025 01:34 PM,4978,Simon BÈgin <67952005.bxtw>,Simon BÈgin <67952005.bxtw>
75391,Ernest-Rochette / Francois-Le-Ber,H-C,Actif,Aucun visuel affich√©,,12-07-2025 01:34 PM,12-07-2025 01:34 PM,4979,Simon BÈgin <67952005.bxtw>,Simon BÈgin <67952005.bxtw>
75392,Ernest-Rochette / du Maire,H-C,Actif,Aucun visuel affich√©,,12-07-2025 01:34 PM,12-07-2025 01:34 PM,4980,Simon BÈgin <67952005.bxtw>,Simon BÈgin <67952005.bxtw>
75393,du Maire / P.-√â.-Lamarche,H-C,Actif,Aucun visuel affich√©,,12-07-2025 01:34 PM,12-07-2025 01:34 PM,4981,Simon BÈgin <67952005.bxtw>,Simon BÈgin <67952005.bxtw>
75394,du Maire / Rosaire-Circe,H-C,Actif,Aucun visuel affich√©,,12-07-2025 01:34 PM,12-07-2025 01:34 PM,4982,Simon BÈgin <67952005.bxtw>,Simon BÈgin <67952005.bxtw>
75395,des Champs-Fleuris / des Pr√©s-Verts,H-C,Actif,Aucun visuel affich√©,,12-07-2025 01:34 PM,12-07-2025 01:34 PM,4983,Simon BÈgin <67952005.bxtw>,Simon BÈgin <67952005.bxtw>
75396,de Palerme / du Parc-des-√ârables,H-C,Actif,Aucun visuel affich√©,,12-07-2025 01:34 PM,12-07-2025 01:34 PM,4984,Simon BÈgin <67952005.bxtw>,Simon BÈgin <67952005.bxtw>
75397,de Palerme / Perron,H-C,Actif,Aucun visuel affich√©,,12-07-2025 01:34 PM,12-07-2025 01:34 PM,4985,Simon BÈgin <67952005.bxtw>,Simon BÈgin <67952005.bxtw>
75398,de la Briqueterie / Saint-Jos√©,H-C,Actif,Aucun visuel affich√©,,12-07-2025 01:34 PM,12-07-2025 01:34 PM,4986,Simon BÈgin <67952005.bxtw>,Simon BÈgin <67952005.bxtw>
75399,Taschereau / Lavoie,H-C,Actif,Aucun visuel affich√©,,12-07-2025 01:34 PM,12-07-2025 01:34 PM,4987,Simon BÈgin <67952005.bxtw>,Simon BÈgin <67952005.bxtw>
75400,Taschereau / Dufort,H-C,Actif,Aucun visuel affich√©,,12-07-2025 01:34 PM,12-07-2025 01:34 PM,4988,Simon BÈgin <67952005.bxtw>,Simon BÈgin <67952005.bxtw>
75402,Taschereau / Saint-Henri,H-C,Actif,Aucun visuel affich√©,,12-07-2025 01:34 PM,12-07-2025 01:34 PM,4989,Simon BÈgin <67952005.bxtw>,Simon BÈgin <67952005.bxtw>
75403,Haendel / Place Halifax (1),H-C,Actif,Aucun visuel affich√©,,12-07-2025 01:34 PM,12-07-2025 01:34 PM,4990,Simon BÈgin <67952005.bxtw>,Simon BÈgin <67952005.bxtw>
75405,Jacques-Martin / Beno√Æt-Charlebois I,H-C,Actif,Aucun visuel affich√©,,12-07-2025 01:34 PM,12-07-2025 01:34 PM,4991,Simon BÈgin <67952005.bxtw>,Simon BÈgin <67952005.bxtw>
75406,Jacques-Martin / Pompidou,H-C,Actif,Aucun visuel affich√©,,12-07-2025 01:34 PM,12-07-2025 01:34 PM,4992,Simon BÈgin <67952005.bxtw>,Simon BÈgin <67952005.bxtw>
75407,Pompidou / du P√©rigord,H-C,Actif,Aucun visuel affich√©,,12-07-2025 01:34 PM,12-07-2025 01:34 PM,4993,Simon BÈgin <67952005.bxtw>,Simon BÈgin <67952005.bxtw>
75408,Pompidou / Saint-Jos√©,H-C,Actif,Aucun visuel affich√©,,12-07-2025 01:34 PM,12-07-2025 01:34 PM,4994,Simon BÈgin <67952005.bxtw>,Simon BÈgin <67952005.bxtw>
75409,Saint-Jos√© / Samuel-de-Champlain,H-C,Actif,Aucun visuel affich√©,,12-07-2025 01:34 PM,12-07-2025 01:34 PM,4995,Simon BÈgin <67952005.bxtw>,Simon BÈgin <67952005.bxtw>
75410,de la Briqueterie / de la Rose-des-Sable,H-C,Actif,Aucun visuel affich√©,,12-07-2025 01:34 PM,12-07-2025 01:34 PM,4996,Simon BÈgin <67952005.bxtw>,Simon BÈgin <67952005.bxtw>
75411,de la Briqueterie / de l'Argile,H-C,Actif,Aucun visuel affich√©,,12-07-2025 01:34 PM,12-07-2025 01:34 PM,4997,Simon BÈgin <67952005.bxtw>,Simon BÈgin <67952005.bxtw>
75413,Jean-Baptiste-Varin / Denise-Lemaistre,H-C,Actif,Aucun visuel affich√©,,12-07-2025 01:34 PM,12-07-2025 01:34 PM,4998,Simon BÈgin <67952005.bxtw>,Simon BÈgin <67952005.bxtw>
75414,de Palerme / Paradis,H-C,Actif,Aucun visuel affich√©,,12-07-2025 01:34 PM,12-07-2025 01:34 PM,4999,Simon BÈgin <67952005.bxtw>,Simon BÈgin <67952005.bxtw>
75415,de Palerme / du Parc-des-√ârables,H-C,Actif,Aucun visuel affich√©,,12-07-2025 01:34 PM,12-07-2025 01:34 PM,5000,Simon BÈgin <67952005.bxtw>,Simon BÈgin <67952005.bxtw>
75416,de Palerme / de Saint-Jean,H-C,Actif,Aucun visuel affich√©,,12-07-2025 01:34 PM,12-07-2025 01:34 PM,5001,Simon BÈgin <67952005.bxtw>,Simon BÈgin <67952005.bxtw>
75417,Jean-Baptiste-Varin / Denise-Lemaistre,H-C,Actif,Aucun visuel affich√©,,12-07-2025 01:34 PM,12-07-2025 01:34 PM,5002,Simon BÈgin <67952005.bxtw>,Simon BÈgin <67952005.bxtw>
75418,Jean-Baptiste-Varin / de la Briqueterie,H-C,Actif,Aucun visuel affich√©,,12-07-2025 01:34 PM,12-07-2025 01:34 PM,5003,Simon BÈgin <67952005.bxtw>,Simon BÈgin <67952005.bxtw>
75419,de la Briqueterie / de l'Argile,H-C,Actif,Aucun visuel affich√©,,12-07-2025 01:34 PM,12-07-2025 01:34 PM,5004,Simon BÈgin <67952005.bxtw>,Simon BÈgin <67952005.bxtw>
75421,Pompidou / du P√©rigord,H-C,Actif,Aucun visuel affich√©,,12-07-2025 01:34 PM,12-07-2025 01:34 PM,5005,Simon BÈgin <67952005.bxtw>,Simon BÈgin <67952005.bxtw>
75423,Jacques-Martin / Beno√Æt-Charlebois I,H-C,Actif,Aucun visuel affich√©,,12-07-2025 01:34 PM,12-07-2025 01:34 PM,5006,Simon BÈgin <67952005.bxtw>,Simon BÈgin <67952005.bxtw>
75424,Saint-Jos√© / Pompidou,H-C,Actif,Aucun visuel affich√©,,12-07-2025 01:34 PM,12-07-2025 01:34 PM,5007,Simon BÈgin <67952005.bxtw>,Simon BÈgin <67952005.bxtw>
75430,Jacques-Martin / Beno√Æt-Charlebois II,H-C,Actif,Aucun visuel affich√©,,12-07-2025 01:34 PM,12-07-2025 01:34 PM,5008,Simon BÈgin <67952005.bxtw>,Simon BÈgin <67952005.bxtw>
75431,Jacques-Martin / Beno√Æt-Charlebois II,H-C,Actif,Aucun visuel affich√©,,12-07-2025 01:34 PM,12-07-2025 01:34 PM,5009,Simon BÈgin <67952005.bxtw>,Simon BÈgin <67952005.bxtw>
75432,Pompidou / Perrier,H-C,Actif,Aucun visuel affich√©,,12-07-2025 01:34 PM,12-07-2025 01:34 PM,5010,Simon BÈgin <67952005.bxtw>,Simon BÈgin <67952005.bxtw>
75433,Pompidou / Perrier,H-C,Actif,Aucun visuel affich√©,,12-07-2025 01:34 PM,12-07-2025 01:34 PM,5011,Simon BÈgin <67952005.bxtw>,Simon BÈgin <67952005.bxtw>
75434,de la Briqueterie / de la Tadoussac,H-C,Actif,Aucun visuel affich√©,,12-07-2025 01:34 PM,12-07-2025 01:34 PM,5012,Simon BÈgin <67952005.bxtw>,Simon BÈgin <67952005.bxtw>
75435,de la Briqueterie / de la B√©lize,H-C,Actif,Aucun visuel affich√©,,12-07-2025 01:34 PM,12-07-2025 01:34 PM,5013,Simon BÈgin <67952005.bxtw>,Simon BÈgin <67952005.bxtw>
75436,Pompidou / Jacques-Martin,H-C,Actif,Aucun visuel affich√©,,12-07-2025 01:34 PM,12-07-2025 01:34 PM,5014,Simon BÈgin <67952005.bxtw>,Simon BÈgin <67952005.bxtw>
75437,de la Briqueterie / Saint-Jos√©,H-C,Actif,Aucun visuel affich√©,,12-07-2025 01:34 PM,12-07-2025 01:34 PM,5015,Simon BÈgin <67952005.bxtw>,Simon BÈgin <67952005.bxtw>
75438,Paul-Gauguin / Libert√©,H-C,Actif,Aucun visuel affich√©,,12-07-2025 01:34 PM,12-07-2025 01:34 PM,5016,Simon BÈgin <67952005.bxtw>,Simon BÈgin <67952005.bxtw>
75440,Libert√© / devant le civique 315,H-C,Actif,Aucun visuel affich√©,,12-07-2025 01:34 PM,12-07-2025 01:34 PM,5017,Simon BÈgin <67952005.bxtw>,Simon BÈgin <67952005.bxtw>
75441,Libert√© / devant le civique 330,H-C,Actif,Aucun visuel affich√©,,12-07-2025 01:34 PM,12-07-2025 01:34 PM,5018,Simon BÈgin <67952005.bxtw>,Simon BÈgin <67952005.bxtw>
75442,Libert√© / Radisson,H-C,Actif,Aucun visuel affich√©,,12-07-2025 01:34 PM,12-07-2025 01:34 PM,5019,Simon BÈgin <67952005.bxtw>,Simon BÈgin <67952005.bxtw>
75443,Libert√© / Radisson,H-C,Actif,Aucun visuel affich√©,,12-07-2025 01:34 PM,12-07-2025 01:34 PM,5020,Simon BÈgin <67952005.bxtw>,Simon BÈgin <67952005.bxtw>
75444,Libert√© / Saint-Fran√ßois-Xavier,H-C,Actif,Aucun visuel affich√©,,12-07-2025 01:34 PM,12-07-2025 01:34 PM,5021,Simon BÈgin <67952005.bxtw>,Simon BÈgin <67952005.bxtw>
75446,Paul-Gauguin / Fouquet,H-C,Actif,Aucun visuel affich√©,,12-07-2025 01:34 PM,12-07-2025 01:34 PM,5022,Simon BÈgin <67952005.bxtw>,Simon BÈgin <67952005.bxtw>
75447,Paul-Gauguin / Fouquet,H-C,Actif,Aucun visuel affich√©,,12-07-2025 01:34 PM,12-07-2025 01:34 PM,5023,Simon BÈgin <67952005.bxtw>,Simon BÈgin <67952005.bxtw>
75448,Montcalm Sud / Jean-Leman,H-C,Actif,Aucun visuel affich√©,,12-07-2025 01:34 PM,12-07-2025 01:34 PM,5024,Simon BÈgin <67952005.bxtw>,Simon BÈgin <67952005.bxtw>
75449,Montcalm Sud / Asselin (2),H-C,Actif,Aucun visuel affich√©,,12-07-2025 01:34 PM,12-07-2025 01:34 PM,5025,Simon BÈgin <67952005.bxtw>,Simon BÈgin <67952005.bxtw>
75451,Montcalm Sud / Asselin (1),H-C,Actif,Aucun visuel affich√©,,12-07-2025 01:34 PM,12-07-2025 01:34 PM,5026,Simon BÈgin <67952005.bxtw>,Simon BÈgin <67952005.bxtw>
75453,Montcalm Sud / d'Auteuil,H-C,Actif,Aucun visuel affich√©,,12-07-2025 01:34 PM,12-07-2025 01:34 PM,5027,Simon BÈgin <67952005.bxtw>,Simon BÈgin <67952005.bxtw>
75455,de Barcelone / Place de Boh√™me,H-C,Actif,Aucun visuel affich√©,,12-07-2025 01:34 PM,12-07-2025 01:34 PM,5028,Simon BÈgin <67952005.bxtw>,Simon BÈgin <67952005.bxtw>
75457,de Barcelone / Place de Bretagne,H-C,Actif,Aucun visuel affich√©,,12-07-2025 01:34 PM,12-07-2025 01:34 PM,5029,Simon BÈgin <67952005.bxtw>,Simon BÈgin <67952005.bxtw>
75458,de Barcelone / Jean-Leman,H-C,Actif,Aucun visuel affich√©,,12-07-2025 01:34 PM,12-07-2025 01:34 PM,5030,Simon BÈgin <67952005.bxtw>,Simon BÈgin <67952005.bxtw>
75459,de Barcelone / Baffin,H-C,Actif,Aucun visuel affich√©,,12-07-2025 01:34 PM,12-07-2025 01:34 PM,5031,Simon BÈgin <67952005.bxtw>,Simon BÈgin <67952005.bxtw>
75461,de l'Industrie / devant le 100,H-C,Actif,Aucun visuel affich√©,,12-07-2025 01:34 PM,12-07-2025 01:34 PM,5032,Simon BÈgin <67952005.bxtw>,Simon BÈgin <67952005.bxtw>
75467,de Palerme / Pinsonneault,H-C,Actif,Aucun visuel affich√©,,12-07-2025 01:34 PM,12-07-2025 01:34 PM,5033,Simon BÈgin <67952005.bxtw>,Simon BÈgin <67952005.bxtw>
75469,Jean-Baptiste-Varin / de Palerme,H-C,Actif,Aucun visuel affich√©,,12-07-2025 01:34 PM,12-07-2025 01:34 PM,5034,Simon BÈgin <67952005.bxtw>,Simon BÈgin <67952005.bxtw>
75470,de Palerme / Jean-Baptiste-Varin,H-C,Actif,Aucun visuel affich√©,,12-07-2025 01:34 PM,12-07-2025 01:34 PM,5035,Simon BÈgin <67952005.bxtw>,Simon BÈgin <67952005.bxtw>
75471,Jean-Baptiste-Varin / Pierre-Falcon,H-C,Actif,Aucun visuel affich√©,,12-07-2025 01:34 PM,12-07-2025 01:34 PM,5036,Simon BÈgin <67952005.bxtw>,Simon BÈgin <67952005.bxtw>
75472,Jean-Baptiste-Varin / Pierre-Falcon,H-C,Actif,Aucun visuel affich√©,,12-07-2025 01:34 PM,12-07-2025 01:34 PM,5037,Simon BÈgin <67952005.bxtw>,Simon BÈgin <67952005.bxtw>
75474,des Pr√©s-Verts / de la Reine-des-Pr√©s,H-C,Actif,Aucun visuel affich√©,,12-07-2025 01:34 PM,12-07-2025 01:34 PM,5038,Simon BÈgin <67952005.bxtw>,Simon BÈgin <67952005.bxtw>
75475,des Pr√©s-Verts / des Gla√Øeuls,H-C,Actif,Aucun visuel affich√©,,12-07-2025 01:34 PM,12-07-2025 01:34 PM,5039,Simon BÈgin <67952005.bxtw>,Simon BÈgin <67952005.bxtw>
75476,des Pr√©s Verts / feu de circulation,H-C,Actif,Aucun visuel affich√©,,12-07-2025 01:34 PM,12-07-2025 01:34 PM,5040,Simon BÈgin <67952005.bxtw>,Simon BÈgin <67952005.bxtw>
75477,Saint-Henri / Notre-Dame,H-C,Actif,Aucun visuel affich√©,,12-07-2025 01:34 PM,12-07-2025 01:34 PM,5041,Simon BÈgin <67952005.bxtw>,Simon BÈgin <67952005.bxtw>
75487,du Dauphin√© / de Dijon,H-C,Actif,Aucun visuel affich√©,,12-07-2025 01:34 PM,12-07-2025 01:34 PM,5042,Simon BÈgin <67952005.bxtw>,Simon BÈgin <67952005.bxtw>
75489,de Deauville / Delacroix,H-C,Actif,Aucun visuel affich√©,,12-07-2025 01:34 PM,12-07-2025 01:34 PM,5043,Simon BÈgin <67952005.bxtw>,Simon BÈgin <67952005.bxtw>
75490,de Deauville / Duberger,H-C,Actif,Aucun visuel affich√©,,12-07-2025 01:34 PM,12-07-2025 01:34 PM,5044,Simon BÈgin <67952005.bxtw>,Simon BÈgin <67952005.bxtw>
75491,de Deauville / Dagobert,H-C,Actif,Aucun visuel affich√©,,12-07-2025 01:34 PM,12-07-2025 01:34 PM,5045,Simon BÈgin <67952005.bxtw>,Simon BÈgin <67952005.bxtw>
75492,de Deauville / de Douvrin,H-C,Actif,Aucun visuel affich√©,,12-07-2025 01:34 PM,12-07-2025 01:34 PM,5046,Simon BÈgin <67952005.bxtw>,Simon BÈgin <67952005.bxtw>
75493,de Deauville / de Dom√©rat,H-C,Actif,Aucun visuel affich√©,,12-07-2025 01:34 PM,12-07-2025 01:34 PM,5047,Simon BÈgin <67952005.bxtw>,Simon BÈgin <67952005.bxtw>
75494,de Deauville / Duceppe,H-C,Actif,Aucun visuel affich√©,,12-07-2025 01:34 PM,12-07-2025 01:34 PM,5048,Simon BÈgin <67952005.bxtw>,Simon BÈgin <67952005.bxtw>
75495,de Deauville / du Danube,H-C,Actif,Aucun visuel affich√©,,12-07-2025 01:34 PM,12-07-2025 01:34 PM,5049,Simon BÈgin <67952005.bxtw>,Simon BÈgin <67952005.bxtw>
75496,de Deauville / Dozois,H-C,Actif,Aucun visuel affich√©,,12-07-2025 01:34 PM,12-07-2025 01:34 PM,5050,Simon BÈgin <67952005.bxtw>,Simon BÈgin <67952005.bxtw>
75498,de Dompierre / Jean-Leman,H-C,Actif,Aucun visuel affich√©,,12-07-2025 01:34 PM,12-07-2025 01:34 PM,5051,Simon BÈgin <67952005.bxtw>,Simon BÈgin <67952005.bxtw>
75500,Jean-Leman / Charlemagne,H-C,Actif,Aucun visuel affich√©,,12-07-2025 01:34 PM,12-07-2025 01:34 PM,5052,Simon BÈgin <67952005.bxtw>,Simon BÈgin <67952005.bxtw>
75502,Charlemagne / de Chantilly,H-C,Actif,Aucun visuel affich√©,,12-07-2025 01:34 PM,12-07-2025 01:34 PM,5053,Simon BÈgin <67952005.bxtw>,Simon BÈgin <67952005.bxtw>
75503,Jean-Leman / Champagne,H-C,Actif,Aucun visuel affich√©,,12-07-2025 01:34 PM,12-07-2025 01:34 PM,5054,Simon BÈgin <67952005.bxtw>,Simon BÈgin <67952005.bxtw>
75504,Jean-Leman / du Dauphin√©,H-C,Actif,Aucun visuel affich√©,,12-07-2025 01:34 PM,12-07-2025 01:34 PM,5055,Simon BÈgin <67952005.bxtw>,Simon BÈgin <67952005.bxtw>
75508,Charlemagne / du Calvados,H-C,Actif,Aucun visuel affich√©,,12-07-2025 01:34 PM,12-07-2025 01:34 PM,5056,Simon BÈgin <67952005.bxtw>,Simon BÈgin <67952005.bxtw>
75510,Charlemagne / de Chablis,H-C,Actif,Aucun visuel affich√©,,12-07-2025 01:34 PM,12-07-2025 01:34 PM,5057,Simon BÈgin <67952005.bxtw>,Simon BÈgin <67952005.bxtw>
75512,Charlemagne / Place de Chambord,H-C,Actif,Aucun visuel affich√©,,12-07-2025 01:34 PM,12-07-2025 01:34 PM,5058,Simon BÈgin <67952005.bxtw>,Simon BÈgin <67952005.bxtw>
75514,de Dompierre / du Dauphin√©,H-C,Actif,Aucun visuel affich√©,,12-07-2025 01:34 PM,12-07-2025 01:34 PM,5059,Simon BÈgin <67952005.bxtw>,Simon BÈgin <67952005.bxtw>
75518,de Dompierre / de Dijon,H-C,Actif,Aucun visuel affich√©,,12-07-2025 01:34 PM,12-07-2025 01:34 PM,5060,Simon BÈgin <67952005.bxtw>,Simon BÈgin <67952005.bxtw>
75530,Jean-Leman / de Sardaigne,H-C,Actif,Aucun visuel affich√©,,12-07-2025 01:34 PM,12-07-2025 01:34 PM,5061,Simon BÈgin <67952005.bxtw>,Simon BÈgin <67952005.bxtw>
75531,Jean-Leman / de la Seine,H-C,Actif,Aucun visuel affich√©,,12-07-2025 01:34 PM,12-07-2025 01:34 PM,5062,Simon BÈgin <67952005.bxtw>,Simon BÈgin <67952005.bxtw>
75532,Jean-Leman / de Syracuse,H-C,Actif,Aucun visuel affich√©,,12-07-2025 01:34 PM,12-07-2025 01:34 PM,5063,Simon BÈgin <67952005.bxtw>,Simon BÈgin <67952005.bxtw>
75533,Jean-Leman / de Syracuse,H-C,Actif,Aucun visuel affich√©,,12-07-2025 01:34 PM,12-07-2025 01:34 PM,5064,Simon BÈgin <67952005.bxtw>,Simon BÈgin <67952005.bxtw>
75534,Jean-Leman / de la Seine,H-C,Actif,Aucun visuel affich√©,,12-07-2025 01:34 PM,12-07-2025 01:34 PM,5065,Simon BÈgin <67952005.bxtw>,Simon BÈgin <67952005.bxtw>
75535,Jean-Leman / de Sardaigne,H-C,Actif,Aucun visuel affich√©,,12-07-2025 01:34 PM,12-07-2025 01:34 PM,5066,Simon BÈgin <67952005.bxtw>,Simon BÈgin <67952005.bxtw>
75537,Place de Chambord / Jean-Leman,H-C,Actif,Aucun visuel affich√©,,12-07-2025 01:34 PM,12-07-2025 01:34 PM,5067,Simon BÈgin <67952005.bxtw>,Simon BÈgin <67952005.bxtw>
75550,de Palerme / du Croissant-Perl√©,H-C,Actif,Aucun visuel affich√©,,12-07-2025 01:34 PM,12-07-2025 01:34 PM,5068,Simon BÈgin <67952005.bxtw>,Simon BÈgin <67952005.bxtw>
75551,de la Belle-Dame / de Palerme,H-C,Actif,Aucun visuel affich√©,,12-07-2025 01:34 PM,12-07-2025 01:34 PM,5069,Simon BÈgin <67952005.bxtw>,Simon BÈgin <67952005.bxtw>
75552,de la Belle-Dame / du Petit-Coliade,H-C,Actif,Aucun visuel affich√©,,12-07-2025 01:34 PM,12-07-2025 01:34 PM,5070,Simon BÈgin <67952005.bxtw>,Simon BÈgin <67952005.bxtw>
75553,de la Belle-Dame / du Vice-Roi (1),H-C,Actif,Aucun visuel affich√©,,12-07-2025 01:34 PM,12-07-2025 01:34 PM,5071,Simon BÈgin <67952005.bxtw>,Simon BÈgin <67952005.bxtw>
75560,de la Sarcelle / devant la SAQ,H-C,Actif,Aucun visuel affich√©,,12-07-2025 01:34 PM,12-07-2025 01:34 PM,5072,Simon BÈgin <67952005.bxtw>,Simon BÈgin <67952005.bxtw>
75561,de Strasbourg / face au Walmart,H-C,Actif,Aucun visuel affich√©,,12-07-2025 01:34 PM,12-07-2025 01:34 PM,5073,Simon BÈgin <67952005.bxtw>,Simon BÈgin <67952005.bxtw>
75562,de Strasbourg / devant le Costco,H-C,Actif,Aucun visuel affich√©,,12-07-2025 01:34 PM,12-07-2025 01:34 PM,5074,Simon BÈgin <67952005.bxtw>,Simon BÈgin <67952005.bxtw>
75563,de Sardaigne / de Strasbourg,H-C,Actif,Aucun visuel affich√©,,12-07-2025 01:34 PM,12-07-2025 01:34 PM,5075,Simon BÈgin <67952005.bxtw>,Simon BÈgin <67952005.bxtw>
75564,de Sardaigne / de S√©govie,H-C,Actif,Aucun visuel affich√©,,12-07-2025 01:34 PM,12-07-2025 01:34 PM,5076,Simon BÈgin <67952005.bxtw>,Simon BÈgin <67952005.bxtw>
75574,Saint-Laurent / Longtin,H-C,Actif,Aucun visuel affich√©,,12-07-2025 01:34 PM,12-07-2025 01:34 PM,5077,Simon BÈgin <67952005.bxtw>,Simon BÈgin <67952005.bxtw>
75575,Saint-Laurent / Centre Guy-Dupr√©,H-C,Actif,Aucun visuel affich√©,,12-07-2025 01:34 PM,12-07-2025 01:34 PM,5078,Simon BÈgin <67952005.bxtw>,Simon BÈgin <67952005.bxtw>
75576,Saint-Laurent / Saint-Henri,H-C,Actif,Aucun visuel affich√©,,12-07-2025 01:34 PM,12-07-2025 01:34 PM,5079,Simon BÈgin <67952005.bxtw>,Simon BÈgin <67952005.bxtw>
75577,Notre-Dame / Saint-Henri,H-C,Actif,Aucun visuel affich√©,,12-07-2025 01:34 PM,12-07-2025 01:34 PM,5080,Simon BÈgin <67952005.bxtw>,Simon BÈgin <67952005.bxtw>
75579,Saint-Laurent / des Miliciens,H-C,Actif,Aucun visuel affich√©,,12-07-2025 01:34 PM,12-07-2025 01:34 PM,5081,Simon BÈgin <67952005.bxtw>,Simon BÈgin <67952005.bxtw>
75580,Saint-Laurent / Saint-Henri,H-C,Actif,Aucun visuel affich√©,,12-07-2025 01:34 PM,12-07-2025 01:34 PM,5082,Simon BÈgin <67952005.bxtw>,Simon BÈgin <67952005.bxtw>
75600,de Palerme / du Croissant-Perl√©,H-C,Actif,Aucun visuel affich√©,,12-07-2025 01:34 PM,12-07-2025 01:34 PM,5083,Simon BÈgin <67952005.bxtw>,Simon BÈgin <67952005.bxtw>
75601,de la Belle-Dame / de Palerme,H-C,Actif,Aucun visuel affich√©,,12-07-2025 01:34 PM,12-07-2025 01:34 PM,5084,Simon BÈgin <67952005.bxtw>,Simon BÈgin <67952005.bxtw>
75602,de la Belle-Dame / du Monarque,H-C,Actif,Aucun visuel affich√©,,12-07-2025 01:34 PM,12-07-2025 01:34 PM,5085,Simon BÈgin <67952005.bxtw>,Simon BÈgin <67952005.bxtw>
75603,de la Belle-Dame / du Damier-Argent√©,H-C,Actif,Aucun visuel affich√©,,12-07-2025 01:34 PM,12-07-2025 01:34 PM,5086,Simon BÈgin <67952005.bxtw>,Simon BÈgin <67952005.bxtw>
75640,Terminus Montcalm-Candiac - Quai taxi,H-C,Actif,Aucun visuel affich√©,,12-07-2025 01:34 PM,12-07-2025 01:34 PM,5087,Simon BÈgin <67952005.bxtw>,Simon BÈgin <67952005.bxtw>
75641,Terminus Montcalm-Candiac - Quai 1,H-C,Actif,Aucun visuel affich√©,,12-07-2025 01:34 PM,12-07-2025 01:34 PM,5088,Simon BÈgin <67952005.bxtw>,Simon BÈgin <67952005.bxtw>
75642,Terminus Montcalm-Candiac - Quai 2,H-C,Actif,Aucun visuel affich√©,,12-07-2025 01:34 PM,12-07-2025 01:34 PM,5089,Simon BÈgin <67952005.bxtw>,Simon BÈgin <67952005.bxtw>
75643,Terminus Montcalm-Candiac - Quai 3,H-C,Actif,Aucun visuel affich√©,,12-07-2025 01:34 PM,12-07-2025 01:34 PM,5090,Simon BÈgin <67952005.bxtw>,Simon BÈgin <67952005.bxtw>
75644,Terminus Montcalm-Candiac - Quai 4,H-C,Actif,Aucun visuel affich√©,,12-07-2025 01:34 PM,12-07-2025 01:34 PM,5091,Simon BÈgin <67952005.bxtw>,Simon BÈgin <67952005.bxtw>
75645,Terminus Montcalm-Candiac - Quai 5,H-C,Actif,Aucun visuel affich√©,,12-07-2025 01:34 PM,12-07-2025 01:34 PM,5092,Simon BÈgin <67952005.bxtw>,Simon BÈgin <67952005.bxtw>
75646,Terminus Montcalm-Candiac - Quai 6,H-C,Actif,Aucun visuel affich√©,,12-07-2025 01:34 PM,12-07-2025 01:34 PM,5093,Simon BÈgin <67952005.bxtw>,Simon BÈgin <67952005.bxtw>
75647,Terminus La Prairie - Quai 2,H-C,Actif,Aucun visuel affich√©,,12-07-2025 01:34 PM,12-07-2025 01:34 PM,5094,Simon BÈgin <67952005.bxtw>,Simon BÈgin <67952005.bxtw>
75648,Terminus La Prairie - Quai 3,H-C,Actif,Aucun visuel affich√©,,12-07-2025 01:34 PM,12-07-2025 01:34 PM,5095,Simon BÈgin <67952005.bxtw>,Simon BÈgin <67952005.bxtw>
75649,Terminus La Prairie - Quai 4,H-C,Actif,Aucun visuel affich√©,,12-07-2025 01:34 PM,12-07-2025 01:34 PM,5096,Simon BÈgin <67952005.bxtw>,Simon BÈgin <67952005.bxtw>
75650,Terminus La Prairie - Quai 5,H-C,Actif,Aucun visuel affich√©,,12-07-2025 01:34 PM,12-07-2025 01:34 PM,5097,Simon BÈgin <67952005.bxtw>,Simon BÈgin <67952005.bxtw>
75651,Terminus La Prairie - Quai Taxi,H-C,Actif,Aucun visuel affich√©,,12-07-2025 01:34 PM,12-07-2025 01:34 PM,5098,Simon BÈgin <67952005.bxtw>,Simon BÈgin <67952005.bxtw>
75652,Jean-Baptiste-Varin / M√©dard-H√©bert,H-C,Actif,Aucun visuel affich√©,,12-07-2025 01:34 PM,12-07-2025 01:34 PM,5099,Simon BÈgin <67952005.bxtw>,Simon BÈgin <67952005.bxtw>
75653,Jean-Baptiste-Varin / M√©dard-H√©bert,H-C,Actif,Aucun visuel affich√©,,12-07-2025 01:34 PM,12-07-2025 01:34 PM,5100,Simon BÈgin <67952005.bxtw>,Simon BÈgin <67952005.bxtw>
75655,Terminus Panama - Quai 15,H-C,Actif,Aucun visuel affich√©,,12-07-2025 01:34 PM,12-07-2025 01:34 PM,5101,Simon BÈgin <67952005.bxtw>,Simon BÈgin <67952005.bxtw>
75657,Terminus Panama - Quai 13,H-C,Actif,Aucun visuel affich√©,,12-07-2025 01:34 PM,12-07-2025 01:34 PM,5102,Simon BÈgin <67952005.bxtw>,Simon BÈgin <67952005.bxtw>
75658,Terminus Panama - Quai 12,H-C,Actif,Aucun visuel affich√©,,12-07-2025 01:34 PM,12-07-2025 01:34 PM,5103,Simon BÈgin <67952005.bxtw>,Simon BÈgin <67952005.bxtw>
75659,Terminus Panama - Quai 11,H-C,Actif,Aucun visuel affich√©,,12-07-2025 01:34 PM,12-07-2025 01:34 PM,5104,Simon BÈgin <67952005.bxtw>,Simon BÈgin <67952005.bxtw>
75660,Terminus Panama - Quai 10,H-C,Actif,Aucun visuel affich√©,,12-07-2025 01:34 PM,12-07-2025 01:34 PM,5105,Simon BÈgin <67952005.bxtw>,Simon BÈgin <67952005.bxtw>
75870,Terminus Brossard - Quai 3,H-C,Actif,Aucun visuel affich√©,,12-07-2025 01:34 PM,12-07-2025 01:34 PM,5106,Simon BÈgin <67952005.bxtw>,Simon BÈgin <67952005.bxtw>
75871,Terminus Brossard - Quai 4,H-C,Actif,Aucun visuel affich√©,,12-07-2025 01:34 PM,12-07-2025 01:34 PM,5107,Simon BÈgin <67952005.bxtw>,Simon BÈgin <67952005.bxtw>
75872,Terminus Brossard - Quai 5,H-C,Actif,Aucun visuel affich√©,,12-07-2025 01:34 PM,12-07-2025 01:34 PM,5108,Simon BÈgin <67952005.bxtw>,Simon BÈgin <67952005.bxtw>
75873,Terminus Brossard - Quai 13,H-C,Actif,Aucun visuel affich√©,,12-07-2025 01:34 PM,12-07-2025 01:34 PM,5109,Simon BÈgin <67952005.bxtw>,Simon BÈgin <67952005.bxtw>
75874,Terminus Brossard - Quai 14,H-C,Actif,Aucun visuel affich√©,,12-07-2025 01:34 PM,12-07-2025 01:34 PM,5110,Simon BÈgin <67952005.bxtw>,Simon BÈgin <67952005.bxtw>
75875,Terminus Brossard - Quai 15,H-C,Actif,Aucun visuel affich√©,,12-07-2025 01:34 PM,12-07-2025 01:34 PM,5111,Simon BÈgin <67952005.bxtw>,Simon BÈgin <67952005.bxtw>
75876,Terminus Brossard - Quai 16,H-C,Actif,Aucun visuel affich√©,,12-07-2025 01:34 PM,12-07-2025 01:34 PM,5112,Simon BÈgin <67952005.bxtw>,Simon BÈgin <67952005.bxtw>
75877,Terminus Brossard - Quai 17,H-C,Actif,Aucun visuel affich√©,,12-07-2025 01:34 PM,12-07-2025 01:34 PM,5113,Simon BÈgin <67952005.bxtw>,Simon BÈgin <67952005.bxtw>
75878,Terminus Brossard - Quai 18,H-C,Actif,Aucun visuel affich√©,,12-07-2025 01:34 PM,12-07-2025 01:34 PM,5114,Simon BÈgin <67952005.bxtw>,Simon BÈgin <67952005.bxtw>
75879,Terminus Brossard - Quai 19,H-C,Actif,Aucun visuel affich√©,,12-07-2025 01:34 PM,12-07-2025 01:34 PM,5115,Simon BÈgin <67952005.bxtw>,Simon BÈgin <67952005.bxtw>
76001,Principale Sud / Monette,H-C,Actif,Aucun visuel affich√©,,12-07-2025 01:34 PM,12-07-2025 01:34 PM,5116,Simon BÈgin <67952005.bxtw>,Simon BÈgin <67952005.bxtw>
76002,Principale Sud / Delvista,H-C,Actif,Aucun visuel affich√©,,12-07-2025 01:34 PM,12-07-2025 01:34 PM,5117,Simon BÈgin <67952005.bxtw>,Simon BÈgin <67952005.bxtw>
76003,Principale Sud / Mont√©e des Bouleaux,H-C,Actif,Aucun visuel affich√©,,12-07-2025 01:34 PM,12-07-2025 01:34 PM,5118,Simon BÈgin <67952005.bxtw>,Simon BÈgin <67952005.bxtw>
76004,Mont√©e des Bouleaux / du Coll√®ge,H-C,Actif,Aucun visuel affich√©,,12-07-2025 01:34 PM,12-07-2025 01:34 PM,5119,Simon BÈgin <67952005.bxtw>,Simon BÈgin <67952005.bxtw>
76005,Mont√©e des Bouleaux / Georges-Gagn√© Sud,H-C,Actif,Aucun visuel affich√©,,12-07-2025 01:34 PM,12-07-2025 01:34 PM,5120,Simon BÈgin <67952005.bxtw>,Simon BÈgin <67952005.bxtw>
76006,Mont√©e des Bouleaux / Richer,H-C,Actif,Aucun visuel affich√©,,12-07-2025 01:34 PM,12-07-2025 01:34 PM,5121,Simon BÈgin <67952005.bxtw>,Simon BÈgin <67952005.bxtw>
76008,Mont√©e des Bouleaux / Circ√©,H-C,Actif,Aucun visuel affich√©,,12-07-2025 01:34 PM,12-07-2025 01:34 PM,5122,Simon BÈgin <67952005.bxtw>,Simon BÈgin <67952005.bxtw>
76009,Saint-Pierre / Saint-Jacques,H-C,Actif,Aucun visuel affich√©,,12-07-2025 01:34 PM,12-07-2025 01:34 PM,5123,Simon BÈgin <67952005.bxtw>,Simon BÈgin <67952005.bxtw>
76010,Saint-Pierre / Perras,H-C,Actif,Aucun visuel affich√©,,12-07-2025 01:34 PM,12-07-2025 01:34 PM,5124,Simon BÈgin <67952005.bxtw>,Simon BÈgin <67952005.bxtw>
76011,Saint-Pierre / de la Mairie,H-C,Actif,Aucun visuel affich√©,,12-07-2025 01:34 PM,12-07-2025 01:34 PM,5125,Simon BÈgin <67952005.bxtw>,Simon BÈgin <67952005.bxtw>
76013,Saint-Laurent / Promenade du Coll√®ge,H-C,Actif,Aucun visuel affich√©,,12-07-2025 01:34 PM,12-07-2025 01:34 PM,5126,Simon BÈgin <67952005.bxtw>,Simon BÈgin <67952005.bxtw>
76014,Jogues / Talon,H-C,Actif,Aucun visuel affich√©,,12-07-2025 01:34 PM,12-07-2025 01:34 PM,5127,Simon BÈgin <67952005.bxtw>,Simon BÈgin <67952005.bxtw>
76015,Jogues / de l'Acadia,H-C,Actif,Aucun visuel affich√©,,12-07-2025 01:34 PM,12-07-2025 01:34 PM,5128,Simon BÈgin <67952005.bxtw>,Simon BÈgin <67952005.bxtw>
76016,Jogues / Saint-Laurent,H-C,Actif,Aucun visuel affich√©,,12-07-2025 01:34 PM,12-07-2025 01:34 PM,5129,Simon BÈgin <67952005.bxtw>,Simon BÈgin <67952005.bxtw>
76019,Sainte-Catherine / Ronsard,H-C,Actif,Aucun visuel affich√©,,12-07-2025 01:34 PM,12-07-2025 01:34 PM,5130,Simon BÈgin <67952005.bxtw>,Simon BÈgin <67952005.bxtw>
76023,Monchamp / devant le Centre Municipal,H-C,Actif,Aucun visuel affich√©,,12-07-2025 01:34 PM,12-07-2025 01:34 PM,5131,Simon BÈgin <67952005.bxtw>,Simon BÈgin <67952005.bxtw>
76024,Monchamp / de l'Olivier,H-C,Actif,Aucun visuel affich√©,,12-07-2025 01:34 PM,12-07-2025 01:34 PM,5132,Simon BÈgin <67952005.bxtw>,Simon BÈgin <67952005.bxtw>
76025,Monchamp / Vincent,H-C,Actif,Aucun visuel affich√©,,12-07-2025 01:34 PM,12-07-2025 01:34 PM,5133,Simon BÈgin <67952005.bxtw>,Simon BÈgin <67952005.bxtw>
76026,Monchamp / Sainte-Catherine,H-C,Actif,Aucun visuel affich√©,,12-07-2025 01:34 PM,12-07-2025 01:34 PM,5134,Simon BÈgin <67952005.bxtw>,Simon BÈgin <67952005.bxtw>
76027,Sainte-Catherine / Meunier,H-C,Actif,Aucun visuel affich√©,,12-07-2025 01:34 PM,12-07-2025 01:34 PM,5135,Simon BÈgin <67952005.bxtw>,Simon BÈgin <67952005.bxtw>
76028,Sainte-Catherine / Croissant Sainte-Catherine,H-C,Actif,Aucun visuel affich√©,,12-07-2025 01:34 PM,12-07-2025 01:34 PM,5136,Simon BÈgin <67952005.bxtw>,Simon BÈgin <67952005.bxtw>
76029,Sainte-Catherine / Ronsard,H-C,Actif,Aucun visuel affich√©,,12-07-2025 01:34 PM,12-07-2025 01:34 PM,5137,Simon BÈgin <67952005.bxtw>,Simon BÈgin <67952005.bxtw>
76030,Mont√©e des Bouleaux / du Parc-des-Maisons-Mobiles,H-C,Actif,Aucun visuel affich√©,,12-07-2025 01:34 PM,12-07-2025 01:34 PM,5138,Simon BÈgin <67952005.bxtw>,Simon BÈgin <67952005.bxtw>
76031,du Ma√ßon / Marcotte,H-C,Actif,Aucun visuel affich√©,,12-07-2025 01:34 PM,12-07-2025 01:34 PM,5139,Simon BÈgin <67952005.bxtw>,Simon BÈgin <67952005.bxtw>
76034,Centrale / Saint-Jean,H-C,Actif,Aucun visuel affich√©,,12-07-2025 01:34 PM,12-07-2025 01:34 PM,5140,Simon BÈgin <67952005.bxtw>,Simon BÈgin <67952005.bxtw>
76037,Saint-Laurent / Br√©beuf,H-C,Actif,Aucun visuel affich√©,,12-07-2025 01:34 PM,12-07-2025 01:34 PM,5141,Simon BÈgin <67952005.bxtw>,Simon BÈgin <67952005.bxtw>
76038,Saint-Laurent / des √âperviers,H-C,Actif,Aucun visuel affich√©,,12-07-2025 01:34 PM,12-07-2025 01:34 PM,5142,Simon BÈgin <67952005.bxtw>,Simon BÈgin <67952005.bxtw>
76039,Saint-Laurent / des Faucons,H-C,Actif,Aucun visuel affich√©,,12-07-2025 01:34 PM,12-07-2025 01:34 PM,5143,Simon BÈgin <67952005.bxtw>,Simon BÈgin <67952005.bxtw>
76040,Saint-Laurent / des √âcluses,H-C,Actif,Aucun visuel affich√©,,12-07-2025 01:34 PM,12-07-2025 01:34 PM,5144,Simon BÈgin <67952005.bxtw>,Simon BÈgin <67952005.bxtw>
76041,Saint-Laurent / du Chalutier,H-C,Actif,Aucun visuel affich√©,,12-07-2025 01:34 PM,12-07-2025 01:34 PM,5145,Simon BÈgin <67952005.bxtw>,Simon BÈgin <67952005.bxtw>
76042,Saint-Laurent / Jogues,H-C,Actif,Aucun visuel affich√©,,12-07-2025 01:34 PM,12-07-2025 01:34 PM,5146,Simon BÈgin <67952005.bxtw>,Simon BÈgin <67952005.bxtw>
76043,Jogues / de l'Acadia,H-C,Actif,Aucun visuel affich√©,,12-07-2025 01:34 PM,12-07-2025 01:34 PM,5147,Simon BÈgin <67952005.bxtw>,Simon BÈgin <67952005.bxtw>
76044,Jogues / Talon,H-C,Actif,Aucun visuel affich√©,,12-07-2025 01:34 PM,12-07-2025 01:34 PM,5148,Simon BÈgin <67952005.bxtw>,Simon BÈgin <67952005.bxtw>
76046,Saint-Laurent / de l'Union,H-C,Actif,Aucun visuel affich√©,,12-07-2025 01:34 PM,12-07-2025 01:34 PM,5149,Simon BÈgin <67952005.bxtw>,Simon BÈgin <67952005.bxtw>
76047,Terminus Georges-Gagn√© - Quai 5,H-C,Actif,Aucun visuel affich√©,,12-07-2025 01:34 PM,12-07-2025 01:34 PM,5150,Simon BÈgin <67952005.bxtw>,Simon BÈgin <67952005.bxtw>
76048,Terminus Georges-Gagn√© - Quai 6,H-C,Actif,Aucun visuel affich√©,,12-07-2025 01:34 PM,12-07-2025 01:34 PM,5151,Simon BÈgin <67952005.bxtw>,Simon BÈgin <67952005.bxtw>
76050,Br√©beuf / Marie-Victorin,H-C,Actif,Aucun visuel affich√©,,12-07-2025 01:34 PM,12-07-2025 01:34 PM,5152,Simon BÈgin <67952005.bxtw>,Simon BÈgin <67952005.bxtw>
76051,Br√©beuf / du Portage,H-C,Actif,Aucun visuel affich√©,,12-07-2025 01:34 PM,12-07-2025 01:34 PM,5153,Simon BÈgin <67952005.bxtw>,Simon BÈgin <67952005.bxtw>
76054,Saint-Laurent / des √âcluses,H-C,Actif,Aucun visuel affich√©,,12-07-2025 01:34 PM,12-07-2025 01:34 PM,5154,Simon BÈgin <67952005.bxtw>,Simon BÈgin <67952005.bxtw>
76055,des √âcluses / des Marguerites,H-C,Actif,Aucun visuel affich√©,,12-07-2025 01:34 PM,12-07-2025 01:34 PM,5155,Simon BÈgin <67952005.bxtw>,Simon BÈgin <67952005.bxtw>
76056,des √âcluses / des Marins,H-C,Actif,Aucun visuel affich√©,,12-07-2025 01:34 PM,12-07-2025 01:34 PM,5156,Simon BÈgin <67952005.bxtw>,Simon BÈgin <67952005.bxtw>
76057,Marie-Victorin / des √âcluses,H-C,Actif,Aucun visuel affich√©,,12-07-2025 01:34 PM,12-07-2025 01:34 PM,5157,Simon BÈgin <67952005.bxtw>,Simon BÈgin <67952005.bxtw>
76063,Saint-Laurent / des Faucons,H-C,Actif,Aucun visuel affich√©,,12-07-2025 01:34 PM,12-07-2025 01:34 PM,5158,Simon BÈgin <67952005.bxtw>,Simon BÈgin <67952005.bxtw>
76064,Saint-Laurent / des √âperviers,H-C,Actif,Aucun visuel affich√©,,12-07-2025 01:34 PM,12-07-2025 01:34 PM,5159,Simon BÈgin <67952005.bxtw>,Simon BÈgin <67952005.bxtw>
76065,Saint-Laurent / Br√©beuf,H-C,Actif,Aucun visuel affich√©,,12-07-2025 01:34 PM,12-07-2025 01:34 PM,5160,Simon BÈgin <67952005.bxtw>,Simon BÈgin <67952005.bxtw>
76066,Terminus Longueuil Porte C20,H-C,Actif,Aucun visuel affich√©,,12-07-2025 01:34 PM,12-07-2025 01:34 PM,5161,Simon BÈgin <67952005.bxtw>,Simon BÈgin <67952005.bxtw>
76067,Br√©beuf / des Ormes,H-C,Actif,Aucun visuel affich√©,,12-07-2025 01:34 PM,12-07-2025 01:34 PM,5162,Simon BÈgin <67952005.bxtw>,Simon BÈgin <67952005.bxtw>
76068,des Ormes / des Saules,H-C,Actif,Aucun visuel affich√©,,12-07-2025 01:34 PM,12-07-2025 01:34 PM,5163,Simon BÈgin <67952005.bxtw>,Simon BÈgin <67952005.bxtw>
76069,des Ormes / des Marronniers,H-C,Actif,Aucun visuel affich√©,,12-07-2025 01:34 PM,12-07-2025 01:34 PM,5164,Simon BÈgin <67952005.bxtw>,Simon BÈgin <67952005.bxtw>
76070,des Ormes / des Merisiers,H-C,Actif,Aucun visuel affich√©,,12-07-2025 01:34 PM,12-07-2025 01:34 PM,5165,Simon BÈgin <67952005.bxtw>,Simon BÈgin <67952005.bxtw>
76071,des Merisiers / Croissant des C√®dres,H-C,Actif,Aucun visuel affich√©,,12-07-2025 01:34 PM,12-07-2025 01:34 PM,5166,Simon BÈgin <67952005.bxtw>,Simon BÈgin <67952005.bxtw>
76074,Centrale / devant le CPE Soleil Souriant,H-C,Actif,Aucun visuel affich√©,,12-07-2025 01:34 PM,12-07-2025 01:34 PM,5167,Simon BÈgin <67952005.bxtw>,Simon BÈgin <67952005.bxtw>
76076,des √âcluses / Place des √âcluses,H-C,Actif,Aucun visuel affich√©,,12-07-2025 01:34 PM,12-07-2025 01:34 PM,5168,Simon BÈgin <67952005.bxtw>,Simon BÈgin <67952005.bxtw>
76078,Saint-Jean / B√©dard,H-C,Actif,Aucun visuel affich√©,,12-07-2025 01:34 PM,12-07-2025 01:34 PM,5169,Simon BÈgin <67952005.bxtw>,Simon BÈgin <67952005.bxtw>
76079,Br√©beuf / des Colibris,H-C,Actif,Aucun visuel affich√©,,12-07-2025 01:34 PM,12-07-2025 01:34 PM,5170,Simon BÈgin <67952005.bxtw>,Simon BÈgin <67952005.bxtw>
76080,Terminus Georges-Gagn√© - Quai 1,H-C,Actif,Aucun visuel affich√©,,12-07-2025 01:34 PM,12-07-2025 01:34 PM,5171,Simon BÈgin <67952005.bxtw>,Simon BÈgin <67952005.bxtw>
76084,Sainte-Catherine / Marotte,H-C,Actif,Aucun visuel affich√©,,12-07-2025 01:34 PM,12-07-2025 01:34 PM,5172,Simon BÈgin <67952005.bxtw>,Simon BÈgin <67952005.bxtw>
76085,Gare Sainte-Catherine,H-C,Actif,Aucun visuel affich√©,,12-07-2025 01:34 PM,12-07-2025 01:34 PM,5173,Simon BÈgin <67952005.bxtw>,Simon BÈgin <67952005.bxtw>
76087,du Ma√ßon / Marcotte,H-C,Actif,Aucun visuel affich√©,,12-07-2025 01:34 PM,12-07-2025 01:34 PM,5174,Simon BÈgin <67952005.bxtw>,Simon BÈgin <67952005.bxtw>
76088,B√©dard / Saint-Laurent,H-C,Actif,Aucun visuel affich√©,,12-07-2025 01:34 PM,12-07-2025 01:34 PM,5175,Simon BÈgin <67952005.bxtw>,Simon BÈgin <67952005.bxtw>
76089,du Ma√ßon / Monette,H-C,Actif,Aucun visuel affich√©,,12-07-2025 01:34 PM,12-07-2025 01:34 PM,5176,Simon BÈgin <67952005.bxtw>,Simon BÈgin <67952005.bxtw>
76098,Sainte-Catherine / Monchamp,H-C,Actif,Aucun visuel affich√©,,12-07-2025 01:34 PM,12-07-2025 01:34 PM,5177,Simon BÈgin <67952005.bxtw>,Simon BÈgin <67952005.bxtw>
76109,Sainte-Catherine / Saint-Charles,H-C,Actif,Aucun visuel affich√©,,12-07-2025 01:34 PM,12-07-2025 01:34 PM,5178,Simon BÈgin <67952005.bxtw>,Simon BÈgin <67952005.bxtw>
76110,Sainte-Catherine / Cartier,H-C,Actif,Aucun visuel affich√©,,12-07-2025 01:34 PM,12-07-2025 01:34 PM,5179,Simon BÈgin <67952005.bxtw>,Simon BÈgin <67952005.bxtw>
76111,Sainte-Catherine / Berri,H-C,Actif,Aucun visuel affich√©,,12-07-2025 01:34 PM,12-07-2025 01:34 PM,5180,Simon BÈgin <67952005.bxtw>,Simon BÈgin <67952005.bxtw>
76113,Sainte-Catherine / Longtin,H-C,Actif,Aucun visuel affich√©,,12-07-2025 01:34 PM,12-07-2025 01:34 PM,5181,Simon BÈgin <67952005.bxtw>,Simon BÈgin <67952005.bxtw>
76114,Saint-Pierre / Guy,H-C,Actif,Aucun visuel affich√©,,12-07-2025 01:34 PM,12-07-2025 01:34 PM,5182,Simon BÈgin <67952005.bxtw>,Simon BÈgin <67952005.bxtw>
76115,Saint-Pierre / Beaudry,H-C,Actif,Aucun visuel affich√©,,12-07-2025 01:34 PM,12-07-2025 01:34 PM,5183,Simon BÈgin <67952005.bxtw>,Simon BÈgin <67952005.bxtw>
76116,Saint-Pierre / Lachapelle,H-C,Actif,Aucun visuel affich√©,,12-07-2025 01:34 PM,12-07-2025 01:34 PM,5184,Simon BÈgin <67952005.bxtw>,Simon BÈgin <67952005.bxtw>
76118,Marie-Victorin / face au CLSC Candiac,H-C,Actif,Aucun visuel affich√©,,12-07-2025 01:34 PM,12-07-2025 01:34 PM,5185,Simon BÈgin <67952005.bxtw>,Simon BÈgin <67952005.bxtw>
76119,Marie-Victorin / devant le CLSC Candiac,H-C,Actif,Aucun visuel affich√©,,12-07-2025 01:34 PM,12-07-2025 01:34 PM,5186,Simon BÈgin <67952005.bxtw>,Simon BÈgin <67952005.bxtw>
76120,Sainte-Catherine / Valois,H-C,Actif,Aucun visuel affich√©,,12-07-2025 01:34 PM,12-07-2025 01:34 PM,5187,Simon BÈgin <67952005.bxtw>,Simon BÈgin <67952005.bxtw>
76121,Sainte-Catherine / Monchamp,H-C,Actif,Aucun visuel affich√©,,12-07-2025 01:34 PM,12-07-2025 01:34 PM,5188,Simon BÈgin <67952005.bxtw>,Simon BÈgin <67952005.bxtw>
76124,Monchamp / de l'Olivier,H-C,Actif,Aucun visuel affich√©,,12-07-2025 01:34 PM,12-07-2025 01:34 PM,5189,Simon BÈgin <67952005.bxtw>,Simon BÈgin <67952005.bxtw>
76125,Monchamp / devant l'√âcole F√©lix-Leclerc,H-C,Actif,Aucun visuel affich√©,,12-07-2025 01:34 PM,12-07-2025 01:34 PM,5190,Simon BÈgin <67952005.bxtw>,Simon BÈgin <67952005.bxtw>
76131,Monchamp / Tougas,H-C,Actif,Aucun visuel affich√©,,12-07-2025 01:34 PM,12-07-2025 01:34 PM,5191,Simon BÈgin <67952005.bxtw>,Simon BÈgin <67952005.bxtw>
76132,Monchamp / d'Avignon,H-C,Actif,Aucun visuel affich√©,,12-07-2025 01:34 PM,12-07-2025 01:34 PM,5192,Simon BÈgin <67952005.bxtw>,Simon BÈgin <67952005.bxtw>
76136,Saint-Pierre / Perras,H-C,Actif,Aucun visuel affich√©,,12-07-2025 01:34 PM,12-07-2025 01:34 PM,5193,Simon BÈgin <67952005.bxtw>,Simon BÈgin <67952005.bxtw>
76141,Mont√©e des Bouleaux / du Coll√®ge,H-C,Actif,Aucun visuel affich√©,,12-07-2025 01:34 PM,12-07-2025 01:34 PM,5194,Simon BÈgin <67952005.bxtw>,Simon BÈgin <67952005.bxtw>
76143,du Ma√ßon / Magdeleine,H-C,Actif,Aucun visuel affich√©,,12-07-2025 01:34 PM,12-07-2025 01:34 PM,5195,Simon BÈgin <67952005.bxtw>,Simon BÈgin <67952005.bxtw>
76145,Saint-Pierre / Saint-Jacques,H-C,Actif,Aucun visuel affich√©,,12-07-2025 01:34 PM,12-07-2025 01:34 PM,5196,Simon BÈgin <67952005.bxtw>,Simon BÈgin <67952005.bxtw>
76146,Mont√©e des Bouleaux / Circ√©,H-C,Actif,Aucun visuel affich√©,,12-07-2025 01:34 PM,12-07-2025 01:34 PM,5197,Simon BÈgin <67952005.bxtw>,Simon BÈgin <67952005.bxtw>
76147,Mont√©e des Bouleaux / des Cheminots,H-C,Actif,Aucun visuel affich√©,,12-07-2025 01:34 PM,12-07-2025 01:34 PM,5198,Simon BÈgin <67952005.bxtw>,Simon BÈgin <67952005.bxtw>
76148,Mont√©e des Bouleaux / Georges-Gagn√© Sud,H-C,Actif,Aucun visuel affich√©,,12-07-2025 01:34 PM,12-07-2025 01:34 PM,5199,Simon BÈgin <67952005.bxtw>,Simon BÈgin <67952005.bxtw>
76149,Terminus Angrignon - Quai 19,H-C,Actif,Aucun visuel affich√©,,12-07-2025 01:34 PM,12-07-2025 01:34 PM,5200,Simon BÈgin <67952005.bxtw>,Simon BÈgin <67952005.bxtw>
76150,Georges-Gagn√© Sud / Viau,H-C,Actif,Aucun visuel affich√©,,12-07-2025 01:34 PM,12-07-2025 01:34 PM,5201,Simon BÈgin <67952005.bxtw>,Simon BÈgin <67952005.bxtw>
76155,Mont√©e des Bouleaux / Principale,H-C,Actif,Aucun visuel affich√©,,12-07-2025 01:34 PM,12-07-2025 01:34 PM,5202,Simon BÈgin <67952005.bxtw>,Simon BÈgin <67952005.bxtw>
76156,Principale Sud / 1√®re Avenue,H-C,Actif,Aucun visuel affich√©,,12-07-2025 01:34 PM,12-07-2025 01:34 PM,5203,Simon BÈgin <67952005.bxtw>,Simon BÈgin <67952005.bxtw>
76157,Principale Sud / 4e Avenue,H-C,Actif,Aucun visuel affich√©,,12-07-2025 01:34 PM,12-07-2025 01:34 PM,5204,Simon BÈgin <67952005.bxtw>,Simon BÈgin <67952005.bxtw>
76158,Principale Sud / face √† la gare Delson,H-C,Actif,Aucun visuel affich√©,,12-07-2025 01:34 PM,12-07-2025 01:34 PM,5205,Simon BÈgin <67952005.bxtw>,Simon BÈgin <67952005.bxtw>
76159,des Roitelets / des Pommetiers,H-C,Actif,Aucun visuel affich√©,,12-07-2025 01:34 PM,12-07-2025 01:34 PM,5206,Simon BÈgin <67952005.bxtw>,Simon BÈgin <67952005.bxtw>
76160,des Roitelets / des √ârables,H-C,Actif,Aucun visuel affich√©,,12-07-2025 01:34 PM,12-07-2025 01:34 PM,5207,Simon BÈgin <67952005.bxtw>,Simon BÈgin <67952005.bxtw>
76163,des Roitelets / Principale Sud,H-C,Actif,Aucun visuel affich√©,,12-07-2025 01:34 PM,12-07-2025 01:34 PM,5208,Simon BÈgin <67952005.bxtw>,Simon BÈgin <67952005.bxtw>
76165,Principale Sud / 4e Avenue,H-C,Actif,Aucun visuel affich√©,,12-07-2025 01:34 PM,12-07-2025 01:34 PM,5209,Simon BÈgin <67952005.bxtw>,Simon BÈgin <67952005.bxtw>
76167,des Roitelets / des Sorbiers,H-C,Actif,Aucun visuel affich√©,,12-07-2025 01:34 PM,12-07-2025 01:34 PM,5210,Simon BÈgin <67952005.bxtw>,Simon BÈgin <67952005.bxtw>
76172,du Ma√ßon / Meunier,H-C,Actif,Aucun visuel affich√©,,12-07-2025 01:34 PM,12-07-2025 01:34 PM,5211,Simon BÈgin <67952005.bxtw>,Simon BÈgin <67952005.bxtw>
76175,Monchamp / Sainte-Catherine,H-C,Actif,Aucun visuel affich√©,,12-07-2025 01:34 PM,12-07-2025 01:34 PM,5212,Simon BÈgin <67952005.bxtw>,Simon BÈgin <67952005.bxtw>
76179,des Sorbiers / des Pommetiers,H-C,Actif,Aucun visuel affich√©,,12-07-2025 01:34 PM,12-07-2025 01:34 PM,5213,Simon BÈgin <67952005.bxtw>,Simon BÈgin <67952005.bxtw>
76180,des Cascades / Marie-Victorin,H-C,Actif,Aucun visuel affich√©,,12-07-2025 01:34 PM,12-07-2025 01:34 PM,5214,Simon BÈgin <67952005.bxtw>,Simon BÈgin <67952005.bxtw>
76181,des Cascades / des Marins,H-C,Actif,Aucun visuel affich√©,,12-07-2025 01:34 PM,12-07-2025 01:34 PM,5215,Simon BÈgin <67952005.bxtw>,Simon BÈgin <67952005.bxtw>
76183,du Chalutier / Saint-Laurent,H-C,Actif,Aucun visuel affich√©,,12-07-2025 01:34 PM,12-07-2025 01:34 PM,5216,Simon BÈgin <67952005.bxtw>,Simon BÈgin <67952005.bxtw>
76184,des Cascades / du Chalutier,H-C,Actif,Aucun visuel affich√©,,12-07-2025 01:34 PM,12-07-2025 01:34 PM,5217,Simon BÈgin <67952005.bxtw>,Simon BÈgin <67952005.bxtw>
76185,des √âcluses / Colomb,H-C,Actif,Aucun visuel affich√©,,12-07-2025 01:34 PM,12-07-2025 01:34 PM,5218,Simon BÈgin <67952005.bxtw>,Simon BÈgin <67952005.bxtw>
76186,des √âcluses / devant le Domaine Le Roussillon,H-C,Actif,Aucun visuel affich√©,,12-07-2025 01:34 PM,12-07-2025 01:34 PM,5219,Simon BÈgin <67952005.bxtw>,Simon BÈgin <67952005.bxtw>
76189,Saint-Pierre / Lachapelle,H-C,Actif,Aucun visuel affich√©,,12-07-2025 01:34 PM,12-07-2025 01:34 PM,5220,Simon BÈgin <67952005.bxtw>,Simon BÈgin <67952005.bxtw>
76190,Saint-Pierre / Beaudry,H-C,Actif,Aucun visuel affich√©,,12-07-2025 01:34 PM,12-07-2025 01:34 PM,5221,Simon BÈgin <67952005.bxtw>,Simon BÈgin <67952005.bxtw>
76191,Sainte-Catherine / Croissant Sainte-Catherine,H-C,Actif,Aucun visuel affich√©,,12-07-2025 01:34 PM,12-07-2025 01:34 PM,5222,Simon BÈgin <67952005.bxtw>,Simon BÈgin <67952005.bxtw>
76193,Saint-Pierre / Sainte-Marie,H-C,Actif,Aucun visuel affich√©,,12-07-2025 01:34 PM,12-07-2025 01:34 PM,5223,Simon BÈgin <67952005.bxtw>,Simon BÈgin <67952005.bxtw>
76194,Georges-Gagn√© Sud / de l'Harmonie,H-C,Actif,Aucun visuel affich√©,,12-07-2025 01:34 PM,12-07-2025 01:34 PM,5224,Simon BÈgin <67952005.bxtw>,Simon BÈgin <67952005.bxtw>
76195,Georges-Gagn√© Sud / Mont√©e des Bouleaux,H-C,Actif,Aucun visuel affich√©,,12-07-2025 01:34 PM,12-07-2025 01:34 PM,5225,Simon BÈgin <67952005.bxtw>,Simon BÈgin <67952005.bxtw>
76196,Saint-Laurent / devant le civique 5900,H-C,Actif,Aucun visuel affich√©,,12-07-2025 01:34 PM,12-07-2025 01:34 PM,5226,Simon BÈgin <67952005.bxtw>,Simon BÈgin <67952005.bxtw>
76197,Sainte-Catherine / Proulx,H-C,Actif,Aucun visuel affich√©,,12-07-2025 01:34 PM,12-07-2025 01:34 PM,5227,Simon BÈgin <67952005.bxtw>,Simon BÈgin <67952005.bxtw>
76198,Sainte-Catherine / Laplante,H-C,Actif,Aucun visuel affich√©,,12-07-2025 01:34 PM,12-07-2025 01:34 PM,5228,Simon BÈgin <67952005.bxtw>,Simon BÈgin <67952005.bxtw>
76199,Sainte-Catherine / du Petit-Saint-R√©gis Nord,H-C,Actif,Aucun visuel affich√©,,12-07-2025 01:34 PM,12-07-2025 01:34 PM,5229,Simon BÈgin <67952005.bxtw>,Simon BÈgin <67952005.bxtw>
76201,Monchamp / de l'Alisier,H-C,Actif,Aucun visuel affich√©,,12-07-2025 01:34 PM,12-07-2025 01:34 PM,5230,Simon BÈgin <67952005.bxtw>,Simon BÈgin <67952005.bxtw>
76207,1√®re Avenue / H√©bert,H-C,Actif,Aucun visuel affich√©,,12-07-2025 01:34 PM,12-07-2025 01:34 PM,5231,Simon BÈgin <67952005.bxtw>,Simon BÈgin <67952005.bxtw>
76211,Garnier / H√©bert,H-C,Actif,Aucun visuel affich√©,,12-07-2025 01:34 PM,12-07-2025 01:34 PM,5232,Simon BÈgin <67952005.bxtw>,Simon BÈgin <67952005.bxtw>
76212,Garnier / H√©bert,H-C,Actif,Aucun visuel affich√©,,12-07-2025 01:34 PM,12-07-2025 01:34 PM,5233,Simon BÈgin <67952005.bxtw>,Simon BÈgin <67952005.bxtw>
76213,de la Mairie / 2e Avenue,H-C,Actif,Aucun visuel affich√©,,12-07-2025 01:34 PM,12-07-2025 01:34 PM,5234,Simon BÈgin <67952005.bxtw>,Simon BÈgin <67952005.bxtw>
76214,de la Mairie / 4e Avenue,H-C,Actif,Aucun visuel affich√©,,12-07-2025 01:34 PM,12-07-2025 01:34 PM,5235,Simon BÈgin <67952005.bxtw>,Simon BÈgin <67952005.bxtw>
76223,Mont√©e Saint-R√©gis / Victoria,H-C,Actif,Aucun visuel affich√©,,12-07-2025 01:34 PM,12-07-2025 01:34 PM,5236,Simon BÈgin <67952005.bxtw>,Simon BÈgin <67952005.bxtw>
76224,Victoria / de l'√âglise,H-C,Actif,Aucun visuel affich√©,,12-07-2025 01:34 PM,12-07-2025 01:34 PM,5237,Simon BÈgin <67952005.bxtw>,Simon BÈgin <67952005.bxtw>
76225,de l'√âglise / des Pins,H-C,Actif,Aucun visuel affich√©,,12-07-2025 01:34 PM,12-07-2025 01:34 PM,5238,Simon BÈgin <67952005.bxtw>,Simon BÈgin <67952005.bxtw>
76226,des Pins / du Parc,H-C,Actif,Aucun visuel affich√©,,12-07-2025 01:34 PM,12-07-2025 01:34 PM,5239,Simon BÈgin <67952005.bxtw>,Simon BÈgin <67952005.bxtw>
76228,du Parc / Leber,H-C,Actif,Aucun visuel affich√©,,12-07-2025 01:34 PM,12-07-2025 01:34 PM,5240,Simon BÈgin <67952005.bxtw>,Simon BÈgin <67952005.bxtw>
76229,Leber / de l'√âglise,H-C,Actif,Aucun visuel affich√©,,12-07-2025 01:34 PM,12-07-2025 01:34 PM,5241,Simon BÈgin <67952005.bxtw>,Simon BÈgin <67952005.bxtw>
76232,Mont√©e Lasaline / du Centre,H-C,Actif,Aucun visuel affich√©,,12-07-2025 01:34 PM,12-07-2025 01:34 PM,5242,Simon BÈgin <67952005.bxtw>,Simon BÈgin <67952005.bxtw>
76233,Berger / Beauvais,H-C,Actif,Aucun visuel affich√©,,12-07-2025 01:34 PM,12-07-2025 01:34 PM,5243,Simon BÈgin <67952005.bxtw>,Simon BÈgin <67952005.bxtw>
76234,Beauvais / Boisjoli,H-C,Actif,Aucun visuel affich√©,,12-07-2025 01:34 PM,12-07-2025 01:34 PM,5244,Simon BÈgin <67952005.bxtw>,Simon BÈgin <67952005.bxtw>
76235,Beauvais / Boisbriand,H-C,Actif,Aucun visuel affich√©,,12-07-2025 01:34 PM,12-07-2025 01:34 PM,5245,Simon BÈgin <67952005.bxtw>,Simon BÈgin <67952005.bxtw>
76238,Berger / Bellerive,H-C,Actif,Aucun visuel affich√©,,12-07-2025 01:34 PM,12-07-2025 01:34 PM,5246,Simon BÈgin <67952005.bxtw>,Simon BÈgin <67952005.bxtw>
76239,Bellerive / Saint-Pierre,H-C,Actif,Aucun visuel affich√©,,12-07-2025 01:34 PM,12-07-2025 01:34 PM,5247,Simon BÈgin <67952005.bxtw>,Simon BÈgin <67952005.bxtw>
76241,Beauvais / Baron,H-C,Actif,Aucun visuel affich√©,,12-07-2025 01:34 PM,12-07-2025 01:34 PM,5248,Simon BÈgin <67952005.bxtw>,Simon BÈgin <67952005.bxtw>
76242,Beauvais / Bisson,H-C,Actif,Aucun visuel affich√©,,12-07-2025 01:34 PM,12-07-2025 01:34 PM,5249,Simon BÈgin <67952005.bxtw>,Simon BÈgin <67952005.bxtw>
76243,Breton / B√©lair,H-C,Actif,Aucun visuel affich√©,,12-07-2025 01:34 PM,12-07-2025 01:34 PM,5250,Simon BÈgin <67952005.bxtw>,Simon BÈgin <67952005.bxtw>
76245,du Ma√ßon / M√©tras,H-C,Actif,Aucun visuel affich√©,,12-07-2025 01:34 PM,12-07-2025 01:34 PM,5251,Simon BÈgin <67952005.bxtw>,Simon BÈgin <67952005.bxtw>
76246,Principale Sud / 1√®re Avenue,H-C,Actif,Aucun visuel affich√©,,12-07-2025 01:34 PM,12-07-2025 01:34 PM,5252,Simon BÈgin <67952005.bxtw>,Simon BÈgin <67952005.bxtw>
76247,Principale Sud / Mont√©e des Bouleaux,H-C,Actif,Aucun visuel affich√©,,12-07-2025 01:34 PM,12-07-2025 01:34 PM,5253,Simon BÈgin <67952005.bxtw>,Simon BÈgin <67952005.bxtw>
76248,du Ma√ßon / Meunier,H-C,Actif,Aucun visuel affich√©,,12-07-2025 01:34 PM,12-07-2025 01:34 PM,5254,Simon BÈgin <67952005.bxtw>,Simon BÈgin <67952005.bxtw>
76249,du Ma√ßon / Monette,H-C,Actif,Aucun visuel affich√©,,12-07-2025 01:34 PM,12-07-2025 01:34 PM,5255,Simon BÈgin <67952005.bxtw>,Simon BÈgin <67952005.bxtw>
76250,H√©bert / 1√®re Avenue,H-C,Actif,Aucun visuel affich√©,,12-07-2025 01:34 PM,12-07-2025 01:34 PM,5256,Simon BÈgin <67952005.bxtw>,Simon BÈgin <67952005.bxtw>
76251,du Ma√ßon / Magdeleine,H-C,Actif,Aucun visuel affich√©,,12-07-2025 01:34 PM,12-07-2025 01:34 PM,5257,Simon BÈgin <67952005.bxtw>,Simon BÈgin <67952005.bxtw>
76252,Saint-Laurent / face au civique 5900,H-C,Actif,Aucun visuel affich√©,,12-07-2025 01:34 PM,12-07-2025 01:34 PM,5258,Simon BÈgin <67952005.bxtw>,Simon BÈgin <67952005.bxtw>
76253,Principale Nord / Saint-Laurent,H-C,Actif,Aucun visuel affich√©,,12-07-2025 01:34 PM,12-07-2025 01:34 PM,5259,Simon BÈgin <67952005.bxtw>,Simon BÈgin <67952005.bxtw>
76257,Principale Nord / Marie-Victorin,H-C,Actif,Aucun visuel affich√©,,12-07-2025 01:34 PM,12-07-2025 01:34 PM,5260,Simon BÈgin <67952005.bxtw>,Simon BÈgin <67952005.bxtw>
76261,Principale Nord / Marie-Victorin,H-C,Actif,Aucun visuel affich√©,,12-07-2025 01:34 PM,12-07-2025 01:34 PM,5261,Simon BÈgin <67952005.bxtw>,Simon BÈgin <67952005.bxtw>
76262,Principale Nord / Saint-Laurent,H-C,Actif,Aucun visuel affich√©,,12-07-2025 01:34 PM,12-07-2025 01:34 PM,5262,Simon BÈgin <67952005.bxtw>,Simon BÈgin <67952005.bxtw>
76269,Place du Grand-Duc / devant le civique 4480,H-C,Actif,Aucun visuel affich√©,,12-07-2025 01:34 PM,12-07-2025 01:34 PM,5263,Simon BÈgin <67952005.bxtw>,Simon BÈgin <67952005.bxtw>
76270,des √âperviers / des Alouettes,H-C,Actif,Aucun visuel affich√©,,12-07-2025 01:34 PM,12-07-2025 01:34 PM,5264,Simon BÈgin <67952005.bxtw>,Simon BÈgin <67952005.bxtw>
76271,des √âperviers / des Harfangs,H-C,Actif,Aucun visuel affich√©,,12-07-2025 01:34 PM,12-07-2025 01:34 PM,5265,Simon BÈgin <67952005.bxtw>,Simon BÈgin <67952005.bxtw>
76272,des Sarcelles / des Cormorans,H-C,Actif,Aucun visuel affich√©,,12-07-2025 01:34 PM,12-07-2025 01:34 PM,5266,Simon BÈgin <67952005.bxtw>,Simon BÈgin <67952005.bxtw>
76273,des Outardes / des Carouges,H-C,Actif,Aucun visuel affich√©,,12-07-2025 01:34 PM,12-07-2025 01:34 PM,5267,Simon BÈgin <67952005.bxtw>,Simon BÈgin <67952005.bxtw>
76274,des Orioles / des H√©rons,H-C,Actif,Aucun visuel affich√©,,12-07-2025 01:34 PM,12-07-2025 01:34 PM,5268,Simon BÈgin <67952005.bxtw>,Simon BÈgin <67952005.bxtw>
76275,des Orioles / des Harfangs,H-C,Actif,Aucun visuel affich√©,,12-07-2025 01:34 PM,12-07-2025 01:34 PM,5269,Simon BÈgin <67952005.bxtw>,Simon BÈgin <67952005.bxtw>
76276,des Alouettes / des Faucons,H-C,Actif,Aucun visuel affich√©,,12-07-2025 01:34 PM,12-07-2025 01:34 PM,5270,Simon BÈgin <67952005.bxtw>,Simon BÈgin <67952005.bxtw>
76277,Principale Sud / Monette,H-C,Actif,Aucun visuel affich√©,,12-07-2025 01:34 PM,12-07-2025 01:34 PM,5271,Simon BÈgin <67952005.bxtw>,Simon BÈgin <67952005.bxtw>
76278,Principale Sud / Delvista,H-C,Actif,Aucun visuel affich√©,,12-07-2025 01:34 PM,12-07-2025 01:34 PM,5272,Simon BÈgin <67952005.bxtw>,Simon BÈgin <67952005.bxtw>
76279,Newman / face au Carrefour Angrignon,H-C,Actif,Aucun visuel affich√©,,12-07-2025 01:34 PM,12-07-2025 01:34 PM,5273,Simon BÈgin <67952005.bxtw>,Simon BÈgin <67952005.bxtw>
76292,Sainte-Catherine / Longtin,H-C,Actif,Aucun visuel affich√©,,12-07-2025 01:34 PM,12-07-2025 01:34 PM,5274,Simon BÈgin <67952005.bxtw>,Simon BÈgin <67952005.bxtw>
76294,Sainte-Catherine / Berri,H-C,Actif,Aucun visuel affich√©,,12-07-2025 01:34 PM,12-07-2025 01:34 PM,5275,Simon BÈgin <67952005.bxtw>,Simon BÈgin <67952005.bxtw>
76295,Sainte-Catherine / Cartier,H-C,Actif,Aucun visuel affich√©,,12-07-2025 01:34 PM,12-07-2025 01:34 PM,5276,Simon BÈgin <67952005.bxtw>,Simon BÈgin <67952005.bxtw>
76296,Sainte-Catherine / Saint-Charles,H-C,Actif,Aucun visuel affich√©,,12-07-2025 01:34 PM,12-07-2025 01:34 PM,5277,Simon BÈgin <67952005.bxtw>,Simon BÈgin <67952005.bxtw>
76297,Sainte-Catherine / du Petit-Saint-R√©gis Nord,H-C,Actif,Aucun visuel affich√©,,12-07-2025 01:34 PM,12-07-2025 01:34 PM,5278,Simon BÈgin <67952005.bxtw>,Simon BÈgin <67952005.bxtw>
76298,Sainte-Catherine / Laplante,H-C,Actif,Aucun visuel affich√©,,12-07-2025 01:34 PM,12-07-2025 01:34 PM,5279,Simon BÈgin <67952005.bxtw>,Simon BÈgin <67952005.bxtw>
76299,Sainte-Catherine / Proulx,H-C,Actif,Aucun visuel affich√©,,12-07-2025 01:34 PM,12-07-2025 01:34 PM,5280,Simon BÈgin <67952005.bxtw>,Simon BÈgin <67952005.bxtw>
76300,SmartCentres Saint-Constant,H-C,Actif,Aucun visuel affich√©,,12-07-2025 01:34 PM,12-07-2025 01:34 PM,5281,Simon BÈgin <67952005.bxtw>,Simon BÈgin <67952005.bxtw>
76304,Centrale / face au CPE Soleil Souriant,H-C,Actif,Aucun visuel affich√©,,12-07-2025 01:34 PM,12-07-2025 01:34 PM,5282,Simon BÈgin <67952005.bxtw>,Simon BÈgin <67952005.bxtw>
76307,des Merisiers / Croissant des C√®dres,H-C,Actif,Aucun visuel affich√©,,12-07-2025 01:34 PM,12-07-2025 01:34 PM,5283,Simon BÈgin <67952005.bxtw>,Simon BÈgin <67952005.bxtw>
76308,des Merisiers / des Ormes,H-C,Actif,Aucun visuel affich√©,,12-07-2025 01:34 PM,12-07-2025 01:34 PM,5284,Simon BÈgin <67952005.bxtw>,Simon BÈgin <67952005.bxtw>
76309,des Ormes / des Marronniers,H-C,Actif,Aucun visuel affich√©,,12-07-2025 01:34 PM,12-07-2025 01:34 PM,5285,Simon BÈgin <67952005.bxtw>,Simon BÈgin <67952005.bxtw>
76310,des Ormes / des Saules,H-C,Actif,Aucun visuel affich√©,,12-07-2025 01:34 PM,12-07-2025 01:34 PM,5286,Simon BÈgin <67952005.bxtw>,Simon BÈgin <67952005.bxtw>
76311,des Ormes / Br√©beuf,H-C,Actif,Aucun visuel affich√©,,12-07-2025 01:34 PM,12-07-2025 01:34 PM,5287,Simon BÈgin <67952005.bxtw>,Simon BÈgin <67952005.bxtw>
76313,Saint-Laurent / Promenade du Coll√®ge,H-C,Actif,Aucun visuel affich√©,,12-07-2025 01:34 PM,12-07-2025 01:34 PM,5288,Simon BÈgin <67952005.bxtw>,Simon BÈgin <67952005.bxtw>
76316,Industrielle / Fleming,H-C,Actif,Aucun visuel affich√©,,12-07-2025 01:34 PM,12-07-2025 01:34 PM,5289,Simon BÈgin <67952005.bxtw>,Simon BÈgin <67952005.bxtw>
76317,Industrielle / Th√©berge,H-C,Actif,Aucun visuel affich√©,,12-07-2025 01:34 PM,12-07-2025 01:34 PM,5290,Simon BÈgin <67952005.bxtw>,Simon BÈgin <67952005.bxtw>
76318,Industrielle / Libert√©,H-C,Actif,Aucun visuel affich√©,,12-07-2025 01:34 PM,12-07-2025 01:34 PM,5291,Simon BÈgin <67952005.bxtw>,Simon BÈgin <67952005.bxtw>
76319,Libert√© / Paul-Gauguin,H-C,Actif,Aucun visuel affich√©,,12-07-2025 01:34 PM,12-07-2025 01:34 PM,5292,Simon BÈgin <67952005.bxtw>,Simon BÈgin <67952005.bxtw>
76320,Paul-Gauguin / face au civique 20,H-C,Actif,Aucun visuel affich√©,,12-07-2025 01:34 PM,12-07-2025 01:34 PM,5293,Simon BÈgin <67952005.bxtw>,Simon BÈgin <67952005.bxtw>
76321,Libert√© / Saint-Fran√ßois-Xavier,H-C,Actif,Aucun visuel affich√©,,12-07-2025 01:34 PM,12-07-2025 01:34 PM,5294,Simon BÈgin <67952005.bxtw>,Simon BÈgin <67952005.bxtw>
76323,Paul-Gauguin / devant le civique 20,H-C,Actif,Aucun visuel affich√©,,12-07-2025 01:34 PM,12-07-2025 01:34 PM,5295,Simon BÈgin <67952005.bxtw>,Simon BÈgin <67952005.bxtw>
76324,Paul-Gauguin / Libert√©,H-C,Actif,Aucun visuel affich√©,,12-07-2025 01:34 PM,12-07-2025 01:34 PM,5296,Simon BÈgin <67952005.bxtw>,Simon BÈgin <67952005.bxtw>
76325,Industrielle / Libert√©,H-C,Actif,Aucun visuel affich√©,,12-07-2025 01:34 PM,12-07-2025 01:34 PM,5297,Simon BÈgin <67952005.bxtw>,Simon BÈgin <67952005.bxtw>
76326,Industrielle / Beauvais,H-C,Actif,Aucun visuel affich√©,,12-07-2025 01:34 PM,12-07-2025 01:34 PM,5298,Simon BÈgin <67952005.bxtw>,Simon BÈgin <67952005.bxtw>
76327,Industrielle / Fleming,H-C,Actif,Aucun visuel affich√©,,12-07-2025 01:34 PM,12-07-2025 01:34 PM,5299,Simon BÈgin <67952005.bxtw>,Simon BÈgin <67952005.bxtw>
76344,Principale Nord / Bellefleur,H-C,Actif,Aucun visuel affich√©,,12-07-2025 01:34 PM,12-07-2025 01:34 PM,5300,Simon BÈgin <67952005.bxtw>,Simon BÈgin <67952005.bxtw>
76345,Principale Nord / Corriveau,H-C,Actif,Aucun visuel affich√©,,12-07-2025 01:34 PM,12-07-2025 01:34 PM,5301,Simon BÈgin <67952005.bxtw>,Simon BÈgin <67952005.bxtw>
76346,Principale Nord / Soucy,H-C,Actif,Aucun visuel affich√©,,12-07-2025 01:34 PM,12-07-2025 01:34 PM,5302,Simon BÈgin <67952005.bxtw>,Simon BÈgin <67952005.bxtw>
76364,Marie-Victorin / Jogues,H-C,Actif,Aucun visuel affich√©,,12-07-2025 01:34 PM,12-07-2025 01:34 PM,5303,Simon BÈgin <67952005.bxtw>,Simon BÈgin <67952005.bxtw>
76367,Marie-Victorin / des √âcluses,H-C,Actif,Aucun visuel affich√©,,12-07-2025 01:34 PM,12-07-2025 01:34 PM,5304,Simon BÈgin <67952005.bxtw>,Simon BÈgin <67952005.bxtw>
76368,Marie-Victorin / Br√©beuf,H-C,Actif,Aucun visuel affich√©,,12-07-2025 01:34 PM,12-07-2025 01:34 PM,5305,Simon BÈgin <67952005.bxtw>,Simon BÈgin <67952005.bxtw>
76374,Saint-Laurent / de l'Union,H-C,Actif,Aucun visuel affich√©,,12-07-2025 01:34 PM,12-07-2025 01:34 PM,5306,Simon BÈgin <67952005.bxtw>,Simon BÈgin <67952005.bxtw>
76395,Mont√©e Saint-R√©gis / de la Gaillarde,H-C,Actif,Aucun visuel affich√©,,12-07-2025 01:34 PM,12-07-2025 01:34 PM,5307,Simon BÈgin <67952005.bxtw>,Simon BÈgin <67952005.bxtw>
76399,Saint-Pierre / Gare Saint-Constant,H-C,Actif,Aucun visuel affich√©,,12-07-2025 01:34 PM,12-07-2025 01:34 PM,5308,Simon BÈgin <67952005.bxtw>,Simon BÈgin <67952005.bxtw>
76400,Saint-Laurent / B√©dard,H-C,Actif,Aucun visuel affich√©,,12-07-2025 01:34 PM,12-07-2025 01:34 PM,5309,Simon BÈgin <67952005.bxtw>,Simon BÈgin <67952005.bxtw>
76401,Gare Saint-Constant,H-C,Actif,Aucun visuel affich√©,,12-07-2025 01:34 PM,12-07-2025 01:34 PM,5310,Simon BÈgin <67952005.bxtw>,Simon BÈgin <67952005.bxtw>
76402,Saint-Laurent / du Chalutier,H-C,Actif,Aucun visuel affich√©,,12-07-2025 01:34 PM,12-07-2025 01:34 PM,5311,Simon BÈgin <67952005.bxtw>,Simon BÈgin <67952005.bxtw>
76403,Saint-Laurent / Boulet,H-C,Actif,Aucun visuel affich√©,,12-07-2025 01:34 PM,12-07-2025 01:34 PM,5312,Simon BÈgin <67952005.bxtw>,Simon BÈgin <67952005.bxtw>
76405,Monchamp / Vincent,H-C,Actif,Aucun visuel affich√©,,12-07-2025 01:34 PM,12-07-2025 01:34 PM,5313,Simon BÈgin <67952005.bxtw>,Simon BÈgin <67952005.bxtw>
76406,Principale Sud / devant la gare Delson,H-C,Actif,Aucun visuel affich√©,,12-07-2025 01:34 PM,12-07-2025 01:34 PM,5314,Simon BÈgin <67952005.bxtw>,Simon BÈgin <67952005.bxtw>
76407,Marie-Victorin / Place Charles-Lemoyne,H-C,Actif,Aucun visuel affich√©,,12-07-2025 01:34 PM,12-07-2025 01:34 PM,5315,Simon BÈgin <67952005.bxtw>,Simon BÈgin <67952005.bxtw>
76408,Saint-Laurent / B√©dard,H-C,Actif,Aucun visuel affich√©,,12-07-2025 01:34 PM,12-07-2025 01:34 PM,5316,Simon BÈgin <67952005.bxtw>,Simon BÈgin <67952005.bxtw>
76409,Saint-Laurent / Place Leblanc,H-C,Actif,Aucun visuel affich√©,,12-07-2025 01:34 PM,12-07-2025 01:34 PM,5317,Simon BÈgin <67952005.bxtw>,Simon BÈgin <67952005.bxtw>
76410,Principale Nord / Soucy,H-C,Actif,Aucun visuel affich√©,,12-07-2025 01:34 PM,12-07-2025 01:34 PM,5318,Simon BÈgin <67952005.bxtw>,Simon BÈgin <67952005.bxtw>
76411,Principale Nord / Corriveau,H-C,Actif,Aucun visuel affich√©,,12-07-2025 01:34 PM,12-07-2025 01:34 PM,5319,Simon BÈgin <67952005.bxtw>,Simon BÈgin <67952005.bxtw>
76412,Principale Nord / Bellefleur,H-C,Actif,Aucun visuel affich√©,,12-07-2025 01:34 PM,12-07-2025 01:34 PM,5320,Simon BÈgin <67952005.bxtw>,Simon BÈgin <67952005.bxtw>
76413,Br√©beuf / Saint-Laurent,H-C,Actif,Aucun visuel affich√©,,12-07-2025 01:34 PM,12-07-2025 01:34 PM,5321,Simon BÈgin <67952005.bxtw>,Simon BÈgin <67952005.bxtw>
76414,du Ma√ßon / Monchamp,H-C,Actif,Aucun visuel affich√©,,12-07-2025 01:34 PM,12-07-2025 01:34 PM,5322,Simon BÈgin <67952005.bxtw>,Simon BÈgin <67952005.bxtw>
76416,Monchamp / de la Mairie,H-C,Actif,Aucun visuel affich√©,,12-07-2025 01:34 PM,12-07-2025 01:34 PM,5323,Simon BÈgin <67952005.bxtw>,Simon BÈgin <67952005.bxtw>
76417,des Cascades / des Bateliers,H-C,Actif,Aucun visuel affich√©,,12-07-2025 01:34 PM,12-07-2025 01:34 PM,5324,Simon BÈgin <67952005.bxtw>,Simon BÈgin <67952005.bxtw>
76423,Georges-Gagn√© Sud / Maisonneuve,H-C,Actif,Aucun visuel affich√©,,12-07-2025 01:34 PM,12-07-2025 01:34 PM,5325,Simon BÈgin <67952005.bxtw>,Simon BÈgin <67952005.bxtw>
76426,Riopelle / Rembrandt,H-C,Actif,Aucun visuel affich√©,,12-07-2025 01:34 PM,12-07-2025 01:34 PM,5326,Simon BÈgin <67952005.bxtw>,Simon BÈgin <67952005.bxtw>
76427,Mont√©e Saint-R√©gis / du Gen√©vrier,H-C,Actif,Aucun visuel affich√©,,12-07-2025 01:34 PM,12-07-2025 01:34 PM,5327,Simon BÈgin <67952005.bxtw>,Simon BÈgin <67952005.bxtw>
76428,Monchamp / de l'Alisier,H-C,Actif,Aucun visuel affich√©,,12-07-2025 01:34 PM,12-07-2025 01:34 PM,5328,Simon BÈgin <67952005.bxtw>,Simon BÈgin <67952005.bxtw>
76430,Mont√©e Saint-R√©gis / du Grenadier,H-C,Actif,Aucun visuel affich√©,,12-07-2025 01:34 PM,12-07-2025 01:34 PM,5329,Simon BÈgin <67952005.bxtw>,Simon BÈgin <67952005.bxtw>
76431,Sainte-Catherine / Wilfrid-Lamarche,H-C,Actif,Aucun visuel affich√©,,12-07-2025 01:34 PM,12-07-2025 01:34 PM,5330,Simon BÈgin <67952005.bxtw>,Simon BÈgin <67952005.bxtw>
76433,Mont√©e Saint-R√©gis / du Grenadier,H-C,Actif,Aucun visuel affich√©,,12-07-2025 01:34 PM,12-07-2025 01:34 PM,5331,Simon BÈgin <67952005.bxtw>,Simon BÈgin <67952005.bxtw>
76434,Mont√©e Saint-R√©gis / du Gen√©vrier,H-C,Actif,Aucun visuel affich√©,,12-07-2025 01:34 PM,12-07-2025 01:34 PM,5332,Simon BÈgin <67952005.bxtw>,Simon BÈgin <67952005.bxtw>
76437,Monchamp / de la Mairie,H-C,Actif,Aucun visuel affich√©,,12-07-2025 01:34 PM,12-07-2025 01:34 PM,5333,Simon BÈgin <67952005.bxtw>,Simon BÈgin <67952005.bxtw>
76438,Riopelle / Sainte-Catherine,H-C,Actif,Aucun visuel affich√©,,12-07-2025 01:34 PM,12-07-2025 01:34 PM,5334,Simon BÈgin <67952005.bxtw>,Simon BÈgin <67952005.bxtw>
76439,Sainte-Catherine / Riopelle,H-C,Actif,Aucun visuel affich√©,,12-07-2025 01:34 PM,12-07-2025 01:34 PM,5335,Simon BÈgin <67952005.bxtw>,Simon BÈgin <67952005.bxtw>
76440,De Ronsard / Rabelais,H-C,Actif,Aucun visuel affich√©,,12-07-2025 01:34 PM,12-07-2025 01:34 PM,5336,Simon BÈgin <67952005.bxtw>,Simon BÈgin <67952005.bxtw>
76441,de Ronsard / Renoir,H-C,Actif,Aucun visuel affich√©,,12-07-2025 01:34 PM,12-07-2025 01:34 PM,5337,Simon BÈgin <67952005.bxtw>,Simon BÈgin <67952005.bxtw>
76442,Renoir / Riopelle,H-C,Actif,Aucun visuel affich√©,,12-07-2025 01:34 PM,12-07-2025 01:34 PM,5338,Simon BÈgin <67952005.bxtw>,Simon BÈgin <67952005.bxtw>
76444,Renoir / De Ronsard,H-C,Actif,Aucun visuel affich√©,,12-07-2025 01:34 PM,12-07-2025 01:34 PM,5339,Simon BÈgin <67952005.bxtw>,Simon BÈgin <67952005.bxtw>
76445,De Ronsard / Rabelais,H-C,Actif,Aucun visuel affich√©,,12-07-2025 01:34 PM,12-07-2025 01:34 PM,5340,Simon BÈgin <67952005.bxtw>,Simon BÈgin <67952005.bxtw>
76557,Newman / Labatt,H-C,Actif,Aucun visuel affich√©,,12-07-2025 01:34 PM,12-07-2025 01:34 PM,5341,Simon BÈgin <67952005.bxtw>,Simon BÈgin <67952005.bxtw>
76558,Terminus Georges-Gagn√© - Quai 2,H-C,Actif,Aucun visuel affich√©,,12-07-2025 01:34 PM,12-07-2025 01:34 PM,5342,Simon BÈgin <67952005.bxtw>,Simon BÈgin <67952005.bxtw>
76559,Terminus Georges-Gagn√© - Quai 3,H-C,Actif,Aucun visuel affich√©,,12-07-2025 01:34 PM,12-07-2025 01:34 PM,5343,Simon BÈgin <67952005.bxtw>,Simon BÈgin <67952005.bxtw>
76560,Terminus Georges-Gagn√© - Quai 4,H-C,Actif,Aucun visuel affich√©,,12-07-2025 01:34 PM,12-07-2025 01:34 PM,5344,Simon BÈgin <67952005.bxtw>,Simon BÈgin <67952005.bxtw>
76561,Terminus Georges-Gagn√© - Quai taxi,H-C,Actif,Aucun visuel affich√©,,12-07-2025 01:34 PM,12-07-2025 01:34 PM,5345,Simon BÈgin <67952005.bxtw>,Simon BÈgin <67952005.bxtw>
76601,de Salaberry / de P√©rigny,H-C,Actif,Aucun visuel affich√©,,12-07-2025 01:34 PM,12-07-2025 01:34 PM,5346,Simon BÈgin <67952005.bxtw>,Simon BÈgin <67952005.bxtw>
76602,de Marieville / Michel-Viger,H-C,Actif,Aucun visuel affich√©,,12-07-2025 01:34 PM,12-07-2025 01:34 PM,5347,Simon BÈgin <67952005.bxtw>,Simon BÈgin <67952005.bxtw>
76603,Lebel / Brassard,H-C,Actif,Aucun visuel affich√©,,12-07-2025 01:34 PM,12-07-2025 01:34 PM,5348,Simon BÈgin <67952005.bxtw>,Simon BÈgin <67952005.bxtw>
76604,Anne-Le Seigneur / Jean-Casgrain,H-C,Actif,Aucun visuel affich√©,,12-07-2025 01:34 PM,12-07-2025 01:34 PM,5349,Simon BÈgin <67952005.bxtw>,Simon BÈgin <67952005.bxtw>
76605,de Salaberry / de Br√©boeuf,H-C,Actif,Aucun visuel affich√©,,12-07-2025 01:34 PM,12-07-2025 01:34 PM,5350,Simon BÈgin <67952005.bxtw>,Simon BÈgin <67952005.bxtw>
76606,de Salaberry / de Br√©boeuf,H-C,Actif,Aucun visuel affich√©,,12-07-2025 01:34 PM,12-07-2025 01:34 PM,5351,Simon BÈgin <67952005.bxtw>,Simon BÈgin <67952005.bxtw>
76607,des Patriotes / devant le civique 2283,H-C,Actif,Aucun visuel affich√©,,12-07-2025 01:34 PM,12-07-2025 01:34 PM,5352,Simon BÈgin <67952005.bxtw>,Simon BÈgin <67952005.bxtw>
76608,des Patriotes / face au civique 2224,H-C,Actif,Aucun visuel affich√©,,12-07-2025 01:34 PM,12-07-2025 01:34 PM,5353,Simon BÈgin <67952005.bxtw>,Simon BÈgin <67952005.bxtw>
76609,de Marieville / Loiselle,H-C,Actif,Aucun visuel affich√©,,12-07-2025 01:34 PM,12-07-2025 01:34 PM,5354,Simon BÈgin <67952005.bxtw>,Simon BÈgin <67952005.bxtw>
76610,des Patriotes / Alexandre,H-C,Actif,Aucun visuel affich√©,,12-07-2025 01:34 PM,12-07-2025 01:34 PM,5355,Simon BÈgin <67952005.bxtw>,Simon BÈgin <67952005.bxtw>
76611,des Patriotes / face au civique 2283,H-C,Actif,Aucun visuel affich√©,,12-07-2025 01:34 PM,12-07-2025 01:34 PM,5356,Simon BÈgin <67952005.bxtw>,Simon BÈgin <67952005.bxtw>
76612,des Patriotes / devant le civique 2224,H-C,Actif,Aucun visuel affich√©,,12-07-2025 01:34 PM,12-07-2025 01:34 PM,5357,Simon BÈgin <67952005.bxtw>,Simon BÈgin <67952005.bxtw>
76613,des Patriotes / Alexandre,H-C,Actif,Aucun visuel affich√©,,12-07-2025 01:34 PM,12-07-2025 01:34 PM,5358,Simon BÈgin <67952005.bxtw>,Simon BÈgin <67952005.bxtw>
76614,Mercier / Frontenac,H-C,Actif,Aucun visuel affich√©,,12-07-2025 01:34 PM,12-07-2025 01:34 PM,5359,Simon BÈgin <67952005.bxtw>,Simon BÈgin <67952005.bxtw>
76616,de Marieville / devant la traverse vers Rapha√´l-Barr√©,H-C,Actif,Aucun visuel affich√©,,12-07-2025 01:34 PM,12-07-2025 01:34 PM,5360,Simon BÈgin <67952005.bxtw>,Simon BÈgin <67952005.bxtw>
76617,Ivanier / des Roseaux,H-C,Actif,Aucun visuel affich√©,,12-07-2025 01:34 PM,12-07-2025 01:34 PM,5361,Simon BÈgin <67952005.bxtw>,Simon BÈgin <67952005.bxtw>
76618,Industriel / Simard,H-C,Actif,Aucun visuel affich√©,,12-07-2025 01:34 PM,12-07-2025 01:34 PM,5362,Simon BÈgin <67952005.bxtw>,Simon BÈgin <67952005.bxtw>
76619,Anne-Le-Seigneur / du Charretier,H-C,Actif,Aucun visuel affich√©,,12-07-2025 01:34 PM,12-07-2025 01:34 PM,5363,Simon BÈgin <67952005.bxtw>,Simon BÈgin <67952005.bxtw>
76620,Anne-Le-Seigneur / du Tisserand,H-C,Actif,Aucun visuel affich√©,,12-07-2025 01:34 PM,12-07-2025 01:34 PM,5364,Simon BÈgin <67952005.bxtw>,Simon BÈgin <67952005.bxtw>
76621,Anne-Le-Seigneur / Josephte-Chatelain,H-C,Actif,Aucun visuel affich√©,,12-07-2025 01:34 PM,12-07-2025 01:34 PM,5365,Simon BÈgin <67952005.bxtw>,Simon BÈgin <67952005.bxtw>
76622,de Marieville / face √† la traverse vers Rapha√´l-Barr√©,H-C,Actif,Aucun visuel affich√©,,12-07-2025 01:34 PM,12-07-2025 01:34 PM,5366,Simon BÈgin <67952005.bxtw>,Simon BÈgin <67952005.bxtw>
76623,Michel-Lagu√´ / Labont√©,H-C,Actif,Aucun visuel affich√©,,12-07-2025 01:34 PM,12-07-2025 01:34 PM,5367,Simon BÈgin <67952005.bxtw>,Simon BÈgin <67952005.bxtw>
76624,Michel-Lagu√´ / Anne-Le-Seigneur,H-C,Actif,Aucun visuel affich√©,,12-07-2025 01:34 PM,12-07-2025 01:34 PM,5368,Simon BÈgin <67952005.bxtw>,Simon BÈgin <67952005.bxtw>
76625,de Salaberry / Anne-le-Seigneur,H-C,Actif,Aucun visuel affich√©,,12-07-2025 01:34 PM,12-07-2025 01:34 PM,5369,Simon BÈgin <67952005.bxtw>,Simon BÈgin <67952005.bxtw>
76626,de Salaberry / Anne-le-Seigneur,H-C,Actif,Aucun visuel affich√©,,12-07-2025 01:34 PM,12-07-2025 01:34 PM,5370,Simon BÈgin <67952005.bxtw>,Simon BÈgin <67952005.bxtw>
76627,de Salaberry / Dubuisson,H-C,Actif,Aucun visuel affich√©,,12-07-2025 01:34 PM,12-07-2025 01:34 PM,5371,Simon BÈgin <67952005.bxtw>,Simon BÈgin <67952005.bxtw>
76628,de Salaberry / Viateur-Gauvreau,H-C,Actif,Aucun visuel affich√©,,12-07-2025 01:34 PM,12-07-2025 01:34 PM,5372,Simon BÈgin <67952005.bxtw>,Simon BÈgin <67952005.bxtw>
76629,Lebel / Kent,H-C,Actif,Aucun visuel affich√©,,12-07-2025 01:34 PM,12-07-2025 01:34 PM,5373,Simon BÈgin <67952005.bxtw>,Simon BÈgin <67952005.bxtw>
76630,du Pont / des Roseaux,H-C,Actif,Aucun visuel affich√©,,12-07-2025 01:34 PM,12-07-2025 01:34 PM,5374,Simon BÈgin <67952005.bxtw>,Simon BÈgin <67952005.bxtw>
76631,Ivaner / des Roseaux,H-C,Actif,Aucun visuel affich√©,,12-07-2025 01:34 PM,12-07-2025 01:34 PM,5375,Simon BÈgin <67952005.bxtw>,Simon BÈgin <67952005.bxtw>
76632,Girouard / Claude-de-Ramezay,H-C,Actif,Aucun visuel affich√©,,12-07-2025 01:34 PM,12-07-2025 01:34 PM,5376,Simon BÈgin <67952005.bxtw>,Simon BÈgin <67952005.bxtw>
76633,Girouard / Sainte-Marie,H-C,Actif,Aucun visuel affich√©,,12-07-2025 01:34 PM,12-07-2025 01:34 PM,5377,Simon BÈgin <67952005.bxtw>,Simon BÈgin <67952005.bxtw>
76634,Bouthillier / Saint-Joseph,H-C,Actif,Aucun visuel affich√©,,12-07-2025 01:34 PM,12-07-2025 01:34 PM,5378,Simon BÈgin <67952005.bxtw>,Simon BÈgin <67952005.bxtw>
76635,Bouthillier / Saint-Joseph,H-C,Actif,Aucun visuel affich√©,,12-07-2025 01:34 PM,12-07-2025 01:34 PM,5379,Simon BÈgin <67952005.bxtw>,Simon BÈgin <67952005.bxtw>
76636,de Chambly / du Bois√©,H-C,Actif,Aucun visuel affich√©,,12-07-2025 01:34 PM,12-07-2025 01:34 PM,5380,Simon BÈgin <67952005.bxtw>,Simon BÈgin <67952005.bxtw>
76637,Industriel / face au civique 2451,H-C,Actif,Aucun visuel affich√©,,12-07-2025 01:34 PM,12-07-2025 01:34 PM,5381,Simon BÈgin <67952005.bxtw>,Simon BÈgin <67952005.bxtw>
76638,Industriel / face au civique 2415,H-C,Actif,Aucun visuel affich√©,,12-07-2025 01:34 PM,12-07-2025 01:34 PM,5382,Simon BÈgin <67952005.bxtw>,Simon BÈgin <67952005.bxtw>
76639,de Marieville / Loiselle,H-C,Actif,Aucun visuel affich√©,,12-07-2025 01:34 PM,12-07-2025 01:34 PM,5383,Simon BÈgin <67952005.bxtw>,Simon BÈgin <67952005.bxtw>
76640,Industriel / devant le civique 2730,H-C,Actif,Aucun visuel affich√©,,12-07-2025 01:34 PM,12-07-2025 01:34 PM,5384,Simon BÈgin <67952005.bxtw>,Simon BÈgin <67952005.bxtw>
76641,Industriel / face au civique 2730,H-C,Actif,Aucun visuel affich√©,,12-07-2025 01:34 PM,12-07-2025 01:34 PM,5385,Simon BÈgin <67952005.bxtw>,Simon BÈgin <67952005.bxtw>
76642,Industriel / John-Yule,H-C,Actif,Aucun visuel affich√©,,12-07-2025 01:34 PM,12-07-2025 01:34 PM,5386,Simon BÈgin <67952005.bxtw>,Simon BÈgin <67952005.bxtw>
76643,John-Yule / Industriel,H-C,Actif,Aucun visuel affich√©,,12-07-2025 01:34 PM,12-07-2025 01:34 PM,5387,Simon BÈgin <67952005.bxtw>,Simon BÈgin <67952005.bxtw>
76644,Samuel-Hatt / John-Yule,H-C,Actif,Aucun visuel affich√©,,12-07-2025 01:34 PM,12-07-2025 01:34 PM,5388,Simon BÈgin <67952005.bxtw>,Simon BÈgin <67952005.bxtw>
76645,Samuel-Hatt / John-Yule,H-C,Actif,Aucun visuel affich√©,,12-07-2025 01:34 PM,12-07-2025 01:34 PM,5389,Simon BÈgin <67952005.bxtw>,Simon BÈgin <67952005.bxtw>
76646,Samuel-Hatt / Patrick-Farrar,H-C,Actif,Aucun visuel affich√©,,12-07-2025 01:34 PM,12-07-2025 01:34 PM,5390,Simon BÈgin <67952005.bxtw>,Simon BÈgin <67952005.bxtw>
76647,Samuel-Hatt / Patrick-Farrar,H-C,Actif,Aucun visuel affich√©,,12-07-2025 01:34 PM,12-07-2025 01:34 PM,5391,Simon BÈgin <67952005.bxtw>,Simon BÈgin <67952005.bxtw>
76648,Scheffer / O'Brien,H-C,Actif,Aucun visuel affich√©,,12-07-2025 01:34 PM,12-07-2025 01:34 PM,5392,Simon BÈgin <67952005.bxtw>,Simon BÈgin <67952005.bxtw>
76649,Scheffer / O'Brien,H-C,Actif,Aucun visuel affich√©,,12-07-2025 01:34 PM,12-07-2025 01:34 PM,5393,Simon BÈgin <67952005.bxtw>,Simon BÈgin <67952005.bxtw>
76651,de Gentilly / Pierre-Cognac,H-C,Actif,Aucun visuel affich√©,,12-07-2025 01:34 PM,12-07-2025 01:34 PM,5394,Simon BÈgin <67952005.bxtw>,Simon BÈgin <67952005.bxtw>
76652,de Gentilly / Edmond-Deschamps,H-C,Actif,Aucun visuel affich√©,,12-07-2025 01:34 PM,12-07-2025 01:34 PM,5395,Simon BÈgin <67952005.bxtw>,Simon BÈgin <67952005.bxtw>
76653,de Gentilly / Duvernay,H-C,Actif,Aucun visuel affich√©,,12-07-2025 01:34 PM,12-07-2025 01:34 PM,5396,Simon BÈgin <67952005.bxtw>,Simon BÈgin <67952005.bxtw>
76654,Scheffer / Franquet,H-C,Actif,Aucun visuel affich√©,,12-07-2025 01:34 PM,12-07-2025 01:34 PM,5397,Simon BÈgin <67952005.bxtw>,Simon BÈgin <67952005.bxtw>
76655,Bouthillier / Ouellette,H-C,Actif,Aucun visuel affich√©,,12-07-2025 01:34 PM,12-07-2025 01:34 PM,5398,Simon BÈgin <67952005.bxtw>,Simon BÈgin <67952005.bxtw>
76656,Industriel / John-Yule,H-C,Actif,Aucun visuel affich√©,,12-07-2025 01:34 PM,12-07-2025 01:34 PM,5399,Simon BÈgin <67952005.bxtw>,Simon BÈgin <67952005.bxtw>
76657,de Marieville / Choquette,H-C,Actif,Aucun visuel affich√©,,12-07-2025 01:34 PM,12-07-2025 01:34 PM,5400,Simon BÈgin <67952005.bxtw>,Simon BÈgin <67952005.bxtw>
76658,de Marieville / Michel-Viger,H-C,Actif,Aucun visuel affich√©,,12-07-2025 01:34 PM,12-07-2025 01:34 PM,5401,Simon BÈgin <67952005.bxtw>,Simon BÈgin <67952005.bxtw>
76659,de Marieville / Beno√Æt,H-C,Actif,Aucun visuel affich√©,,12-07-2025 01:34 PM,12-07-2025 01:34 PM,5402,Simon BÈgin <67952005.bxtw>,Simon BÈgin <67952005.bxtw>
76660,Lebel / Briand,H-C,Actif,Aucun visuel affich√©,,12-07-2025 01:34 PM,12-07-2025 01:34 PM,5403,Simon BÈgin <67952005.bxtw>,Simon BÈgin <67952005.bxtw>
76661,Lebel / Denault,H-C,Actif,Aucun visuel affich√©,,12-07-2025 01:34 PM,12-07-2025 01:34 PM,5404,Simon BÈgin <67952005.bxtw>,Simon BÈgin <67952005.bxtw>
76662,Lebel / Saint-Jean,H-C,Actif,Aucun visuel affich√©,,12-07-2025 01:34 PM,12-07-2025 01:34 PM,5405,Simon BÈgin <67952005.bxtw>,Simon BÈgin <67952005.bxtw>
76663,de Marieville / Beno√Æt,H-C,Actif,Aucun visuel affich√©,,12-07-2025 01:34 PM,12-07-2025 01:34 PM,5406,Simon BÈgin <67952005.bxtw>,Simon BÈgin <67952005.bxtw>
76664,Fonrouge / Watts,H-C,Actif,Aucun visuel affich√©,,12-07-2025 01:34 PM,12-07-2025 01:34 PM,5407,Simon BÈgin <67952005.bxtw>,Simon BÈgin <67952005.bxtw>
76665,Fonrouge / Scheffer,H-C,Actif,Aucun visuel affich√©,,12-07-2025 01:34 PM,12-07-2025 01:34 PM,5408,Simon BÈgin <67952005.bxtw>,Simon BÈgin <67952005.bxtw>
76666,de Gentilly / Colborne,H-C,Actif,Aucun visuel affich√©,,12-07-2025 01:34 PM,12-07-2025 01:34 PM,5409,Simon BÈgin <67952005.bxtw>,Simon BÈgin <67952005.bxtw>
76667,de Gentilly / Fr√©chette,H-C,Actif,Aucun visuel affich√©,,12-07-2025 01:34 PM,12-07-2025 01:34 PM,5410,Simon BÈgin <67952005.bxtw>,Simon BÈgin <67952005.bxtw>
76669,Daigneault / Gordon-Mclean,H-C,Actif,Aucun visuel affich√©,,12-07-2025 01:34 PM,12-07-2025 01:34 PM,5411,Simon BÈgin <67952005.bxtw>,Simon BÈgin <67952005.bxtw>
76670,Jean-Casgrain / Anne-le Seigneur,H-C,Actif,Aucun visuel affich√©,,12-07-2025 01:34 PM,12-07-2025 01:34 PM,5412,Simon BÈgin <67952005.bxtw>,Simon BÈgin <67952005.bxtw>
76673,du Pont / des An√©mones,H-C,Actif,Aucun visuel affich√©,,12-07-2025 01:34 PM,12-07-2025 01:34 PM,5413,Simon BÈgin <67952005.bxtw>,Simon BÈgin <67952005.bxtw>
76674,du Pont / des N√©nuphars,H-C,Actif,Aucun visuel affich√©,,12-07-2025 01:34 PM,12-07-2025 01:34 PM,5414,Simon BÈgin <67952005.bxtw>,Simon BÈgin <67952005.bxtw>
76675,du Pont / des An√©mones,H-C,Actif,Aucun visuel affich√©,,12-07-2025 01:34 PM,12-07-2025 01:34 PM,5415,Simon BÈgin <67952005.bxtw>,Simon BÈgin <67952005.bxtw>
76676,du Pont / des N√©nuphars,H-C,Actif,Aucun visuel affich√©,,12-07-2025 01:34 PM,12-07-2025 01:34 PM,5416,Simon BÈgin <67952005.bxtw>,Simon BÈgin <67952005.bxtw>
76677,Jacques-Cartier Nord / devant Coll√®ge militaire,H-C,Actif,Aucun visuel affich√©,,12-07-2025 01:34 PM,12-07-2025 01:34 PM,5417,Simon BÈgin <67952005.bxtw>,Simon BÈgin <67952005.bxtw>
76682,Daigneault / Joseph-Bresse,H-C,Actif,Aucun visuel affich√©,,12-07-2025 01:34 PM,12-07-2025 01:34 PM,5418,Simon BÈgin <67952005.bxtw>,Simon BÈgin <67952005.bxtw>
76683,des Patriotes / face au CLSC du Richelieu,H-C,Actif,Aucun visuel affich√©,,12-07-2025 01:34 PM,12-07-2025 01:34 PM,5419,Simon BÈgin <67952005.bxtw>,Simon BÈgin <67952005.bxtw>
76684,Girouard / Sainte-Marie,H-C,Actif,Aucun visuel affich√©,,12-07-2025 01:34 PM,12-07-2025 01:34 PM,5420,Simon BÈgin <67952005.bxtw>,Simon BÈgin <67952005.bxtw>
76685,de Chambly / du Bois√©,H-C,Actif,Aucun visuel affich√©,,12-07-2025 01:34 PM,12-07-2025 01:34 PM,5421,Simon BÈgin <67952005.bxtw>,Simon BÈgin <67952005.bxtw>
76686,Kennedy / Pierre-Boursier,H-C,Actif,Aucun visuel affich√©,,12-07-2025 01:34 PM,12-07-2025 01:34 PM,5422,Simon BÈgin <67952005.bxtw>,Simon BÈgin <67952005.bxtw>
76687,Kennedy / De Gaulle,H-C,Actif,Aucun visuel affich√©,,12-07-2025 01:34 PM,12-07-2025 01:34 PM,5423,Simon BÈgin <67952005.bxtw>,Simon BÈgin <67952005.bxtw>
76688,Desmarais / De Gaulle,H-C,Actif,Aucun visuel affich√©,,12-07-2025 01:34 PM,12-07-2025 01:34 PM,5424,Simon BÈgin <67952005.bxtw>,Simon BÈgin <67952005.bxtw>
76690,de Salaberry / Brassard,H-C,Actif,Aucun visuel affich√©,,12-07-2025 01:34 PM,12-07-2025 01:34 PM,5425,Simon BÈgin <67952005.bxtw>,Simon BÈgin <67952005.bxtw>
76691,de Marieville / Choquette,H-C,Actif,Aucun visuel affich√©,,12-07-2025 01:34 PM,12-07-2025 01:34 PM,5426,Simon BÈgin <67952005.bxtw>,Simon BÈgin <67952005.bxtw>
76692,des Patriotes / devant le CLSC du Richelieu,H-C,Actif,Aucun visuel affich√©,,12-07-2025 01:34 PM,12-07-2025 01:34 PM,5427,Simon BÈgin <67952005.bxtw>,Simon BÈgin <67952005.bxtw>
76698,de Marieville / de la Savane,H-C,Actif,Aucun visuel affich√©,,12-07-2025 01:34 PM,12-07-2025 01:34 PM,5428,Simon BÈgin <67952005.bxtw>,Simon BÈgin <67952005.bxtw>
76699,de Marieville / de la Savane,H-C,Actif,Aucun visuel affich√©,,12-07-2025 01:34 PM,12-07-2025 01:34 PM,5429,Simon BÈgin <67952005.bxtw>,Simon BÈgin <67952005.bxtw>
76701,Saint-Fran√ßois-Xavier / de Jaffa,H-C,Actif,Aucun visuel affich√©,,12-07-2025 01:34 PM,12-07-2025 01:34 PM,5430,Simon BÈgin <67952005.bxtw>,Simon BÈgin <67952005.bxtw>
76702,Saint-Fran√ßois-Xavier / Nicolet,H-C,Actif,Aucun visuel affich√©,,12-07-2025 01:34 PM,12-07-2025 01:34 PM,5431,Simon BÈgin <67952005.bxtw>,Simon BÈgin <67952005.bxtw>
76703,Saint-Fran√ßois-Xavier / Champlain,H-C,Actif,Aucun visuel affich√©,,12-07-2025 01:34 PM,12-07-2025 01:34 PM,5432,Simon BÈgin <67952005.bxtw>,Simon BÈgin <67952005.bxtw>
76706,Haendel / Place Halifax (2),H-C,Actif,Aucun visuel affich√©,,12-07-2025 01:34 PM,12-07-2025 01:34 PM,5433,Simon BÈgin <67952005.bxtw>,Simon BÈgin <67952005.bxtw>
76707,Montcalm Nord / H√¥tel de Ville,H-C,Actif,Aucun visuel affich√©,,12-07-2025 01:34 PM,12-07-2025 01:34 PM,5434,Simon BÈgin <67952005.bxtw>,Simon BÈgin <67952005.bxtw>
76708,Saint-Fran√ßois-Xavier / de Monaco,H-C,Actif,Aucun visuel affich√©,,12-07-2025 01:34 PM,12-07-2025 01:34 PM,5435,Simon BÈgin <67952005.bxtw>,Simon BÈgin <67952005.bxtw>
76710,Haendel / Place Halifax (1),H-C,Actif,Aucun visuel affich√©,,12-07-2025 01:34 PM,12-07-2025 01:34 PM,5436,Simon BÈgin <67952005.bxtw>,Simon BÈgin <67952005.bxtw>
76711,Haendel / Champlain,H-C,Actif,Aucun visuel affich√©,,12-07-2025 01:34 PM,12-07-2025 01:34 PM,5437,Simon BÈgin <67952005.bxtw>,Simon BÈgin <67952005.bxtw>
76712,de Gen√®ve / Goethe,H-C,Actif,Aucun visuel affich√©,,12-07-2025 01:34 PM,12-07-2025 01:34 PM,5438,Simon BÈgin <67952005.bxtw>,Simon BÈgin <67952005.bxtw>
76713,Saint-Fran√ßois-Xavier / de la Gatineau,H-C,Actif,Aucun visuel affich√©,,12-07-2025 01:34 PM,12-07-2025 01:34 PM,5439,Simon BÈgin <67952005.bxtw>,Simon BÈgin <67952005.bxtw>
76718,de la Gatineau / Saint-Fran√ßois-Xavier,H-C,Actif,Aucun visuel affich√©,,12-07-2025 01:34 PM,12-07-2025 01:34 PM,5440,Simon BÈgin <67952005.bxtw>,Simon BÈgin <67952005.bxtw>
76719,Saint-Fran√ßois-Xavier / Haendel,H-C,Actif,Aucun visuel affich√©,,12-07-2025 01:34 PM,12-07-2025 01:34 PM,5441,Simon BÈgin <67952005.bxtw>,Simon BÈgin <67952005.bxtw>
76720,Montcalm Nord / devant le civque 108,H-C,Actif,Aucun visuel affich√©,,12-07-2025 01:34 PM,12-07-2025 01:34 PM,5442,Simon BÈgin <67952005.bxtw>,Simon BÈgin <67952005.bxtw>
76721,Br√©beuf / du Portage,H-C,Actif,Aucun visuel affich√©,,12-07-2025 01:34 PM,12-07-2025 01:34 PM,5443,Simon BÈgin <67952005.bxtw>,Simon BÈgin <67952005.bxtw>
76722,Br√©beuf / Saint-Laurent,H-C,Actif,Aucun visuel affich√©,,12-07-2025 01:34 PM,12-07-2025 01:34 PM,5444,Simon BÈgin <67952005.bxtw>,Simon BÈgin <67952005.bxtw>
76723,Br√©beuf / des Ormes,H-C,Actif,Aucun visuel affich√©,,12-07-2025 01:34 PM,12-07-2025 01:34 PM,5445,Simon BÈgin <67952005.bxtw>,Simon BÈgin <67952005.bxtw>
76724,Pierre-Dupuis / Saint-R√©gis,H-C,Actif,Aucun visuel affich√©,,12-07-2025 01:34 PM,12-07-2025 01:34 PM,5446,Simon BÈgin <67952005.bxtw>,Simon BÈgin <67952005.bxtw>
76725,Charlemagne / de Chantilly,H-C,Actif,Aucun visuel affich√©,,12-07-2025 01:34 PM,12-07-2025 01:34 PM,5447,Simon BÈgin <67952005.bxtw>,Simon BÈgin <67952005.bxtw>
76726,Taschereau / Papineau,H-C,Actif,Aucun visuel affich√©,,12-07-2025 01:34 PM,12-07-2025 01:34 PM,5448,Simon BÈgin <67952005.bxtw>,Simon BÈgin <67952005.bxtw>
76727,Goodfellow Inc.,H-C,Actif,Aucun visuel affich√©,,12-07-2025 01:34 PM,12-07-2025 01:34 PM,5449,Simon BÈgin <67952005.bxtw>,Simon BÈgin <67952005.bxtw>
76728,Taschereau / devant IGA,H-C,Actif,Aucun visuel affich√©,,12-07-2025 01:34 PM,12-07-2025 01:34 PM,5450,Simon BÈgin <67952005.bxtw>,Simon BÈgin <67952005.bxtw>
76729,Sainte-Catherine / Marotte,H-C,Actif,Aucun visuel affich√©,,12-07-2025 01:34 PM,12-07-2025 01:34 PM,5451,Simon BÈgin <67952005.bxtw>,Simon BÈgin <67952005.bxtw>
76731,Br√©beuf / des √ârables,H-C,Actif,Aucun visuel affich√©,,12-07-2025 01:34 PM,12-07-2025 01:34 PM,5452,Simon BÈgin <67952005.bxtw>,Simon BÈgin <67952005.bxtw>
76732,de La Magdeleine / de la Reine-des-Pr√©s,H-C,Actif,Aucun visuel affich√©,,12-07-2025 01:34 PM,12-07-2025 01:34 PM,5453,Simon BÈgin <67952005.bxtw>,Simon BÈgin <67952005.bxtw>
76733,Saint-Laurent / de Bretagne,H-C,Actif,Aucun visuel affich√©,,12-07-2025 01:34 PM,12-07-2025 01:34 PM,5454,Simon BÈgin <67952005.bxtw>,Simon BÈgin <67952005.bxtw>
76734,Saint-Laurent / de Bretagne,H-C,Actif,Aucun visuel affich√©,,12-07-2025 01:34 PM,12-07-2025 01:34 PM,5455,Simon BÈgin <67952005.bxtw>,Simon BÈgin <67952005.bxtw>
76735,Saint-Laurent / de Boulogne,H-C,Actif,Aucun visuel affich√©,,12-07-2025 01:34 PM,12-07-2025 01:34 PM,5456,Simon BÈgin <67952005.bxtw>,Simon BÈgin <67952005.bxtw>
76736,Saint-Laurent / de Boulogne,H-C,Actif,Aucun visuel affich√©,,12-07-2025 01:34 PM,12-07-2025 01:34 PM,5457,Simon BÈgin <67952005.bxtw>,Simon BÈgin <67952005.bxtw>
76737,Edouard-VII / Martin,H-C,Actif,Aucun visuel affich√©,,12-07-2025 01:34 PM,12-07-2025 01:34 PM,5458,Simon BÈgin <67952005.bxtw>,Simon BÈgin <67952005.bxtw>
76738,Edouard-VII / Martin,H-C,Actif,Aucun visuel affich√©,,12-07-2025 01:34 PM,12-07-2025 01:34 PM,5459,Simon BÈgin <67952005.bxtw>,Simon BÈgin <67952005.bxtw>
76739,Riopelle / Rembrandt,H-C,Actif,Aucun visuel affich√©,,12-07-2025 01:34 PM,12-07-2025 01:34 PM,5460,Simon BÈgin <67952005.bxtw>,Simon BÈgin <67952005.bxtw>
76740,des Pr√©s-Verts /de la Reine-des-Pr√©s,H-C,Actif,Aucun visuel affich√©,,12-07-2025 01:34 PM,12-07-2025 01:34 PM,5461,Simon BÈgin <67952005.bxtw>,Simon BÈgin <67952005.bxtw>
76741,Desjardins / Lavoie,H-C,Actif,Aucun visuel affich√©,,12-07-2025 01:34 PM,12-07-2025 01:34 PM,5462,Simon BÈgin <67952005.bxtw>,Simon BÈgin <67952005.bxtw>
76742,Lavoie / Desjardins,H-C,Actif,Aucun visuel affich√©,,12-07-2025 01:34 PM,12-07-2025 01:34 PM,5463,Simon BÈgin <67952005.bxtw>,Simon BÈgin <67952005.bxtw>
76743,des Pr√©s-Verts / feu de circulation,H-C,Actif,Aucun visuel affich√©,,12-07-2025 01:34 PM,12-07-2025 01:34 PM,5464,Simon BÈgin <67952005.bxtw>,Simon BÈgin <67952005.bxtw>
76744,des Pr√©s-Verts / de la Fourche,H-C,Actif,Aucun visuel affich√©,,12-07-2025 01:34 PM,12-07-2025 01:34 PM,5465,Simon BÈgin <67952005.bxtw>,Simon BÈgin <67952005.bxtw>
76745,Haendel / de Gen√®ve,H-C,Actif,Aucun visuel affich√©,,12-07-2025 01:34 PM,12-07-2025 01:34 PM,5466,Simon BÈgin <67952005.bxtw>,Simon BÈgin <67952005.bxtw>
76746,de la Magdeleine / des Tulipes,H-C,Actif,Aucun visuel affich√©,,12-07-2025 01:34 PM,12-07-2025 01:34 PM,5467,Simon BÈgin <67952005.bxtw>,Simon BÈgin <67952005.bxtw>
76748,Desjardins / Debussy,H-C,Actif,Aucun visuel affich√©,,12-07-2025 01:34 PM,12-07-2025 01:34 PM,5468,Simon BÈgin <67952005.bxtw>,Simon BÈgin <67952005.bxtw>
76749,Saint-Jean / Centrale,H-C,Actif,Aucun visuel affich√©,,12-07-2025 01:34 PM,12-07-2025 01:34 PM,5469,Simon BÈgin <67952005.bxtw>,Simon BÈgin <67952005.bxtw>
76750,Saint-Jean / B√©dard,H-C,Actif,Aucun visuel affich√©,,12-07-2025 01:34 PM,12-07-2025 01:34 PM,5470,Simon BÈgin <67952005.bxtw>,Simon BÈgin <67952005.bxtw>
76751,Pierre-Dupuis / Boyer,H-C,Actif,Aucun visuel affich√©,,12-07-2025 01:34 PM,12-07-2025 01:34 PM,5471,Simon BÈgin <67952005.bxtw>,Simon BÈgin <67952005.bxtw>
76755,Saint-R√©gis / de la Gaillarde,H-C,Actif,Aucun visuel affich√©,,12-07-2025 01:34 PM,12-07-2025 01:34 PM,5472,Simon BÈgin <67952005.bxtw>,Simon BÈgin <67952005.bxtw>
76756,Saint-Laurent / Jogues,H-C,Actif,Aucun visuel affich√©,,12-07-2025 01:34 PM,12-07-2025 01:34 PM,5473,Simon BÈgin <67952005.bxtw>,Simon BÈgin <67952005.bxtw>
76757,Marie-Victorin / Place Mercure,H-C,Actif,Aucun visuel affich√©,,12-07-2025 01:34 PM,12-07-2025 01:34 PM,5474,Simon BÈgin <67952005.bxtw>,Simon BÈgin <67952005.bxtw>
76758,Principale Nord / Robidoux,H-C,Actif,Aucun visuel affich√©,,12-07-2025 01:34 PM,12-07-2025 01:34 PM,5475,Simon BÈgin <67952005.bxtw>,Simon BÈgin <67952005.bxtw>
76764,Charlemagne / du Calvados,H-C,Actif,Aucun visuel affich√©,,12-07-2025 01:34 PM,12-07-2025 01:34 PM,5476,Simon BÈgin <67952005.bxtw>,Simon BÈgin <67952005.bxtw>
76765,Charlemagne / de Chablis,H-C,Actif,Aucun visuel affich√©,,12-07-2025 01:34 PM,12-07-2025 01:34 PM,5477,Simon BÈgin <67952005.bxtw>,Simon BÈgin <67952005.bxtw>
76767,Marie-Victorin / Montcalm Nord,H-C,Actif,Aucun visuel affich√©,,12-07-2025 01:34 PM,12-07-2025 01:34 PM,5478,Simon BÈgin <67952005.bxtw>,Simon BÈgin <67952005.bxtw>
76768,Marie-Victorin / du Canal,H-C,Actif,Aucun visuel affich√©,,12-07-2025 01:34 PM,12-07-2025 01:34 PM,5479,Simon BÈgin <67952005.bxtw>,Simon BÈgin <67952005.bxtw>
76769,Centrale / devant le civique 525,H-C,Actif,Aucun visuel affich√©,,12-07-2025 01:34 PM,12-07-2025 01:34 PM,5480,Simon BÈgin <67952005.bxtw>,Simon BÈgin <67952005.bxtw>
76770,Marie-Victorin / Br√©beuf,H-C,Actif,Aucun visuel affich√©,,12-07-2025 01:34 PM,12-07-2025 01:34 PM,5481,Simon BÈgin <67952005.bxtw>,Simon BÈgin <67952005.bxtw>
76771,Marie-Victorin / Gravel,H-C,Actif,Aucun visuel affich√©,,12-07-2025 01:34 PM,12-07-2025 01:34 PM,5482,Simon BÈgin <67952005.bxtw>,Simon BÈgin <67952005.bxtw>
76772,Marie-Victorin / Place Mercure,H-C,Actif,Aucun visuel affich√©,,12-07-2025 01:34 PM,12-07-2025 01:34 PM,5483,Simon BÈgin <67952005.bxtw>,Simon BÈgin <67952005.bxtw>
76775,Mont√©e Lasaline / de la Fabrique,H-C,Actif,Aucun visuel affich√©,,12-07-2025 01:34 PM,12-07-2025 01:34 PM,5484,Simon BÈgin <67952005.bxtw>,Simon BÈgin <67952005.bxtw>
76776,Principale Nord / Robidoux,H-C,Actif,Aucun visuel affich√©,,12-07-2025 01:34 PM,12-07-2025 01:34 PM,5485,Simon BÈgin <67952005.bxtw>,Simon BÈgin <67952005.bxtw>
76777,Saint-Fran√ßois-Xavier / du Cimeti√®re,H-C,Actif,Aucun visuel affich√©,,12-07-2025 01:34 PM,12-07-2025 01:34 PM,5486,Simon BÈgin <67952005.bxtw>,Simon BÈgin <67952005.bxtw>
76778,Saint-Fran√ßois-Xavier / du Cimeti√®re,H-C,Actif,Aucun visuel affich√©,,12-07-2025 01:34 PM,12-07-2025 01:34 PM,5487,Simon BÈgin <67952005.bxtw>,Simon BÈgin <67952005.bxtw>
76779,Saint-Fran√ßois-Xavier / Gervais,H-C,Actif,Aucun visuel affich√©,,12-07-2025 01:34 PM,12-07-2025 01:34 PM,5488,Simon BÈgin <67952005.bxtw>,Simon BÈgin <67952005.bxtw>
76780,Saint-Fran√ßois-Xavier / Gervais,H-C,Actif,Aucun visuel affich√©,,12-07-2025 01:34 PM,12-07-2025 01:34 PM,5489,Simon BÈgin <67952005.bxtw>,Simon BÈgin <67952005.bxtw>
76781,Goodfellow / devant le civique 90,H-C,Actif,Aucun visuel affich√©,,12-07-2025 01:34 PM,12-07-2025 01:34 PM,5490,Simon BÈgin <67952005.bxtw>,Simon BÈgin <67952005.bxtw>
76782,Goodfellow / face au civique 90,H-C,Actif,Aucun visuel affich√©,,12-07-2025 01:34 PM,12-07-2025 01:34 PM,5491,Simon BÈgin <67952005.bxtw>,Simon BÈgin <67952005.bxtw>
76783,√âdouard-VII / Georges-Henri,H-C,Actif,Aucun visuel affich√©,,12-07-2025 01:34 PM,12-07-2025 01:34 PM,5492,Simon BÈgin <67952005.bxtw>,Simon BÈgin <67952005.bxtw>
76784,√âdouard-VII / Georges-Henri,H-C,Actif,Aucun visuel affich√©,,12-07-2025 01:34 PM,12-07-2025 01:34 PM,5493,Simon BÈgin <67952005.bxtw>,Simon BÈgin <67952005.bxtw>
76785,de la Fourche / des Pr√©s-Verts,H-C,Actif,Aucun visuel affich√©,,12-07-2025 01:34 PM,12-07-2025 01:34 PM,5494,Simon BÈgin <67952005.bxtw>,Simon BÈgin <67952005.bxtw>
76794,Montcalm Nord / d'Inverness,H-C,Actif,Aucun visuel affich√©,,12-07-2025 01:34 PM,12-07-2025 01:34 PM,5495,Simon BÈgin <67952005.bxtw>,Simon BÈgin <67952005.bxtw>
76797,de La Magdeleine / de la Reine-des-Pr√©s,H-C,Actif,Aucun visuel affich√©,,12-07-2025 01:34 PM,12-07-2025 01:34 PM,5496,Simon BÈgin <67952005.bxtw>,Simon BÈgin <67952005.bxtw>
76798,des Champs-Fleuris / Place de la Lune,H-C,Actif,Aucun visuel affich√©,,12-07-2025 01:34 PM,12-07-2025 01:34 PM,5497,Simon BÈgin <67952005.bxtw>,Simon BÈgin <67952005.bxtw>
76799,Lamarre / Dufort,H-C,Actif,Aucun visuel affich√©,,12-07-2025 01:34 PM,12-07-2025 01:34 PM,5498,Simon BÈgin <67952005.bxtw>,Simon BÈgin <67952005.bxtw>
76800,Lamarre / Dufort,H-C,Actif,Aucun visuel affich√©,,12-07-2025 01:34 PM,12-07-2025 01:34 PM,5499,Simon BÈgin <67952005.bxtw>,Simon BÈgin <67952005.bxtw>
76802,Saint-Fran√ßois-Xavier / du Maroc,H-C,Actif,Aucun visuel affich√©,,12-07-2025 01:34 PM,12-07-2025 01:34 PM,5500,Simon BÈgin <67952005.bxtw>,Simon BÈgin <67952005.bxtw>
76803,Saint-Fran√ßois-Xavier / du Maroc,H-C,Actif,Aucun visuel affich√©,,12-07-2025 01:34 PM,12-07-2025 01:34 PM,5501,Simon BÈgin <67952005.bxtw>,Simon BÈgin <67952005.bxtw>
76820,de Palerme / Jean-Baptiste-Varin,H-C,Actif,Aucun visuel affich√©,,12-07-2025 01:34 PM,12-07-2025 01:34 PM,5502,Simon BÈgin <67952005.bxtw>,Simon BÈgin <67952005.bxtw>
76822,√âdouard-VII / Lucien,H-C,Actif,Aucun visuel affich√©,,12-07-2025 01:34 PM,12-07-2025 01:34 PM,5503,Simon BÈgin <67952005.bxtw>,Simon BÈgin <67952005.bxtw>
76823,√âdouard-VII / Lucien,H-C,Actif,Aucun visuel affich√©,,12-07-2025 01:34 PM,12-07-2025 01:34 PM,5504,Simon BÈgin <67952005.bxtw>,Simon BÈgin <67952005.bxtw>
76824,Saint-Fran√ßois-Xavier / Iberville,H-C,Actif,Aucun visuel affich√©,,12-07-2025 01:34 PM,12-07-2025 01:34 PM,5505,Simon BÈgin <67952005.bxtw>,Simon BÈgin <67952005.bxtw>
76826,Sanguinet / Ch√©nier,H-C,Actif,Aucun visuel affich√©,,12-07-2025 01:34 PM,12-07-2025 01:34 PM,5506,Simon BÈgin <67952005.bxtw>,Simon BÈgin <67952005.bxtw>
76827,Sanguinet / Ch√©nier,H-C,Actif,Aucun visuel affich√©,,12-07-2025 01:34 PM,12-07-2025 01:34 PM,5507,Simon BÈgin <67952005.bxtw>,Simon BÈgin <67952005.bxtw>
76829,√âdouard-VII / du M√©andre,H-C,Actif,Aucun visuel affich√©,,12-07-2025 01:34 PM,12-07-2025 01:34 PM,5508,Simon BÈgin <67952005.bxtw>,Simon BÈgin <67952005.bxtw>
76830,Claude-de-Ramezay / du Pont,H-C,Actif,Aucun visuel affich√©,,12-07-2025 01:34 PM,12-07-2025 01:34 PM,5509,Simon BÈgin <67952005.bxtw>,Simon BÈgin <67952005.bxtw>
76831,Saint-R√©gis / √âmard,H-C,Actif,Aucun visuel affich√©,,12-07-2025 01:34 PM,12-07-2025 01:34 PM,5510,Simon BÈgin <67952005.bxtw>,Simon BÈgin <67952005.bxtw>
76832,Saint-R√©gis / Saint-Pierre,H-C,Actif,Aucun visuel affich√©,,12-07-2025 01:34 PM,12-07-2025 01:34 PM,5511,Simon BÈgin <67952005.bxtw>,Simon BÈgin <67952005.bxtw>
76833,Marie-Victorin / Charles-P√©guy Ouest,H-C,Actif,Aucun visuel affich√©,,12-07-2025 01:34 PM,12-07-2025 01:34 PM,5512,Simon BÈgin <67952005.bxtw>,Simon BÈgin <67952005.bxtw>
76834,Marie-Victorin / du Sault-Saint-Louis 2,H-C,Actif,Aucun visuel affich√©,,12-07-2025 01:34 PM,12-07-2025 01:34 PM,5513,Simon BÈgin <67952005.bxtw>,Simon BÈgin <67952005.bxtw>
76835,Simard / de P√©rigny,H-C,Actif,Aucun visuel affich√©,,12-07-2025 01:34 PM,12-07-2025 01:34 PM,5514,Simon BÈgin <67952005.bxtw>,Simon BÈgin <67952005.bxtw>
76836,Simard / devant le civique 940,H-C,Actif,Aucun visuel affich√©,,12-07-2025 01:34 PM,12-07-2025 01:34 PM,5515,Simon BÈgin <67952005.bxtw>,Simon BÈgin <67952005.bxtw>
76837,Marie-Victorin / Cloutier,H-C,Actif,Aucun visuel affich√©,,12-07-2025 01:34 PM,12-07-2025 01:34 PM,5516,Simon BÈgin <67952005.bxtw>,Simon BÈgin <67952005.bxtw>
76838,Marie-Victorin / du Sault-Saint-Louis 1,H-C,Actif,Aucun visuel affich√©,,12-07-2025 01:34 PM,12-07-2025 01:34 PM,5517,Simon BÈgin <67952005.bxtw>,Simon BÈgin <67952005.bxtw>
76839,Gouin / S√©minaire N,H-C,Actif,Aucun visuel affich√©,,12-07-2025 01:34 PM,12-07-2025 01:34 PM,5518,Simon BÈgin <67952005.bxtw>,Simon BÈgin <67952005.bxtw>
76840,Saint-Luc / devant R√©sidence Le Quartier,H-C,Actif,Aucun visuel affich√©,,12-07-2025 01:34 PM,12-07-2025 01:34 PM,5519,Simon BÈgin <67952005.bxtw>,Simon BÈgin <67952005.bxtw>
76841,Saint-Luc / Villeneuve,H-C,Actif,Aucun visuel affich√©,,12-07-2025 01:34 PM,12-07-2025 01:34 PM,5520,Simon BÈgin <67952005.bxtw>,Simon BÈgin <67952005.bxtw>
76842,des Ch√™nes /des Marronniers,H-C,Actif,Aucun visuel affich√©,,12-07-2025 01:34 PM,12-07-2025 01:34 PM,5521,Simon BÈgin <67952005.bxtw>,Simon BÈgin <67952005.bxtw>
76843,des Ch√™nes / des Marronniers,H-C,Actif,Aucun visuel affich√©,,12-07-2025 01:34 PM,12-07-2025 01:34 PM,5522,Simon BÈgin <67952005.bxtw>,Simon BÈgin <67952005.bxtw>
76844,√âdouard-VII / face au civique 3075,H-C,Actif,Aucun visuel affich√©,,12-07-2025 01:34 PM,12-07-2025 01:34 PM,5523,Simon BÈgin <67952005.bxtw>,Simon BÈgin <67952005.bxtw>
76845,√âdouard-VII / devant le civique 3075,H-C,Actif,Aucun visuel affich√©,,12-07-2025 01:34 PM,12-07-2025 01:34 PM,5524,Simon BÈgin <67952005.bxtw>,Simon BÈgin <67952005.bxtw>
76846,Desjardins / Salaberry,H-C,Actif,Aucun visuel affich√©,,12-07-2025 01:34 PM,12-07-2025 01:34 PM,5525,Simon BÈgin <67952005.bxtw>,Simon BÈgin <67952005.bxtw>
76847,Desjardins / Longtin,H-C,Actif,Aucun visuel affich√©,,12-07-2025 01:34 PM,12-07-2025 01:34 PM,5526,Simon BÈgin <67952005.bxtw>,Simon BÈgin <67952005.bxtw>
76848,Bernier / De Guise,H-C,Actif,Aucun visuel affich√©,,12-07-2025 01:34 PM,12-07-2025 01:34 PM,5527,Simon BÈgin <67952005.bxtw>,Simon BÈgin <67952005.bxtw>
76849,Bernier / De Guise,H-C,Actif,Aucun visuel affich√©,,12-07-2025 01:34 PM,12-07-2025 01:34 PM,5528,Simon BÈgin <67952005.bxtw>,Simon BÈgin <67952005.bxtw>
76850,Chambord / Charlemagne,H-C,Actif,Aucun visuel affich√©,,12-07-2025 01:34 PM,12-07-2025 01:34 PM,5529,Simon BÈgin <67952005.bxtw>,Simon BÈgin <67952005.bxtw>
76851,Monchamp / Lausanne,H-C,Actif,Aucun visuel affich√©,,12-07-2025 01:34 PM,12-07-2025 01:34 PM,5530,Simon BÈgin <67952005.bxtw>,Simon BÈgin <67952005.bxtw>
76852,Monchamp / Ma√ßon,H-C,Actif,Aucun visuel affich√©,,12-07-2025 01:34 PM,12-07-2025 01:34 PM,5531,Simon BÈgin <67952005.bxtw>,Simon BÈgin <67952005.bxtw>
76853,Monchamp / devant le civique 18,H-C,Actif,Aucun visuel affich√©,,12-07-2025 01:34 PM,12-07-2025 01:34 PM,5532,Simon BÈgin <67952005.bxtw>,Simon BÈgin <67952005.bxtw>
76854,Monchamp / face au civique 30,H-C,Actif,Aucun visuel affich√©,,12-07-2025 01:34 PM,12-07-2025 01:34 PM,5533,Simon BÈgin <67952005.bxtw>,Simon BÈgin <67952005.bxtw>
76855,Mont√©e des Bouleaux / du Parc-des-Maisons-Mobiles,H-C,Actif,Aucun visuel affich√©,,12-07-2025 01:34 PM,12-07-2025 01:34 PM,5534,Simon BÈgin <67952005.bxtw>,Simon BÈgin <67952005.bxtw>
76856,Riopelle / Renoir,H-C,Actif,Aucun visuel affich√©,,12-07-2025 01:34 PM,12-07-2025 01:34 PM,5535,Simon BÈgin <67952005.bxtw>,Simon BÈgin <67952005.bxtw>
76857,de Gen√®ve / de la Gatineau,H-C,Actif,Aucun visuel affich√©,,12-07-2025 01:34 PM,12-07-2025 01:34 PM,5536,Simon BÈgin <67952005.bxtw>,Simon BÈgin <67952005.bxtw>
76858,√âdouard-XII / Sanguinet,H-C,Actif,Aucun visuel affich√©,,12-07-2025 01:34 PM,12-07-2025 01:34 PM,5537,Simon BÈgin <67952005.bxtw>,Simon BÈgin <67952005.bxtw>
76859,Marie-Victorin / Montcalm Nord,H-C,Actif,Aucun visuel affich√©,,12-07-2025 01:34 PM,12-07-2025 01:34 PM,5538,Simon BÈgin <67952005.bxtw>,Simon BÈgin <67952005.bxtw>
76860,Michel-Lagu√´ / √âtienne-Bisaillon,H-C,Actif,Aucun visuel affich√©,,12-07-2025 01:34 PM,12-07-2025 01:34 PM,5539,Simon BÈgin <67952005.bxtw>,Simon BÈgin <67952005.bxtw>
76861,Fonrouge / Watts,H-C,Actif,Aucun visuel affich√©,,12-07-2025 01:34 PM,12-07-2025 01:34 PM,5540,Simon BÈgin <67952005.bxtw>,Simon BÈgin <67952005.bxtw>
76862,Fonrouge / de Niverville,H-C,Actif,Aucun visuel affich√©,,12-07-2025 01:34 PM,12-07-2025 01:34 PM,5541,Simon BÈgin <67952005.bxtw>,Simon BÈgin <67952005.bxtw>
76863,Fonrouge / de Niverville,H-C,Actif,Aucun visuel affich√©,,12-07-2025 01:34 PM,12-07-2025 01:34 PM,5542,Simon BÈgin <67952005.bxtw>,Simon BÈgin <67952005.bxtw>
76864,de Gentilly / Castin,H-C,Actif,Aucun visuel affich√©,,12-07-2025 01:34 PM,12-07-2025 01:34 PM,5543,Simon BÈgin <67952005.bxtw>,Simon BÈgin <67952005.bxtw>
76865,de Gentilly / Colborne,H-C,Actif,Aucun visuel affich√©,,12-07-2025 01:34 PM,12-07-2025 01:34 PM,5544,Simon BÈgin <67952005.bxtw>,Simon BÈgin <67952005.bxtw>
76866,de Gentilly / piste cyclable,H-C,Actif,Aucun visuel affich√©,,12-07-2025 01:34 PM,12-07-2025 01:34 PM,5545,Simon BÈgin <67952005.bxtw>,Simon BÈgin <67952005.bxtw>
76867,de Gentilly / piste cyclable,H-C,Actif,Aucun visuel affich√©,,12-07-2025 01:34 PM,12-07-2025 01:34 PM,5546,Simon BÈgin <67952005.bxtw>,Simon BÈgin <67952005.bxtw>
76868,Industriel / Franquet,H-C,Actif,Aucun visuel affich√©,,12-07-2025 01:34 PM,12-07-2025 01:34 PM,5547,Simon BÈgin <67952005.bxtw>,Simon BÈgin <67952005.bxtw>
76869,Daigneault / Gordon-Mclean,H-C,Actif,Aucun visuel affich√©,,12-07-2025 01:34 PM,12-07-2025 01:34 PM,5548,Simon BÈgin <67952005.bxtw>,Simon BÈgin <67952005.bxtw>
76870,Daigneault / Joseph-Bresse,H-C,Actif,Aucun visuel affich√©,,12-07-2025 01:34 PM,12-07-2025 01:34 PM,5549,Simon BÈgin <67952005.bxtw>,Simon BÈgin <67952005.bxtw>
76871,Daigneault / Daigneault,H-C,Actif,Aucun visuel affich√©,,12-07-2025 01:34 PM,12-07-2025 01:34 PM,5550,Simon BÈgin <67952005.bxtw>,Simon BÈgin <67952005.bxtw>
77501,Labatt / Newman,H-C,Actif,Aucun visuel affich√©,,12-07-2025 01:34 PM,12-07-2025 01:34 PM,5551,Simon BÈgin <67952005.bxtw>,Simon BÈgin <67952005.bxtw>
77503,Newman / Dollard,H-C,Actif,Aucun visuel affich√©,,12-07-2025 01:34 PM,12-07-2025 01:34 PM,5552,Simon BÈgin <67952005.bxtw>,Simon BÈgin <67952005.bxtw>
77504,Newman / Shevchenko,H-C,Actif,Aucun visuel affich√©,,12-07-2025 01:34 PM,12-07-2025 01:34 PM,5553,Simon BÈgin <67952005.bxtw>,Simon BÈgin <67952005.bxtw>
77505,Newman / Thierry,H-C,Actif,Aucun visuel affich√©,,12-07-2025 01:34 PM,12-07-2025 01:34 PM,5554,Simon BÈgin <67952005.bxtw>,Simon BÈgin <67952005.bxtw>
77506,Newman / Lapierre,H-C,Actif,Aucun visuel affich√©,,12-07-2025 01:34 PM,12-07-2025 01:34 PM,5555,Simon BÈgin <67952005.bxtw>,Simon BÈgin <67952005.bxtw>
77507,Newman / Senkus,H-C,Actif,Aucun visuel affich√©,,12-07-2025 01:34 PM,12-07-2025 01:34 PM,5556,Simon BÈgin <67952005.bxtw>,Simon BÈgin <67952005.bxtw>
77508,Newman / Angrignon,H-C,Actif,Aucun visuel affich√©,,12-07-2025 01:34 PM,12-07-2025 01:34 PM,5557,Simon BÈgin <67952005.bxtw>,Simon BÈgin <67952005.bxtw>
77509,Newman / L√©ger,H-C,Actif,Aucun visuel affich√©,,12-07-2025 01:34 PM,12-07-2025 01:34 PM,5558,Simon BÈgin <67952005.bxtw>,Simon BÈgin <67952005.bxtw>
77655,Labatt / Airlie,H-C,Actif,Aucun visuel affich√©,,12-07-2025 01:34 PM,12-07-2025 01:34 PM,5559,Simon BÈgin <67952005.bxtw>,Simon BÈgin <67952005.bxtw>
77657,Newman / 90e Avenue,H-C,Actif,Aucun visuel affich√©,,12-07-2025 01:34 PM,12-07-2025 01:34 PM,5560,Simon BÈgin <67952005.bxtw>,Simon BÈgin <67952005.bxtw>
78001,13e Avenue / Lucien-Charette,H-C,Actif,Aucun visuel affich√©,,12-07-2025 01:34 PM,12-07-2025 01:34 PM,5561,Simon BÈgin <67952005.bxtw>,Simon BÈgin <67952005.bxtw>
78002,Ellice / Sainte-Catherine,H-C,Actif,Aucun visuel affich√©,,12-07-2025 01:34 PM,12-07-2025 01:34 PM,5562,Simon BÈgin <67952005.bxtw>,Simon BÈgin <67952005.bxtw>
78003,de la Haute-Rivi√®re / devant la Caisse Desjardins,H-C,Actif,Aucun visuel affich√©,,12-07-2025 01:34 PM,12-07-2025 01:34 PM,5563,Simon BÈgin <67952005.bxtw>,Simon BÈgin <67952005.bxtw>
78004,Lucienne-Charette / Th√©or√™t,H-C,Actif,Aucun visuel affich√©,,12-07-2025 01:34 PM,12-07-2025 01:34 PM,5564,Simon BÈgin <67952005.bxtw>,Simon BÈgin <67952005.bxtw>
78005,Vanier / D'Iberville,H-C,Actif,Aucun visuel affich√©,,12-07-2025 01:34 PM,12-07-2025 01:34 PM,5565,Simon BÈgin <67952005.bxtw>,Simon BÈgin <67952005.bxtw>
78006,Vanier / Normand,H-C,Actif,Aucun visuel affich√©,,12-07-2025 01:34 PM,12-07-2025 01:34 PM,5566,Simon BÈgin <67952005.bxtw>,Simon BÈgin <67952005.bxtw>
78007,Salaberry Nord / Beauregard,H-C,Actif,Aucun visuel affich√©,,12-07-2025 01:34 PM,12-07-2025 01:34 PM,5567,Simon BÈgin <67952005.bxtw>,Simon BÈgin <67952005.bxtw>
78008,Salaberry Nord / Beauregard,H-C,Actif,Aucun visuel affich√©,,12-07-2025 01:34 PM,12-07-2025 01:34 PM,5568,Simon BÈgin <67952005.bxtw>,Simon BÈgin <67952005.bxtw>
78009,Gordon / Robert Ouest,H-C,Actif,Aucun visuel affich√©,,12-07-2025 01:34 PM,12-07-2025 01:34 PM,5569,Simon BÈgin <67952005.bxtw>,Simon BÈgin <67952005.bxtw>
78010,Robert Ouest / Gordon,H-C,Actif,Aucun visuel affich√©,,12-07-2025 01:34 PM,12-07-2025 01:34 PM,5570,Simon BÈgin <67952005.bxtw>,Simon BÈgin <67952005.bxtw>
78011,Maple / Dupont Est,H-C,Actif,Aucun visuel affich√©,,12-07-2025 01:34 PM,12-07-2025 01:34 PM,5571,Simon BÈgin <67952005.bxtw>,Simon BÈgin <67952005.bxtw>
78012,Maple / Dupont Est,H-C,Actif,Aucun visuel affich√©,,12-07-2025 01:34 PM,12-07-2025 01:34 PM,5572,Simon BÈgin <67952005.bxtw>,Simon BÈgin <67952005.bxtw>
78013,Marcel / Hans-Selye,H-C,Actif,Aucun visuel affich√©,,12-07-2025 01:34 PM,12-07-2025 01:34 PM,5573,Simon BÈgin <67952005.bxtw>,Simon BÈgin <67952005.bxtw>
78014,Albert-Einstein / Edouard-Branly,H-C,Actif,Aucun visuel affich√©,,12-07-2025 01:34 PM,12-07-2025 01:34 PM,5574,Simon BÈgin <67952005.bxtw>,Simon BÈgin <67952005.bxtw>
78015,Marcel / Albert-Einstein,H-C,Actif,Aucun visuel affich√©,,12-07-2025 01:34 PM,12-07-2025 01:34 PM,5575,Simon BÈgin <67952005.bxtw>,Simon BÈgin <67952005.bxtw>
78016,Albert-Einstein / Marie-Curie,H-C,Actif,Aucun visuel affich√©,,12-07-2025 01:34 PM,12-07-2025 01:34 PM,5576,Simon BÈgin <67952005.bxtw>,Simon BÈgin <67952005.bxtw>
78017,Albert-Einstein / Marie-Curie,H-C,Actif,Aucun visuel affich√©,,12-07-2025 01:34 PM,12-07-2025 01:34 PM,5577,Simon BÈgin <67952005.bxtw>,Simon BÈgin <67952005.bxtw>
78018,Albert-Einstein / Pasteur,H-C,Actif,Aucun visuel affich√©,,12-07-2025 01:34 PM,12-07-2025 01:34 PM,5578,Simon BÈgin <67952005.bxtw>,Simon BÈgin <67952005.bxtw>
78019,Albert-Einstein / Pasteur,H-C,Actif,Aucun visuel affich√©,,12-07-2025 01:34 PM,12-07-2025 01:34 PM,5579,Simon BÈgin <67952005.bxtw>,Simon BÈgin <67952005.bxtw>
78020,Albert-Einstein / Franklin,H-C,Actif,Aucun visuel affich√©,,12-07-2025 01:34 PM,12-07-2025 01:34 PM,5580,Simon BÈgin <67952005.bxtw>,Simon BÈgin <67952005.bxtw>
78021,Albert-Einstein / Franklin,H-C,Actif,Aucun visuel affich√©,,12-07-2025 01:34 PM,12-07-2025 01:34 PM,5581,Simon BÈgin <67952005.bxtw>,Simon BÈgin <67952005.bxtw>
78022,Primeau / Principale,H-C,Actif,Aucun visuel affich√©,,12-07-2025 01:34 PM,12-07-2025 01:34 PM,5582,Simon BÈgin <67952005.bxtw>,Simon BÈgin <67952005.bxtw>
78023,Principale / Primeau,H-C,Actif,Aucun visuel affich√©,,12-07-2025 01:34 PM,12-07-2025 01:34 PM,5583,Simon BÈgin <67952005.bxtw>,Simon BÈgin <67952005.bxtw>
78024,Principale / Primeau,H-C,Actif,Aucun visuel affich√©,,12-07-2025 01:34 PM,12-07-2025 01:34 PM,5584,Simon BÈgin <67952005.bxtw>,Simon BÈgin <67952005.bxtw>
78025,Albert-Einstein / de Bruxelles,H-C,Actif,Aucun visuel affich√©,,12-07-2025 01:34 PM,12-07-2025 01:34 PM,5585,Simon BÈgin <67952005.bxtw>,Simon BÈgin <67952005.bxtw>
78026,Albert-Einstein / Laram√©e,H-C,Actif,Aucun visuel affich√©,,12-07-2025 01:34 PM,12-07-2025 01:34 PM,5586,Simon BÈgin <67952005.bxtw>,Simon BÈgin <67952005.bxtw>
78027,Sainte-Marguerite / L√©onard,H-C,Actif,Aucun visuel affich√©,,12-07-2025 01:34 PM,12-07-2025 01:34 PM,5587,Simon BÈgin <67952005.bxtw>,Simon BÈgin <67952005.bxtw>
78028,Sainte-Marguerite / L√©onard,H-C,Actif,Aucun visuel affich√©,,12-07-2025 01:34 PM,12-07-2025 01:34 PM,5588,Simon BÈgin <67952005.bxtw>,Simon BÈgin <67952005.bxtw>
78029,De Gaulle / Sainte-Marguerite,H-C,Actif,Aucun visuel affich√©,,12-07-2025 01:34 PM,12-07-2025 01:34 PM,5589,Simon BÈgin <67952005.bxtw>,Simon BÈgin <67952005.bxtw>
78030,Sainte-Marguerite / Fournier,H-C,Actif,Aucun visuel affich√©,,12-07-2025 01:34 PM,12-07-2025 01:34 PM,5590,Simon BÈgin <67952005.bxtw>,Simon BÈgin <67952005.bxtw>
78031,De Gaulle / Bernard,H-C,Actif,Aucun visuel affich√©,,12-07-2025 01:34 PM,12-07-2025 01:34 PM,5591,Simon BÈgin <67952005.bxtw>,Simon BÈgin <67952005.bxtw>
78032,De Gaulle / Bernard,H-C,Actif,Aucun visuel affich√©,,12-07-2025 01:34 PM,12-07-2025 01:34 PM,5592,Simon BÈgin <67952005.bxtw>,Simon BÈgin <67952005.bxtw>
78034,De Gaulle / Kennedy,H-C,Actif,Aucun visuel affich√©,,12-07-2025 01:34 PM,12-07-2025 01:34 PM,5593,Simon BÈgin <67952005.bxtw>,Simon BÈgin <67952005.bxtw>
78036,De Gaulle / Desmarais,H-C,Actif,Aucun visuel affich√©,,12-07-2025 01:34 PM,12-07-2025 01:34 PM,5594,Simon BÈgin <67952005.bxtw>,Simon BÈgin <67952005.bxtw>
78037,De Gaulle / Brahms,H-C,Actif,Aucun visuel affich√©,,12-07-2025 01:34 PM,12-07-2025 01:34 PM,5595,Simon BÈgin <67952005.bxtw>,Simon BÈgin <67952005.bxtw>
78038,Brahms / De Gaulle,H-C,Actif,Aucun visuel affich√©,,12-07-2025 01:34 PM,12-07-2025 01:34 PM,5596,Simon BÈgin <67952005.bxtw>,Simon BÈgin <67952005.bxtw>
78039,Rameau / Brahms,H-C,Actif,Aucun visuel affich√©,,12-07-2025 01:34 PM,12-07-2025 01:34 PM,5597,Simon BÈgin <67952005.bxtw>,Simon BÈgin <67952005.bxtw>
78040,Rameau / Schubert,H-C,Actif,Aucun visuel affich√©,,12-07-2025 01:34 PM,12-07-2025 01:34 PM,5598,Simon BÈgin <67952005.bxtw>,Simon BÈgin <67952005.bxtw>
78041,Rameau / Astrale,H-C,Actif,Aucun visuel affich√©,,12-07-2025 01:34 PM,12-07-2025 01:34 PM,5599,Simon BÈgin <67952005.bxtw>,Simon BÈgin <67952005.bxtw>
78042,Rameau / Mozart,H-C,Actif,Aucun visuel affich√©,,12-07-2025 01:34 PM,12-07-2025 01:34 PM,5600,Simon BÈgin <67952005.bxtw>,Simon BÈgin <67952005.bxtw>
78043,Saint-Joseph / Centre R√©gional de Ch√¢teauguay,H-C,Actif,Aucun visuel affich√©,,12-07-2025 01:34 PM,12-07-2025 01:34 PM,5601,Simon BÈgin <67952005.bxtw>,Simon BÈgin <67952005.bxtw>
78044,Centre R√©gional de Ch√¢teauguay,H-C,Actif,Aucun visuel affich√©,,12-07-2025 01:34 PM,12-07-2025 01:34 PM,5602,Simon BÈgin <67952005.bxtw>,Simon BÈgin <67952005.bxtw>
78045,Saint-Jean-Baptiste / du Parc Ouest,H-C,Actif,Aucun visuel affich√©,,12-07-2025 01:34 PM,12-07-2025 01:34 PM,5603,Simon BÈgin <67952005.bxtw>,Simon BÈgin <67952005.bxtw>
78046,Saint-Jean-Baptiste / Sainte-Marguerite,H-C,Actif,Aucun visuel affich√©,,12-07-2025 01:34 PM,12-07-2025 01:34 PM,5604,Simon BÈgin <67952005.bxtw>,Simon BÈgin <67952005.bxtw>
78047,Primeau / Bergevin,H-C,Actif,Aucun visuel affich√©,,12-07-2025 01:34 PM,12-07-2025 01:34 PM,5605,Simon BÈgin <67952005.bxtw>,Simon BÈgin <67952005.bxtw>
78048,Primeau / Maxime-Raymond,H-C,Actif,Aucun visuel affich√©,,12-07-2025 01:34 PM,12-07-2025 01:34 PM,5606,Simon BÈgin <67952005.bxtw>,Simon BÈgin <67952005.bxtw>
78049,Primeau / Maxime-Raymond,H-C,Actif,Aucun visuel affich√©,,12-07-2025 01:34 PM,12-07-2025 01:34 PM,5607,Simon BÈgin <67952005.bxtw>,Simon BÈgin <67952005.bxtw>
78050,Primeau / de la Haute-Rivi√®re,H-C,Actif,Aucun visuel affich√©,,12-07-2025 01:34 PM,12-07-2025 01:34 PM,5608,Simon BÈgin <67952005.bxtw>,Simon BÈgin <67952005.bxtw>
78051,Primeau / Albert-Seers,H-C,Actif,Aucun visuel affich√©,,12-07-2025 01:34 PM,12-07-2025 01:34 PM,5609,Simon BÈgin <67952005.bxtw>,Simon BÈgin <67952005.bxtw>
78052,Primeau / Lalemant,H-C,Actif,Aucun visuel affich√©,,12-07-2025 01:34 PM,12-07-2025 01:34 PM,5610,Simon BÈgin <67952005.bxtw>,Simon BÈgin <67952005.bxtw>
78053,Primeau / Lalemant,H-C,Actif,Aucun visuel affich√©,,12-07-2025 01:34 PM,12-07-2025 01:34 PM,5611,Simon BÈgin <67952005.bxtw>,Simon BÈgin <67952005.bxtw>
78054,Primeau / Saint-Andr√©,H-C,Actif,Aucun visuel affich√©,,12-07-2025 01:34 PM,12-07-2025 01:34 PM,5612,Simon BÈgin <67952005.bxtw>,Simon BÈgin <67952005.bxtw>
78055,Chopin / Saint-Jean-Baptiste,H-C,Actif,Aucun visuel affich√©,,12-07-2025 01:34 PM,12-07-2025 01:34 PM,5613,Simon BÈgin <67952005.bxtw>,Simon BÈgin <67952005.bxtw>
78056,Parkview / Saint-Jean-Baptiste,H-C,Actif,Aucun visuel affich√©,,12-07-2025 01:34 PM,12-07-2025 01:34 PM,5614,Simon BÈgin <67952005.bxtw>,Simon BÈgin <67952005.bxtw>
78057,Parkview / Saint-Jean-Baptiste,H-C,Actif,Aucun visuel affich√©,,12-07-2025 01:34 PM,12-07-2025 01:34 PM,5615,Simon BÈgin <67952005.bxtw>,Simon BÈgin <67952005.bxtw>
78058,Richelieu / Primeau,H-C,Actif,Aucun visuel affich√©,,12-07-2025 01:34 PM,12-07-2025 01:34 PM,5616,Simon BÈgin <67952005.bxtw>,Simon BÈgin <67952005.bxtw>
78059,Richelieu / Cabot,H-C,Actif,Aucun visuel affich√©,,12-07-2025 01:34 PM,12-07-2025 01:34 PM,5617,Simon BÈgin <67952005.bxtw>,Simon BÈgin <67952005.bxtw>
78060,Cabot / Carr√© Richelieu,H-C,Actif,Aucun visuel affich√©,,12-07-2025 01:34 PM,12-07-2025 01:34 PM,5618,Simon BÈgin <67952005.bxtw>,Simon BÈgin <67952005.bxtw>
78061,Cabot / La Salle,H-C,Actif,Aucun visuel affich√©,,12-07-2025 01:34 PM,12-07-2025 01:34 PM,5619,Simon BÈgin <67952005.bxtw>,Simon BÈgin <67952005.bxtw>
78062,La Salle / Cabot,H-C,Actif,Aucun visuel affich√©,,12-07-2025 01:34 PM,12-07-2025 01:34 PM,5620,Simon BÈgin <67952005.bxtw>,Simon BÈgin <67952005.bxtw>
78063,La Salle / Labelle,H-C,Actif,Aucun visuel affich√©,,12-07-2025 01:34 PM,12-07-2025 01:34 PM,5621,Simon BÈgin <67952005.bxtw>,Simon BÈgin <67952005.bxtw>
78064,Labelle / La Salle,H-C,Actif,Aucun visuel affich√©,,12-07-2025 01:34 PM,12-07-2025 01:34 PM,5622,Simon BÈgin <67952005.bxtw>,Simon BÈgin <67952005.bxtw>
78065,Labelle / Sutterlin,H-C,Actif,Aucun visuel affich√©,,12-07-2025 01:34 PM,12-07-2025 01:34 PM,5623,Simon BÈgin <67952005.bxtw>,Simon BÈgin <67952005.bxtw>
78066,Sutterlin / Labelle,H-C,Actif,Aucun visuel affich√©,,12-07-2025 01:34 PM,12-07-2025 01:34 PM,5624,Simon BÈgin <67952005.bxtw>,Simon BÈgin <67952005.bxtw>
78067,Sutterlin / Adrien,H-C,Actif,Aucun visuel affich√©,,12-07-2025 01:34 PM,12-07-2025 01:34 PM,5625,Simon BÈgin <67952005.bxtw>,Simon BÈgin <67952005.bxtw>
78068,Sutterlin / De Bienville,H-C,Actif,Aucun visuel affich√©,,12-07-2025 01:34 PM,12-07-2025 01:34 PM,5626,Simon BÈgin <67952005.bxtw>,Simon BÈgin <67952005.bxtw>
78069,Bourdon / Louis-Jolliet,H-C,Actif,Aucun visuel affich√©,,12-07-2025 01:34 PM,12-07-2025 01:34 PM,5627,Simon BÈgin <67952005.bxtw>,Simon BÈgin <67952005.bxtw>
78070,Bourdon / Louis-Jolliet,H-C,Actif,Aucun visuel affich√©,,12-07-2025 01:34 PM,12-07-2025 01:34 PM,5628,Simon BÈgin <67952005.bxtw>,Simon BÈgin <67952005.bxtw>
78071,Maple / de Gasp√© Ouest,H-C,Actif,Aucun visuel affich√©,,12-07-2025 01:34 PM,12-07-2025 01:34 PM,5629,Simon BÈgin <67952005.bxtw>,Simon BÈgin <67952005.bxtw>
78072,Maple / Midway,H-C,Actif,Aucun visuel affich√©,,12-07-2025 01:34 PM,12-07-2025 01:34 PM,5630,Simon BÈgin <67952005.bxtw>,Simon BÈgin <67952005.bxtw>
78073,McLeod / Fairmount Ouest,H-C,Actif,Aucun visuel affich√©,,12-07-2025 01:34 PM,12-07-2025 01:34 PM,5631,Simon BÈgin <67952005.bxtw>,Simon BÈgin <67952005.bxtw>
78074,McLeod / Fairmount Ouest,H-C,Actif,Aucun visuel affich√©,,12-07-2025 01:34 PM,12-07-2025 01:34 PM,5632,Simon BÈgin <67952005.bxtw>,Simon BÈgin <67952005.bxtw>
78075,Parkview / Saint-Joseph,H-C,Actif,Aucun visuel affich√©,,12-07-2025 01:34 PM,12-07-2025 01:34 PM,5633,Simon BÈgin <67952005.bxtw>,Simon BÈgin <67952005.bxtw>
78076,Parkview / Saint-Joseph,H-C,Actif,Aucun visuel affich√©,,12-07-2025 01:34 PM,12-07-2025 01:34 PM,5634,Simon BÈgin <67952005.bxtw>,Simon BÈgin <67952005.bxtw>
78077,McLeod / Saint-Charles,H-C,Actif,Aucun visuel affich√©,,12-07-2025 01:34 PM,12-07-2025 01:34 PM,5635,Simon BÈgin <67952005.bxtw>,Simon BÈgin <67952005.bxtw>
78078,McLeod / Saint-Charles,H-C,Actif,Aucun visuel affich√©,,12-07-2025 01:34 PM,12-07-2025 01:34 PM,5636,Simon BÈgin <67952005.bxtw>,Simon BÈgin <67952005.bxtw>
78079,McLeod / Bell,H-C,Actif,Aucun visuel affich√©,,12-07-2025 01:34 PM,12-07-2025 01:34 PM,5637,Simon BÈgin <67952005.bxtw>,Simon BÈgin <67952005.bxtw>
78080,McLeod / Bell,H-C,Actif,Aucun visuel affich√©,,12-07-2025 01:34 PM,12-07-2025 01:34 PM,5638,Simon BÈgin <67952005.bxtw>,Simon BÈgin <67952005.bxtw>
78081,Craik / Chaput,H-C,Actif,Aucun visuel affich√©,,12-07-2025 01:34 PM,12-07-2025 01:34 PM,5639,Simon BÈgin <67952005.bxtw>,Simon BÈgin <67952005.bxtw>
78082,Craik / Chaput,H-C,Actif,Aucun visuel affich√©,,12-07-2025 01:34 PM,12-07-2025 01:34 PM,5640,Simon BÈgin <67952005.bxtw>,Simon BÈgin <67952005.bxtw>
78083,Craik / Drouin,H-C,Actif,Aucun visuel affich√©,,12-07-2025 01:34 PM,12-07-2025 01:34 PM,5641,Simon BÈgin <67952005.bxtw>,Simon BÈgin <67952005.bxtw>
78084,Craik / Drouin,H-C,Actif,Aucun visuel affich√©,,12-07-2025 01:34 PM,12-07-2025 01:34 PM,5642,Simon BÈgin <67952005.bxtw>,Simon BÈgin <67952005.bxtw>
78085,Craik / Saint-Francis,H-C,Actif,Aucun visuel affich√©,,12-07-2025 01:34 PM,12-07-2025 01:34 PM,5643,Simon BÈgin <67952005.bxtw>,Simon BÈgin <67952005.bxtw>
78086,Saint-Francis / Craik,H-C,Actif,Aucun visuel affich√©,,12-07-2025 01:34 PM,12-07-2025 01:34 PM,5644,Simon BÈgin <67952005.bxtw>,Simon BÈgin <67952005.bxtw>
78087,Saint-Jean-Baptiste / Saint-Julien,H-C,Actif,Aucun visuel affich√©,,12-07-2025 01:34 PM,12-07-2025 01:34 PM,5645,Simon BÈgin <67952005.bxtw>,Simon BÈgin <67952005.bxtw>
78088,Saint-Jean-Baptiste / D'Orl√©ans,H-C,Actif,Aucun visuel affich√©,,12-07-2025 01:34 PM,12-07-2025 01:34 PM,5646,Simon BÈgin <67952005.bxtw>,Simon BÈgin <67952005.bxtw>
78089,Saint-Francis / Woodbine,H-C,Actif,Aucun visuel affich√©,,12-07-2025 01:34 PM,12-07-2025 01:34 PM,5647,Simon BÈgin <67952005.bxtw>,Simon BÈgin <67952005.bxtw>
78090,Saint-Francis / Elmridge,H-C,Actif,Aucun visuel affich√©,,12-07-2025 01:34 PM,12-07-2025 01:34 PM,5648,Simon BÈgin <67952005.bxtw>,Simon BÈgin <67952005.bxtw>
78091,Saint-Francis / Lafayette,H-C,Actif,Aucun visuel affich√©,,12-07-2025 01:34 PM,12-07-2025 01:34 PM,5649,Simon BÈgin <67952005.bxtw>,Simon BÈgin <67952005.bxtw>
78092,Saint-Francis / Lafayette,H-C,Actif,Aucun visuel affich√©,,12-07-2025 01:34 PM,12-07-2025 01:34 PM,5650,Simon BÈgin <67952005.bxtw>,Simon BÈgin <67952005.bxtw>
78093,Saint-Francis / Jeffries,H-C,Actif,Aucun visuel affich√©,,12-07-2025 01:34 PM,12-07-2025 01:34 PM,5651,Simon BÈgin <67952005.bxtw>,Simon BÈgin <67952005.bxtw>
78094,Saint-Francis / Jeffries,H-C,Actif,Aucun visuel affich√©,,12-07-2025 01:34 PM,12-07-2025 01:34 PM,5652,Simon BÈgin <67952005.bxtw>,Simon BÈgin <67952005.bxtw>
78095,Saint-Francis / Edward Sud,H-C,Actif,Aucun visuel affich√©,,12-07-2025 01:34 PM,12-07-2025 01:34 PM,5653,Simon BÈgin <67952005.bxtw>,Simon BÈgin <67952005.bxtw>
78096,Saint-Francis / Edward Sud,H-C,Actif,Aucun visuel affich√©,,12-07-2025 01:34 PM,12-07-2025 01:34 PM,5654,Simon BÈgin <67952005.bxtw>,Simon BÈgin <67952005.bxtw>
78097,Saint-Francis / Isabelle,H-C,Actif,Aucun visuel affich√©,,12-07-2025 01:34 PM,12-07-2025 01:34 PM,5655,Simon BÈgin <67952005.bxtw>,Simon BÈgin <67952005.bxtw>
78098,Saint-Francis / Isabelle,H-C,Actif,Aucun visuel affich√©,,12-07-2025 01:34 PM,12-07-2025 01:34 PM,5656,Simon BÈgin <67952005.bxtw>,Simon BÈgin <67952005.bxtw>
78099,Parkview / Hillsdale Ouest,H-C,Actif,Aucun visuel affich√©,,12-07-2025 01:34 PM,12-07-2025 01:34 PM,5657,Simon BÈgin <67952005.bxtw>,Simon BÈgin <67952005.bxtw>
78100,Parkview / Laurier,H-C,Actif,Aucun visuel affich√©,,12-07-2025 01:34 PM,12-07-2025 01:34 PM,5658,Simon BÈgin <67952005.bxtw>,Simon BÈgin <67952005.bxtw>
78101,Parkview / Place King,H-C,Actif,Aucun visuel affich√©,,12-07-2025 01:34 PM,12-07-2025 01:34 PM,5659,Simon BÈgin <67952005.bxtw>,Simon BÈgin <67952005.bxtw>
78102,du Canal / 14e Avenue,H-C,Actif,Aucun visuel affich√©,,12-07-2025 01:34 PM,12-07-2025 01:34 PM,5660,Simon BÈgin <67952005.bxtw>,Simon BÈgin <67952005.bxtw>
78103,de Champlain / Saint-Joseph,H-C,Actif,Aucun visuel affich√©,,12-07-2025 01:34 PM,12-07-2025 01:34 PM,5661,Simon BÈgin <67952005.bxtw>,Simon BÈgin <67952005.bxtw>
78104,du Canal / des Bisons,H-C,Actif,Aucun visuel affich√©,,12-07-2025 01:34 PM,12-07-2025 01:34 PM,5662,Simon BÈgin <67952005.bxtw>,Simon BÈgin <67952005.bxtw>
78105,de Champlain / Damas,H-C,Actif,Aucun visuel affich√©,,12-07-2025 01:34 PM,12-07-2025 01:34 PM,5663,Simon BÈgin <67952005.bxtw>,Simon BÈgin <67952005.bxtw>
78106,Prince / de la Verdure,H-C,Actif,Aucun visuel affich√©,,12-07-2025 01:34 PM,12-07-2025 01:34 PM,5664,Simon BÈgin <67952005.bxtw>,Simon BÈgin <67952005.bxtw>
78107,de Champlain / Paul-Hall√©,H-C,Actif,Aucun visuel affich√©,,12-07-2025 01:34 PM,12-07-2025 01:34 PM,5665,Simon BÈgin <67952005.bxtw>,Simon BÈgin <67952005.bxtw>
78108,Dunver / Saint-Marc,H-C,Actif,Aucun visuel affich√©,,12-07-2025 01:34 PM,12-07-2025 01:34 PM,5666,Simon BÈgin <67952005.bxtw>,Simon BÈgin <67952005.bxtw>
78109,Dub√© / Salaberry Sud,H-C,Actif,Aucun visuel affich√©,,12-07-2025 01:34 PM,12-07-2025 01:34 PM,5667,Simon BÈgin <67952005.bxtw>,Simon BÈgin <67952005.bxtw>
78112,Salaberry Sud / Desparois,H-C,Actif,Aucun visuel affich√©,,12-07-2025 01:34 PM,12-07-2025 01:34 PM,5668,Simon BÈgin <67952005.bxtw>,Simon BÈgin <67952005.bxtw>
78113,Saint-Joseph / Sullivan,H-C,Actif,Aucun visuel affich√©,,12-07-2025 01:34 PM,12-07-2025 01:34 PM,5669,Simon BÈgin <67952005.bxtw>,Simon BÈgin <67952005.bxtw>
78114,Saint-Joseph / Sullivan,H-C,Actif,Aucun visuel affich√©,,12-07-2025 01:34 PM,12-07-2025 01:34 PM,5670,Simon BÈgin <67952005.bxtw>,Simon BÈgin <67952005.bxtw>
78115,Parkview / Saint-Mary's,H-C,Actif,Aucun visuel affich√©,,12-07-2025 01:34 PM,12-07-2025 01:34 PM,5671,Simon BÈgin <67952005.bxtw>,Simon BÈgin <67952005.bxtw>
78116,Saint-Jean-Baptiste / Poupart,H-C,Actif,Aucun visuel affich√©,,12-07-2025 01:34 PM,12-07-2025 01:34 PM,5672,Simon BÈgin <67952005.bxtw>,Simon BÈgin <67952005.bxtw>
78117,Saint-Jean-Baptiste / Bernard,H-C,Actif,Aucun visuel affich√©,,12-07-2025 01:34 PM,12-07-2025 01:34 PM,5673,Simon BÈgin <67952005.bxtw>,Simon BÈgin <67952005.bxtw>
78118,Saint-Joseph / Prince,H-C,Actif,Aucun visuel affich√©,,12-07-2025 01:34 PM,12-07-2025 01:34 PM,5674,Simon BÈgin <67952005.bxtw>,Simon BÈgin <67952005.bxtw>
78119,Saint-Joseph / Prince,H-C,Actif,Aucun visuel affich√©,,12-07-2025 01:34 PM,12-07-2025 01:34 PM,5675,Simon BÈgin <67952005.bxtw>,Simon BÈgin <67952005.bxtw>
78120,D'Anjou / Tremblay,H-C,Actif,Aucun visuel affich√©,,12-07-2025 01:34 PM,12-07-2025 01:34 PM,5676,Simon BÈgin <67952005.bxtw>,Simon BÈgin <67952005.bxtw>
78121,D'Anjou / Saint-Joseph,H-C,Actif,Aucun visuel affich√©,,12-07-2025 01:34 PM,12-07-2025 01:34 PM,5677,Simon BÈgin <67952005.bxtw>,Simon BÈgin <67952005.bxtw>
78122,Saint-Francis / Place Mary-Elizabeth-Noonan,H-C,Actif,Aucun visuel affich√©,,12-07-2025 01:34 PM,12-07-2025 01:34 PM,5678,Simon BÈgin <67952005.bxtw>,Simon BÈgin <67952005.bxtw>
78123,D'Anjou / Maple,H-C,Actif,Aucun visuel affich√©,,12-07-2025 01:34 PM,12-07-2025 01:34 PM,5679,Simon BÈgin <67952005.bxtw>,Simon BÈgin <67952005.bxtw>
78124,D'Anjou / Maple,H-C,Actif,Aucun visuel affich√©,,12-07-2025 01:34 PM,12-07-2025 01:34 PM,5680,Simon BÈgin <67952005.bxtw>,Simon BÈgin <67952005.bxtw>
78125,Saint-Jean-Baptiste / Saint-Francis,H-C,Actif,Aucun visuel affich√©,,12-07-2025 01:34 PM,12-07-2025 01:34 PM,5681,Simon BÈgin <67952005.bxtw>,Simon BÈgin <67952005.bxtw>
78126,Saint-Jean-Baptiste / Saint-Francis,H-C,Actif,Aucun visuel affich√©,,12-07-2025 01:34 PM,12-07-2025 01:34 PM,5682,Simon BÈgin <67952005.bxtw>,Simon BÈgin <67952005.bxtw>
78127,Saint-Francis / Saint-Jean-Baptiste,H-C,Actif,Aucun visuel affich√©,,12-07-2025 01:34 PM,12-07-2025 01:34 PM,5683,Simon BÈgin <67952005.bxtw>,Simon BÈgin <67952005.bxtw>
78128,Saint-Francis / Saint-Jean-Baptiste,H-C,Actif,Aucun visuel affich√©,,12-07-2025 01:34 PM,12-07-2025 01:34 PM,5684,Simon BÈgin <67952005.bxtw>,Simon BÈgin <67952005.bxtw>
78129,Principale / Place L√©onie-Paradis,H-C,Actif,Aucun visuel affich√©,,12-07-2025 01:34 PM,12-07-2025 01:34 PM,5685,Simon BÈgin <67952005.bxtw>,Simon BÈgin <67952005.bxtw>
78130,Principale / McComber,H-C,Actif,Aucun visuel affich√©,,12-07-2025 01:34 PM,12-07-2025 01:34 PM,5686,Simon BÈgin <67952005.bxtw>,Simon BÈgin <67952005.bxtw>
78131,Principale / McComber,H-C,Actif,Aucun visuel affich√©,,12-07-2025 01:34 PM,12-07-2025 01:34 PM,5687,Simon BÈgin <67952005.bxtw>,Simon BÈgin <67952005.bxtw>
78132,Saint-Jean-Baptiste / D'Anjou,H-C,Actif,Aucun visuel affich√©,,12-07-2025 01:34 PM,12-07-2025 01:34 PM,5688,Simon BÈgin <67952005.bxtw>,Simon BÈgin <67952005.bxtw>
78137,Saint-Jean-Baptiste / D'Anjou,H-C,Actif,Aucun visuel affich√©,,12-07-2025 01:34 PM,12-07-2025 01:34 PM,5689,Simon BÈgin <67952005.bxtw>,Simon BÈgin <67952005.bxtw>
78138,D'Anjou / Yvon,H-C,Actif,Aucun visuel affich√©,,12-07-2025 01:34 PM,12-07-2025 01:34 PM,5690,Simon BÈgin <67952005.bxtw>,Simon BÈgin <67952005.bxtw>
78139,Salaberry Nord / Ashmore,H-C,Actif,Aucun visuel affich√©,,12-07-2025 01:34 PM,12-07-2025 01:34 PM,5691,Simon BÈgin <67952005.bxtw>,Simon BÈgin <67952005.bxtw>
78140,Salaberry Nord / Ashmore,H-C,Actif,Aucun visuel affich√©,,12-07-2025 01:34 PM,12-07-2025 01:34 PM,5692,Simon BÈgin <67952005.bxtw>,Simon BÈgin <67952005.bxtw>
78141,Saint-Francis / Elm,H-C,Actif,Aucun visuel affich√©,,12-07-2025 01:34 PM,12-07-2025 01:34 PM,5693,Simon BÈgin <67952005.bxtw>,Simon BÈgin <67952005.bxtw>
78142,Saint-Francis / Elm,H-C,Actif,Aucun visuel affich√©,,12-07-2025 01:34 PM,12-07-2025 01:34 PM,5694,Simon BÈgin <67952005.bxtw>,Simon BÈgin <67952005.bxtw>
78143,Salaberry Nord / Dubuc,H-C,Actif,Aucun visuel affich√©,,12-07-2025 01:34 PM,12-07-2025 01:34 PM,5695,Simon BÈgin <67952005.bxtw>,Simon BÈgin <67952005.bxtw>
78144,Principale / Deguire,H-C,Actif,Aucun visuel affich√©,,12-07-2025 01:34 PM,12-07-2025 01:34 PM,5696,Simon BÈgin <67952005.bxtw>,Simon BÈgin <67952005.bxtw>
78145,Principale / Deguire,H-C,Actif,Aucun visuel affich√©,,12-07-2025 01:34 PM,12-07-2025 01:34 PM,5697,Simon BÈgin <67952005.bxtw>,Simon BÈgin <67952005.bxtw>
78146,du Canal / Masta√Ø-Brault,H-C,Actif,Aucun visuel affich√©,,12-07-2025 01:34 PM,12-07-2025 01:34 PM,5698,Simon BÈgin <67952005.bxtw>,Simon BÈgin <67952005.bxtw>
78147,de Champlain / Dub√©,H-C,Actif,Aucun visuel affich√©,,12-07-2025 01:34 PM,12-07-2025 01:34 PM,5699,Simon BÈgin <67952005.bxtw>,Simon BÈgin <67952005.bxtw>
78148,Brisebois / Centre Multisport (Walmart),H-C,Actif,Aucun visuel affich√©,,12-07-2025 01:34 PM,12-07-2025 01:34 PM,5700,Simon BÈgin <67952005.bxtw>,Simon BÈgin <67952005.bxtw>
78149,de Champlain / Monette,H-C,Actif,Aucun visuel affich√©,,12-07-2025 01:34 PM,12-07-2025 01:34 PM,5701,Simon BÈgin <67952005.bxtw>,Simon BÈgin <67952005.bxtw>
78150,Rameau / devant le 220,H-C,Actif,Aucun visuel affich√©,,12-07-2025 01:34 PM,12-07-2025 01:34 PM,5702,Simon BÈgin <67952005.bxtw>,Simon BÈgin <67952005.bxtw>
78151,Rameau / devant le 203,H-C,Actif,Aucun visuel affich√©,,12-07-2025 01:34 PM,12-07-2025 01:34 PM,5703,Simon BÈgin <67952005.bxtw>,Simon BÈgin <67952005.bxtw>
78152,Marcel / Fresnel,H-C,Actif,Aucun visuel affich√©,,12-07-2025 01:34 PM,12-07-2025 01:34 PM,5704,Simon BÈgin <67952005.bxtw>,Simon BÈgin <67952005.bxtw>
78153,Sutterlin / devant le 158,H-C,Actif,Aucun visuel affich√©,,12-07-2025 01:34 PM,12-07-2025 01:34 PM,5705,Simon BÈgin <67952005.bxtw>,Simon BÈgin <67952005.bxtw>
78154,Sutterlin / devant le 153,H-C,Actif,Aucun visuel affich√©,,12-07-2025 01:34 PM,12-07-2025 01:34 PM,5706,Simon BÈgin <67952005.bxtw>,Simon BÈgin <67952005.bxtw>
78155,D'Anjou / de la Verdure,H-C,Actif,Aucun visuel affich√©,,12-07-2025 01:34 PM,12-07-2025 01:34 PM,5707,Simon BÈgin <67952005.bxtw>,Simon BÈgin <67952005.bxtw>
78156,de la Verdure / Salaberry Sud,H-C,Actif,Aucun visuel affich√©,,12-07-2025 01:34 PM,12-07-2025 01:34 PM,5708,Simon BÈgin <67952005.bxtw>,Simon BÈgin <67952005.bxtw>
78157,D'Anjou / de la Verdure,H-C,Actif,Aucun visuel affich√©,,12-07-2025 01:34 PM,12-07-2025 01:34 PM,5709,Simon BÈgin <67952005.bxtw>,Simon BÈgin <67952005.bxtw>
78158,D'Anjou / Parent,H-C,Actif,Aucun visuel affich√©,,12-07-2025 01:34 PM,12-07-2025 01:34 PM,5710,Simon BÈgin <67952005.bxtw>,Simon BÈgin <67952005.bxtw>
78159,Deguire / Principale,H-C,Actif,Aucun visuel affich√©,,12-07-2025 01:34 PM,12-07-2025 01:34 PM,5711,Simon BÈgin <67952005.bxtw>,Simon BÈgin <67952005.bxtw>
78160,D'Anjou / devant le 288,H-C,Actif,Aucun visuel affich√©,,12-07-2025 01:34 PM,12-07-2025 01:34 PM,5712,Simon BÈgin <67952005.bxtw>,Simon BÈgin <67952005.bxtw>
78161,de la Verdure / Claude-Pitre (CLSC Ch√¢teauguay),H-C,Actif,Aucun visuel affich√©,,12-07-2025 01:34 PM,12-07-2025 01:34 PM,5713,Simon BÈgin <67952005.bxtw>,Simon BÈgin <67952005.bxtw>
78162,Principale / Wilbrod,H-C,Actif,Aucun visuel affich√©,,12-07-2025 01:34 PM,12-07-2025 01:34 PM,5714,Simon BÈgin <67952005.bxtw>,Simon BÈgin <67952005.bxtw>
78163,Bernard / D'Youville,H-C,Actif,Aucun visuel affich√©,,12-07-2025 01:34 PM,12-07-2025 01:34 PM,5715,Simon BÈgin <67952005.bxtw>,Simon BÈgin <67952005.bxtw>
78164,Robert Ouest / Orchard,H-C,Actif,Aucun visuel affich√©,,12-07-2025 01:34 PM,12-07-2025 01:34 PM,5716,Simon BÈgin <67952005.bxtw>,Simon BÈgin <67952005.bxtw>
78165,Robert Ouest / Orchard,H-C,Actif,Aucun visuel affich√©,,12-07-2025 01:34 PM,12-07-2025 01:34 PM,5717,Simon BÈgin <67952005.bxtw>,Simon BÈgin <67952005.bxtw>
78166,Limite municipale Ch√¢teauguay / Sainte-Martine,H-C,Actif,Aucun visuel affich√©,,12-07-2025 01:34 PM,12-07-2025 01:34 PM,5718,Simon BÈgin <67952005.bxtw>,Simon BÈgin <67952005.bxtw>
78168,Terminus Ch√¢teauguay - Quai 1,H-C,Actif,Aucun visuel affich√©,,12-07-2025 01:34 PM,12-07-2025 01:34 PM,5719,Simon BÈgin <67952005.bxtw>,Simon BÈgin <67952005.bxtw>
78169,Saint-Joseph / Saint-Eug√®ne,H-C,Actif,Aucun visuel affich√©,,12-07-2025 01:34 PM,12-07-2025 01:34 PM,5720,Simon BÈgin <67952005.bxtw>,Simon BÈgin <67952005.bxtw>
78170,Saint-Joseph / Saint-Eug√®ne,H-C,Actif,Aucun visuel affich√©,,12-07-2025 01:34 PM,12-07-2025 01:34 PM,5721,Simon BÈgin <67952005.bxtw>,Simon BÈgin <67952005.bxtw>
78171,D'Anjou / Saint-Joseph,H-C,Actif,Aucun visuel affich√©,,12-07-2025 01:34 PM,12-07-2025 01:34 PM,5722,Simon BÈgin <67952005.bxtw>,Simon BÈgin <67952005.bxtw>
78172,D'Anjou / Salaberry Sud,H-C,Actif,Aucun visuel affich√©,,12-07-2025 01:34 PM,12-07-2025 01:34 PM,5723,Simon BÈgin <67952005.bxtw>,Simon BÈgin <67952005.bxtw>
78173,D'Anjou / Thibert,H-C,Actif,Aucun visuel affich√©,,12-07-2025 01:34 PM,12-07-2025 01:34 PM,5724,Simon BÈgin <67952005.bxtw>,Simon BÈgin <67952005.bxtw>
78174,D'Anjou / Vanier,H-C,Actif,Aucun visuel affich√©,,12-07-2025 01:34 PM,12-07-2025 01:34 PM,5725,Simon BÈgin <67952005.bxtw>,Simon BÈgin <67952005.bxtw>
78175,Vanier / Reid,H-C,Actif,Aucun visuel affich√©,,12-07-2025 01:34 PM,12-07-2025 01:34 PM,5726,Simon BÈgin <67952005.bxtw>,Simon BÈgin <67952005.bxtw>
78176,D'Anjou / Vanier,H-C,Actif,Aucun visuel affich√©,,12-07-2025 01:34 PM,12-07-2025 01:34 PM,5727,Simon BÈgin <67952005.bxtw>,Simon BÈgin <67952005.bxtw>
78177,D'Anjou / Bell,H-C,Actif,Aucun visuel affich√©,,12-07-2025 01:34 PM,12-07-2025 01:34 PM,5728,Simon BÈgin <67952005.bxtw>,Simon BÈgin <67952005.bxtw>
78178,D'Anjou / Bell,H-C,Actif,Aucun visuel affich√©,,12-07-2025 01:34 PM,12-07-2025 01:34 PM,5729,Simon BÈgin <67952005.bxtw>,Simon BÈgin <67952005.bxtw>
78179,Saint-Jean-Baptiste / Marcel,H-C,Actif,Aucun visuel affich√©,,12-07-2025 01:34 PM,12-07-2025 01:34 PM,5730,Simon BÈgin <67952005.bxtw>,Simon BÈgin <67952005.bxtw>
78180,Saint-Jean-Baptiste / Dunver,H-C,Actif,Aucun visuel affich√©,,12-07-2025 01:34 PM,12-07-2025 01:34 PM,5731,Simon BÈgin <67952005.bxtw>,Simon BÈgin <67952005.bxtw>
78181,Saint-Francis / Maple,H-C,Actif,Aucun visuel affich√©,,12-07-2025 01:34 PM,12-07-2025 01:34 PM,5732,Simon BÈgin <67952005.bxtw>,Simon BÈgin <67952005.bxtw>
78182,Maple / Saint-Francis,H-C,Actif,Aucun visuel affich√©,,12-07-2025 01:34 PM,12-07-2025 01:34 PM,5733,Simon BÈgin <67952005.bxtw>,Simon BÈgin <67952005.bxtw>
78183,Saint-Francis / Maple,H-C,Actif,Aucun visuel affich√©,,12-07-2025 01:34 PM,12-07-2025 01:34 PM,5734,Simon BÈgin <67952005.bxtw>,Simon BÈgin <67952005.bxtw>
78184,Principale / D'Youville,H-C,Actif,Aucun visuel affich√©,,12-07-2025 01:34 PM,12-07-2025 01:34 PM,5735,Simon BÈgin <67952005.bxtw>,Simon BÈgin <67952005.bxtw>
78185,D'Youville / Roy,H-C,Actif,Aucun visuel affich√©,,12-07-2025 01:34 PM,12-07-2025 01:34 PM,5736,Simon BÈgin <67952005.bxtw>,Simon BÈgin <67952005.bxtw>
78186,D'Youville / Taylor,H-C,Actif,Aucun visuel affich√©,,12-07-2025 01:34 PM,12-07-2025 01:34 PM,5737,Simon BÈgin <67952005.bxtw>,Simon BÈgin <67952005.bxtw>
78189,Salaberry Nord / Saint-Francis,H-C,Actif,Aucun visuel affich√©,,12-07-2025 01:34 PM,12-07-2025 01:34 PM,5738,Simon BÈgin <67952005.bxtw>,Simon BÈgin <67952005.bxtw>
78190,Saint-Francis / Salaberry Nord,H-C,Actif,Aucun visuel affich√©,,12-07-2025 01:34 PM,12-07-2025 01:34 PM,5739,Simon BÈgin <67952005.bxtw>,Simon BÈgin <67952005.bxtw>
78191,Salaberry Nord / Saint-Francis,H-C,Actif,Aucun visuel affich√©,,12-07-2025 01:34 PM,12-07-2025 01:34 PM,5740,Simon BÈgin <67952005.bxtw>,Simon BÈgin <67952005.bxtw>
78193,Notre-Dame Nord / Taylor,H-C,Actif,Aucun visuel affich√©,,12-07-2025 01:34 PM,12-07-2025 01:34 PM,5741,Simon BÈgin <67952005.bxtw>,Simon BÈgin <67952005.bxtw>
78194,Notre-Dame Nord / Jeanne-d'Arc,H-C,Actif,Aucun visuel affich√©,,12-07-2025 01:34 PM,12-07-2025 01:34 PM,5742,Simon BÈgin <67952005.bxtw>,Simon BÈgin <67952005.bxtw>
78195,Limite municipale L√©ry,H-C,Actif,Aucun visuel affich√©,,12-07-2025 01:34 PM,12-07-2025 01:34 PM,5743,Simon BÈgin <67952005.bxtw>,Simon BÈgin <67952005.bxtw>
78196,Limite municipale L√©ry,H-C,Actif,Aucun visuel affich√©,,12-07-2025 01:34 PM,12-07-2025 01:34 PM,5744,Simon BÈgin <67952005.bxtw>,Simon BÈgin <67952005.bxtw>
78197,Letendre / Gouin,H-C,Actif,Aucun visuel affich√©,,12-07-2025 01:34 PM,12-07-2025 01:34 PM,5745,Simon BÈgin <67952005.bxtw>,Simon BÈgin <67952005.bxtw>
78198,Deguire / Letendre,H-C,Actif,Aucun visuel affich√©,,12-07-2025 01:34 PM,12-07-2025 01:34 PM,5746,Simon BÈgin <67952005.bxtw>,Simon BÈgin <67952005.bxtw>
78199,Deguire / Letendre,H-C,Actif,Aucun visuel affich√©,,12-07-2025 01:34 PM,12-07-2025 01:34 PM,5747,Simon BÈgin <67952005.bxtw>,Simon BÈgin <67952005.bxtw>
78201,Deguire / Colpron,H-C,Actif,Aucun visuel affich√©,,12-07-2025 01:34 PM,12-07-2025 01:34 PM,5748,Simon BÈgin <67952005.bxtw>,Simon BÈgin <67952005.bxtw>
78202,Maple / McLeod,H-C,Actif,Aucun visuel affich√©,,12-07-2025 01:34 PM,12-07-2025 01:34 PM,5749,Simon BÈgin <67952005.bxtw>,Simon BÈgin <67952005.bxtw>
78203,McLeod / Maple,H-C,Actif,Aucun visuel affich√©,,12-07-2025 01:34 PM,12-07-2025 01:34 PM,5750,Simon BÈgin <67952005.bxtw>,Simon BÈgin <67952005.bxtw>
78204,Maple / McLeod,H-C,Actif,Aucun visuel affich√©,,12-07-2025 01:34 PM,12-07-2025 01:34 PM,5751,Simon BÈgin <67952005.bxtw>,Simon BÈgin <67952005.bxtw>
78205,Maple / Watt,H-C,Actif,Aucun visuel affich√©,,12-07-2025 01:34 PM,12-07-2025 01:34 PM,5752,Simon BÈgin <67952005.bxtw>,Simon BÈgin <67952005.bxtw>
78206,Maple / Watt,H-C,Actif,Aucun visuel affich√©,,12-07-2025 01:34 PM,12-07-2025 01:34 PM,5753,Simon BÈgin <67952005.bxtw>,Simon BÈgin <67952005.bxtw>
78207,Maple / Gilmour,H-C,Actif,Aucun visuel affich√©,,12-07-2025 01:34 PM,12-07-2025 01:34 PM,5754,Simon BÈgin <67952005.bxtw>,Simon BÈgin <67952005.bxtw>
78208,Maple / Gilmour,H-C,Actif,Aucun visuel affich√©,,12-07-2025 01:34 PM,12-07-2025 01:34 PM,5755,Simon BÈgin <67952005.bxtw>,Simon BÈgin <67952005.bxtw>
78209,Gilmour / Maple,H-C,Actif,Aucun visuel affich√©,,12-07-2025 01:34 PM,12-07-2025 01:34 PM,5756,Simon BÈgin <67952005.bxtw>,Simon BÈgin <67952005.bxtw>
78210,Maple / Gordon,H-C,Actif,Aucun visuel affich√©,,12-07-2025 01:34 PM,12-07-2025 01:34 PM,5757,Simon BÈgin <67952005.bxtw>,Simon BÈgin <67952005.bxtw>
78211,Gordon / Maple,H-C,Actif,Aucun visuel affich√©,,12-07-2025 01:34 PM,12-07-2025 01:34 PM,5758,Simon BÈgin <67952005.bxtw>,Simon BÈgin <67952005.bxtw>
78212,Robert Ouest / du Christ-Roi,H-C,Actif,Aucun visuel affich√©,,12-07-2025 01:34 PM,12-07-2025 01:34 PM,5759,Simon BÈgin <67952005.bxtw>,Simon BÈgin <67952005.bxtw>
78213,Robert Ouest / du Christ-Roi,H-C,Actif,Aucun visuel affich√©,,12-07-2025 01:34 PM,12-07-2025 01:34 PM,5760,Simon BÈgin <67952005.bxtw>,Simon BÈgin <67952005.bxtw>
78214,Principale / Bourdon,H-C,Actif,Aucun visuel affich√©,,12-07-2025 01:34 PM,12-07-2025 01:34 PM,5761,Simon BÈgin <67952005.bxtw>,Simon BÈgin <67952005.bxtw>
78215,Principale / Bourdon,H-C,Actif,Aucun visuel affich√©,,12-07-2025 01:34 PM,12-07-2025 01:34 PM,5762,Simon BÈgin <67952005.bxtw>,Simon BÈgin <67952005.bxtw>
78216,Bourdon / Principale,H-C,Actif,Aucun visuel affich√©,,12-07-2025 01:34 PM,12-07-2025 01:34 PM,5763,Simon BÈgin <67952005.bxtw>,Simon BÈgin <67952005.bxtw>
78217,Bourdon / Principale,H-C,Actif,Aucun visuel affich√©,,12-07-2025 01:34 PM,12-07-2025 01:34 PM,5764,Simon BÈgin <67952005.bxtw>,Simon BÈgin <67952005.bxtw>
78218,Jeanne-d'Arc / Edmour-Daoust,H-C,Actif,Aucun visuel affich√©,,12-07-2025 01:34 PM,12-07-2025 01:34 PM,5765,Simon BÈgin <67952005.bxtw>,Simon BÈgin <67952005.bxtw>
78221,Salaberry Nord / Dubuc,H-C,Actif,Aucun visuel affich√©,,12-07-2025 01:34 PM,12-07-2025 01:34 PM,5766,Simon BÈgin <67952005.bxtw>,Simon BÈgin <67952005.bxtw>
78223,Higgins / Salaberry Nord,H-C,Actif,Aucun visuel affich√©,,12-07-2025 01:34 PM,12-07-2025 01:34 PM,5767,Simon BÈgin <67952005.bxtw>,Simon BÈgin <67952005.bxtw>
78224,Salaberry Nord / L√©tourneau,H-C,Actif,Aucun visuel affich√©,,12-07-2025 01:34 PM,12-07-2025 01:34 PM,5768,Simon BÈgin <67952005.bxtw>,Simon BÈgin <67952005.bxtw>
78225,Salaberry Nord / L√©tourneau,H-C,Actif,Aucun visuel affich√©,,12-07-2025 01:34 PM,12-07-2025 01:34 PM,5769,Simon BÈgin <67952005.bxtw>,Simon BÈgin <67952005.bxtw>
78226,Salaberry Nord / Jack,H-C,Actif,Aucun visuel affich√©,,12-07-2025 01:34 PM,12-07-2025 01:34 PM,5770,Simon BÈgin <67952005.bxtw>,Simon BÈgin <67952005.bxtw>
78227,Salaberry Nord / Jack,H-C,Actif,Aucun visuel affich√©,,12-07-2025 01:34 PM,12-07-2025 01:34 PM,5771,Simon BÈgin <67952005.bxtw>,Simon BÈgin <67952005.bxtw>
78228,Salaberry Nord / Dupont Ouest,H-C,Actif,Aucun visuel affich√©,,12-07-2025 01:34 PM,12-07-2025 01:34 PM,5772,Simon BÈgin <67952005.bxtw>,Simon BÈgin <67952005.bxtw>
78229,Salaberry Nord / Dupont Ouest,H-C,Actif,Aucun visuel affich√©,,12-07-2025 01:34 PM,12-07-2025 01:34 PM,5773,Simon BÈgin <67952005.bxtw>,Simon BÈgin <67952005.bxtw>
78230,Salaberry Nord / Gilmour,H-C,Actif,Aucun visuel affich√©,,12-07-2025 01:34 PM,12-07-2025 01:34 PM,5774,Simon BÈgin <67952005.bxtw>,Simon BÈgin <67952005.bxtw>
78231,Gilmour / Salaberry Nord,H-C,Actif,Aucun visuel affich√©,,12-07-2025 01:34 PM,12-07-2025 01:34 PM,5775,Simon BÈgin <67952005.bxtw>,Simon BÈgin <67952005.bxtw>
78232,Sutterlin / Bourdon,H-C,Actif,Aucun visuel affich√©,,12-07-2025 01:34 PM,12-07-2025 01:34 PM,5776,Simon BÈgin <67952005.bxtw>,Simon BÈgin <67952005.bxtw>
78233,Bourdon / Sutterlin,H-C,Actif,Aucun visuel affich√©,,12-07-2025 01:34 PM,12-07-2025 01:34 PM,5777,Simon BÈgin <67952005.bxtw>,Simon BÈgin <67952005.bxtw>
78234,Notre-Dame Nord / Edmour,H-C,Actif,Aucun visuel affich√©,,12-07-2025 01:34 PM,12-07-2025 01:34 PM,5778,Simon BÈgin <67952005.bxtw>,Simon BÈgin <67952005.bxtw>
78235,Edmour / Vinet Ouest,H-C,Actif,Aucun visuel affich√©,,12-07-2025 01:34 PM,12-07-2025 01:34 PM,5779,Simon BÈgin <67952005.bxtw>,Simon BÈgin <67952005.bxtw>
78236,Macdonald / Viateur-Cardinal,H-C,Actif,Aucun visuel affich√©,,12-07-2025 01:34 PM,12-07-2025 01:34 PM,5780,Simon BÈgin <67952005.bxtw>,Simon BÈgin <67952005.bxtw>
78237,D'Youville / Duranceau,H-C,Actif,Aucun visuel affich√©,,12-07-2025 01:34 PM,12-07-2025 01:34 PM,5781,Simon BÈgin <67952005.bxtw>,Simon BÈgin <67952005.bxtw>
78239,Brault / D'Youville,H-C,Actif,Aucun visuel affich√©,,12-07-2025 01:34 PM,12-07-2025 01:34 PM,5782,Simon BÈgin <67952005.bxtw>,Simon BÈgin <67952005.bxtw>
78242,D'Youville / Tougas,H-C,Actif,Aucun visuel affich√©,,12-07-2025 01:34 PM,12-07-2025 01:34 PM,5783,Simon BÈgin <67952005.bxtw>,Simon BÈgin <67952005.bxtw>
78243,Bourdon / Sutterlin,H-C,Actif,Aucun visuel affich√©,,12-07-2025 01:34 PM,12-07-2025 01:34 PM,5784,Simon BÈgin <67952005.bxtw>,Simon BÈgin <67952005.bxtw>
78245,Brisebois / face au Centre Hospitalier A-Laberge,H-C,Actif,Aucun visuel affich√©,,12-07-2025 01:34 PM,12-07-2025 01:34 PM,5785,Simon BÈgin <67952005.bxtw>,Simon BÈgin <67952005.bxtw>
78246,D'Youville / Girouard,H-C,Actif,Aucun visuel affich√©,,12-07-2025 01:34 PM,12-07-2025 01:34 PM,5786,Simon BÈgin <67952005.bxtw>,Simon BÈgin <67952005.bxtw>
78247,Letendre / Girouard,H-C,Actif,Aucun visuel affich√©,,12-07-2025 01:34 PM,12-07-2025 01:34 PM,5787,Simon BÈgin <67952005.bxtw>,Simon BÈgin <67952005.bxtw>
78248,Deguire / de Carignan,H-C,Actif,Aucun visuel affich√©,,12-07-2025 01:34 PM,12-07-2025 01:34 PM,5788,Simon BÈgin <67952005.bxtw>,Simon BÈgin <67952005.bxtw>
78249,Deguire / Barrette,H-C,Actif,Aucun visuel affich√©,,12-07-2025 01:34 PM,12-07-2025 01:34 PM,5789,Simon BÈgin <67952005.bxtw>,Simon BÈgin <67952005.bxtw>
78250,Deguire / Barrette,H-C,Actif,Aucun visuel affich√©,,12-07-2025 01:34 PM,12-07-2025 01:34 PM,5790,Simon BÈgin <67952005.bxtw>,Simon BÈgin <67952005.bxtw>
78252,Salaberry Nord / Beauchamp,H-C,Actif,Aucun visuel affich√©,,12-07-2025 01:34 PM,12-07-2025 01:34 PM,5791,Simon BÈgin <67952005.bxtw>,Simon BÈgin <67952005.bxtw>
78253,Salaberry Nord / Lang,H-C,Actif,Aucun visuel affich√©,,12-07-2025 01:34 PM,12-07-2025 01:34 PM,5792,Simon BÈgin <67952005.bxtw>,Simon BÈgin <67952005.bxtw>
78254,Primeau / Ren√©-L√©vesque,H-C,Actif,Aucun visuel affich√©,,12-07-2025 01:34 PM,12-07-2025 01:34 PM,5793,Simon BÈgin <67952005.bxtw>,Simon BÈgin <67952005.bxtw>
78255,Salaberry Nord / Watt,H-C,Actif,Aucun visuel affich√©,,12-07-2025 01:34 PM,12-07-2025 01:34 PM,5794,Simon BÈgin <67952005.bxtw>,Simon BÈgin <67952005.bxtw>
78256,Salaberry Nord / Watt,H-C,Actif,Aucun visuel affich√©,,12-07-2025 01:34 PM,12-07-2025 01:34 PM,5795,Simon BÈgin <67952005.bxtw>,Simon BÈgin <67952005.bxtw>
78257,Gilmour / Church,H-C,Actif,Aucun visuel affich√©,,12-07-2025 01:34 PM,12-07-2025 01:34 PM,5796,Simon BÈgin <67952005.bxtw>,Simon BÈgin <67952005.bxtw>
78258,Gilmour / Church,H-C,Actif,Aucun visuel affich√©,,12-07-2025 01:34 PM,12-07-2025 01:34 PM,5797,Simon BÈgin <67952005.bxtw>,Simon BÈgin <67952005.bxtw>
78259,Gilmour / Mountain,H-C,Actif,Aucun visuel affich√©,,12-07-2025 01:34 PM,12-07-2025 01:34 PM,5798,Simon BÈgin <67952005.bxtw>,Simon BÈgin <67952005.bxtw>
78260,Maple / Newton,H-C,Actif,Aucun visuel affich√©,,12-07-2025 01:34 PM,12-07-2025 01:34 PM,5799,Simon BÈgin <67952005.bxtw>,Simon BÈgin <67952005.bxtw>
78261,Maple / Newton,H-C,Actif,Aucun visuel affich√©,,12-07-2025 01:34 PM,12-07-2025 01:34 PM,5800,Simon BÈgin <67952005.bxtw>,Simon BÈgin <67952005.bxtw>
78262,Maple / de Lucerne,H-C,Actif,Aucun visuel affich√©,,12-07-2025 01:34 PM,12-07-2025 01:34 PM,5801,Simon BÈgin <67952005.bxtw>,Simon BÈgin <67952005.bxtw>
78263,Maple / de Lucerne,H-C,Actif,Aucun visuel affich√©,,12-07-2025 01:34 PM,12-07-2025 01:34 PM,5802,Simon BÈgin <67952005.bxtw>,Simon BÈgin <67952005.bxtw>
78264,Saint-Francis / des Tulipes,H-C,Actif,Aucun visuel affich√©,,12-07-2025 01:34 PM,12-07-2025 01:34 PM,5803,Simon BÈgin <67952005.bxtw>,Simon BÈgin <67952005.bxtw>
78265,Saint-Francis / des Tulipes,H-C,Actif,Aucun visuel affich√©,,12-07-2025 01:34 PM,12-07-2025 01:34 PM,5804,Simon BÈgin <67952005.bxtw>,Simon BÈgin <67952005.bxtw>
78266,Saint-Francis / Vanier,H-C,Actif,Aucun visuel affich√©,,12-07-2025 01:34 PM,12-07-2025 01:34 PM,5805,Simon BÈgin <67952005.bxtw>,Simon BÈgin <67952005.bxtw>
78267,Saint-Francis / Vanier,H-C,Actif,Aucun visuel affich√©,,12-07-2025 01:34 PM,12-07-2025 01:34 PM,5806,Simon BÈgin <67952005.bxtw>,Simon BÈgin <67952005.bxtw>
78268,Vanier / Vincent,H-C,Actif,Aucun visuel affich√©,,12-07-2025 01:34 PM,12-07-2025 01:34 PM,5807,Simon BÈgin <67952005.bxtw>,Simon BÈgin <67952005.bxtw>
78269,Primeau / Paul-VI,H-C,Actif,Aucun visuel affich√©,,12-07-2025 01:34 PM,12-07-2025 01:34 PM,5808,Simon BÈgin <67952005.bxtw>,Simon BÈgin <67952005.bxtw>
78270,Primeau / Paul-VI,H-C,Actif,Aucun visuel affich√©,,12-07-2025 01:34 PM,12-07-2025 01:34 PM,5809,Simon BÈgin <67952005.bxtw>,Simon BÈgin <67952005.bxtw>
78271,Marc-Laplante Ouest / des Sittelles,H-C,Actif,Aucun visuel affich√©,,12-07-2025 01:34 PM,12-07-2025 01:34 PM,5810,Simon BÈgin <67952005.bxtw>,Simon BÈgin <67952005.bxtw>
78272,Marc-Laplante Ouest / des M√©sanges,H-C,Actif,Aucun visuel affich√©,,12-07-2025 01:34 PM,12-07-2025 01:34 PM,5811,Simon BÈgin <67952005.bxtw>,Simon BÈgin <67952005.bxtw>
78273,Marc-Laplante Ouest / des Sittelles,H-C,Actif,Aucun visuel affich√©,,12-07-2025 01:34 PM,12-07-2025 01:34 PM,5812,Simon BÈgin <67952005.bxtw>,Simon BÈgin <67952005.bxtw>
78274,Route 138 / Route 207,H-C,Actif,Aucun visuel affich√©,,12-07-2025 01:34 PM,12-07-2025 01:34 PM,5813,Simon BÈgin <67952005.bxtw>,Simon BÈgin <67952005.bxtw>
78275,Route 138 / face au 1025,H-C,Actif,Aucun visuel affich√©,,12-07-2025 01:34 PM,12-07-2025 01:34 PM,5814,Simon BÈgin <67952005.bxtw>,Simon BÈgin <67952005.bxtw>
78276,de Champlain / Dub√©,H-C,Actif,Aucun visuel affich√©,,12-07-2025 01:34 PM,12-07-2025 01:34 PM,5815,Simon BÈgin <67952005.bxtw>,Simon BÈgin <67952005.bxtw>
78277,de Champlain / Damas,H-C,Actif,Aucun visuel affich√©,,12-07-2025 01:34 PM,12-07-2025 01:34 PM,5816,Simon BÈgin <67952005.bxtw>,Simon BÈgin <67952005.bxtw>
78278,de Champlain / Paul-Hall√©,H-C,Actif,Aucun visuel affich√©,,12-07-2025 01:34 PM,12-07-2025 01:34 PM,5817,Simon BÈgin <67952005.bxtw>,Simon BÈgin <67952005.bxtw>
78279,de Champlain / Monette,H-C,Actif,Aucun visuel affich√©,,12-07-2025 01:34 PM,12-07-2025 01:34 PM,5818,Simon BÈgin <67952005.bxtw>,Simon BÈgin <67952005.bxtw>
78280,de Champlain / Dub√©,H-C,Actif,Aucun visuel affich√©,,12-07-2025 01:34 PM,12-07-2025 01:34 PM,5819,Simon BÈgin <67952005.bxtw>,Simon BÈgin <67952005.bxtw>
78281,de Champlain / Salaberry Sud,H-C,Actif,Aucun visuel affich√©,,12-07-2025 01:34 PM,12-07-2025 01:34 PM,5820,Simon BÈgin <67952005.bxtw>,Simon BÈgin <67952005.bxtw>
78282,de L√©ry / face au civique 1018,H-C,Actif,Aucun visuel affich√©,,12-07-2025 01:34 PM,12-07-2025 01:34 PM,5821,Simon BÈgin <67952005.bxtw>,Simon BÈgin <67952005.bxtw>
78283,de L√©ry / de la Gare,H-C,Actif,Aucun visuel affich√©,,12-07-2025 01:34 PM,12-07-2025 01:34 PM,5822,Simon BÈgin <67952005.bxtw>,Simon BÈgin <67952005.bxtw>
78284,de L√©ry / de la Gare,H-C,Actif,Aucun visuel affich√©,,12-07-2025 01:34 PM,12-07-2025 01:34 PM,5823,Simon BÈgin <67952005.bxtw>,Simon BÈgin <67952005.bxtw>
78285,de L√©ry / Ren√©-L√©vesque,H-C,Actif,Aucun visuel affich√©,,12-07-2025 01:34 PM,12-07-2025 01:34 PM,5824,Simon BÈgin <67952005.bxtw>,Simon BÈgin <67952005.bxtw>
78286,Marc-Laplante Est / de l'√âpervier,H-C,Actif,Aucun visuel affich√©,,12-07-2025 01:34 PM,12-07-2025 01:34 PM,5825,Simon BÈgin <67952005.bxtw>,Simon BÈgin <67952005.bxtw>
78287,Marc-Laplante Est / Lajoie,H-C,Actif,Aucun visuel affich√©,,12-07-2025 01:34 PM,12-07-2025 01:34 PM,5826,Simon BÈgin <67952005.bxtw>,Simon BÈgin <67952005.bxtw>
78289,de Maple Grove / face au civique 2,H-C,Actif,Aucun visuel affich√©,,12-07-2025 01:34 PM,12-07-2025 01:34 PM,5827,Simon BÈgin <67952005.bxtw>,Simon BÈgin <67952005.bxtw>
78290,de Maple Grove / devant le civique 2,H-C,Actif,Aucun visuel affich√©,,12-07-2025 01:34 PM,12-07-2025 01:34 PM,5828,Simon BÈgin <67952005.bxtw>,Simon BÈgin <67952005.bxtw>
78291,de L√©ry / Paul,H-C,Actif,Aucun visuel affich√©,,12-07-2025 01:34 PM,12-07-2025 01:34 PM,5829,Simon BÈgin <67952005.bxtw>,Simon BÈgin <67952005.bxtw>
78292,de L√©ry / Paul,H-C,Actif,Aucun visuel affich√©,,12-07-2025 01:34 PM,12-07-2025 01:34 PM,5830,Simon BÈgin <67952005.bxtw>,Simon BÈgin <67952005.bxtw>
78294,de L√©ry / devant le civique 1355,H-C,Actif,Aucun visuel affich√©,,12-07-2025 01:34 PM,12-07-2025 01:34 PM,5831,Simon BÈgin <67952005.bxtw>,Simon BÈgin <67952005.bxtw>
78295,de L√©ry / de l'H√¥tel-de-Ville,H-C,Actif,Aucun visuel affich√©,,12-07-2025 01:34 PM,12-07-2025 01:34 PM,5832,Simon BÈgin <67952005.bxtw>,Simon BÈgin <67952005.bxtw>
78296,de L√©ry / de l'H√¥tel-de-Ville,H-C,Actif,Aucun visuel affich√©,,12-07-2025 01:34 PM,12-07-2025 01:34 PM,5833,Simon BÈgin <67952005.bxtw>,Simon BÈgin <67952005.bxtw>
78297,de L√©ry / du Golf,H-C,Actif,Aucun visuel affich√©,,12-07-2025 01:34 PM,12-07-2025 01:34 PM,5834,Simon BÈgin <67952005.bxtw>,Simon BÈgin <67952005.bxtw>
78298,de L√©ry / du Golf,H-C,Actif,Aucun visuel affich√©,,12-07-2025 01:34 PM,12-07-2025 01:34 PM,5835,Simon BÈgin <67952005.bxtw>,Simon BÈgin <67952005.bxtw>
78299,de L√©ry / devant le civique 1018,H-C,Actif,Aucun visuel affich√©,,12-07-2025 01:34 PM,12-07-2025 01:34 PM,5836,Simon BÈgin <67952005.bxtw>,Simon BÈgin <67952005.bxtw>
78300,de L√©ry / face au civique 747,H-C,Actif,Aucun visuel affich√©,,12-07-2025 01:34 PM,12-07-2025 01:34 PM,5837,Simon BÈgin <67952005.bxtw>,Simon BÈgin <67952005.bxtw>
78315,Newman / Lafleur,H-C,Actif,Aucun visuel affich√©,,12-07-2025 01:34 PM,12-07-2025 01:34 PM,5838,Simon BÈgin <67952005.bxtw>,Simon BÈgin <67952005.bxtw>
78317,de Melocheville / Alfred-Haineault,H-C,Actif,Aucun visuel affich√©,,12-07-2025 01:34 PM,12-07-2025 01:34 PM,5839,Simon BÈgin <67952005.bxtw>,Simon BÈgin <67952005.bxtw>
78318,de Melocheville / Sainte-Marie,H-C,Actif,Aucun visuel affich√©,,12-07-2025 01:34 PM,12-07-2025 01:34 PM,5840,Simon BÈgin <67952005.bxtw>,Simon BÈgin <67952005.bxtw>
78321,de Melocheville / devant la maison de retraite,H-C,Actif,Aucun visuel affich√©,,12-07-2025 01:34 PM,12-07-2025 01:34 PM,5841,Simon BÈgin <67952005.bxtw>,Simon BÈgin <67952005.bxtw>
78322,de Melocheville / face √† la maison de retraite,H-C,Actif,Aucun visuel affich√©,,12-07-2025 01:34 PM,12-07-2025 01:34 PM,5842,Simon BÈgin <67952005.bxtw>,Simon BÈgin <67952005.bxtw>
78323,de Melocheville / 1re Avenue,H-C,Actif,Aucun visuel affich√©,,12-07-2025 01:34 PM,12-07-2025 01:34 PM,5843,Simon BÈgin <67952005.bxtw>,Simon BÈgin <67952005.bxtw>
78324,de Melocheville / 1re Avenue,H-C,Actif,Aucun visuel affich√©,,12-07-2025 01:34 PM,12-07-2025 01:34 PM,5844,Simon BÈgin <67952005.bxtw>,Simon BÈgin <67952005.bxtw>
78325,de Melocheville / 4e Avenue,H-C,Actif,Aucun visuel affich√©,,12-07-2025 01:34 PM,12-07-2025 01:34 PM,5845,Simon BÈgin <67952005.bxtw>,Simon BÈgin <67952005.bxtw>
78326,de Melocheville / 4e Avenue,H-C,Actif,Aucun visuel affich√©,,12-07-2025 01:34 PM,12-07-2025 01:34 PM,5846,Simon BÈgin <67952005.bxtw>,Simon BÈgin <67952005.bxtw>
78327,de Melocheville / 8e Avenue,H-C,Actif,Aucun visuel affich√©,,12-07-2025 01:34 PM,12-07-2025 01:34 PM,5847,Simon BÈgin <67952005.bxtw>,Simon BÈgin <67952005.bxtw>
78328,de Melocheville / 8e Avenue,H-C,Actif,Aucun visuel affich√©,,12-07-2025 01:34 PM,12-07-2025 01:34 PM,5848,Simon BÈgin <67952005.bxtw>,Simon BÈgin <67952005.bxtw>
78329,de Melocheville / C√¥t√©,H-C,Actif,Aucun visuel affich√©,,12-07-2025 01:34 PM,12-07-2025 01:34 PM,5849,Simon BÈgin <67952005.bxtw>,Simon BÈgin <67952005.bxtw>
78330,de Melocheville / C√¥t√©,H-C,Actif,Aucun visuel affich√©,,12-07-2025 01:34 PM,12-07-2025 01:34 PM,5850,Simon BÈgin <67952005.bxtw>,Simon BÈgin <67952005.bxtw>
78331,de Melocheville / 13e Avenue,H-C,Actif,Aucun visuel affich√©,,12-07-2025 01:34 PM,12-07-2025 01:34 PM,5851,Simon BÈgin <67952005.bxtw>,Simon BÈgin <67952005.bxtw>
78332,de Melocheville / 13e Avenue,H-C,Actif,Aucun visuel affich√©,,12-07-2025 01:34 PM,12-07-2025 01:34 PM,5852,Simon BÈgin <67952005.bxtw>,Simon BÈgin <67952005.bxtw>
78333,de Melocheville / 15e Avenue,H-C,Actif,Aucun visuel affich√©,,12-07-2025 01:34 PM,12-07-2025 01:34 PM,5853,Simon BÈgin <67952005.bxtw>,Simon BÈgin <67952005.bxtw>
78334,de Melocheville / 15e Avenue,H-C,Actif,Aucun visuel affich√©,,12-07-2025 01:34 PM,12-07-2025 01:34 PM,5854,Simon BÈgin <67952005.bxtw>,Simon BÈgin <67952005.bxtw>
78335,de Melocheville / 17e Avenue,H-C,Actif,Aucun visuel affich√©,,12-07-2025 01:34 PM,12-07-2025 01:34 PM,5855,Simon BÈgin <67952005.bxtw>,Simon BÈgin <67952005.bxtw>
78336,de Melocheville / 17e Avenue,H-C,Actif,Aucun visuel affich√©,,12-07-2025 01:34 PM,12-07-2025 01:34 PM,5856,Simon BÈgin <67952005.bxtw>,Simon BÈgin <67952005.bxtw>
78337,de Melocheville / 21e Avenue,H-C,Actif,Aucun visuel affich√©,,12-07-2025 01:34 PM,12-07-2025 01:34 PM,5857,Simon BÈgin <67952005.bxtw>,Simon BÈgin <67952005.bxtw>
78338,de Melocheville / 21e Avenue,H-C,Actif,Aucun visuel affich√©,,12-07-2025 01:34 PM,12-07-2025 01:34 PM,5858,Simon BÈgin <67952005.bxtw>,Simon BÈgin <67952005.bxtw>
78339,de Maple Grove / de la Gare,H-C,Actif,Aucun visuel affich√©,,12-07-2025 01:34 PM,12-07-2025 01:34 PM,5859,Simon BÈgin <67952005.bxtw>,Simon BÈgin <67952005.bxtw>
78341,de Maple Grove / Place Dumas,H-C,Actif,Aucun visuel affich√©,,12-07-2025 01:34 PM,12-07-2025 01:34 PM,5860,Simon BÈgin <67952005.bxtw>,Simon BÈgin <67952005.bxtw>
78342,Ellice / de la Kilgour,H-C,Actif,Aucun visuel affich√©,,12-07-2025 01:34 PM,12-07-2025 01:34 PM,5861,Simon BÈgin <67952005.bxtw>,Simon BÈgin <67952005.bxtw>
78343,de Maple Grove / Saint-Armand,H-C,Actif,Aucun visuel affich√©,,12-07-2025 01:34 PM,12-07-2025 01:34 PM,5862,Simon BÈgin <67952005.bxtw>,Simon BÈgin <67952005.bxtw>
78344,de Maple Grove / Saint-Armand,H-C,Actif,Aucun visuel affich√©,,12-07-2025 01:34 PM,12-07-2025 01:34 PM,5863,Simon BÈgin <67952005.bxtw>,Simon BÈgin <67952005.bxtw>
78345,Saint-Laurent / de la Kilgour,H-C,Actif,Aucun visuel affich√©,,12-07-2025 01:34 PM,12-07-2025 01:34 PM,5864,Simon BÈgin <67952005.bxtw>,Simon BÈgin <67952005.bxtw>
78347,de Maple Grove / de l'√âglise,H-C,Actif,Aucun visuel affich√©,,12-07-2025 01:34 PM,12-07-2025 01:34 PM,5865,Simon BÈgin <67952005.bxtw>,Simon BÈgin <67952005.bxtw>
78350,de Maple Grove / Dubuc,H-C,Actif,Aucun visuel affich√©,,12-07-2025 01:34 PM,12-07-2025 01:34 PM,5866,Simon BÈgin <67952005.bxtw>,Simon BÈgin <67952005.bxtw>
78351,de Maple Grove / des C√®dres,H-C,Actif,Aucun visuel affich√©,,12-07-2025 01:34 PM,12-07-2025 01:34 PM,5867,Simon BÈgin <67952005.bxtw>,Simon BÈgin <67952005.bxtw>
78352,de Maple Grove / des C√®dres,H-C,Actif,Aucun visuel affich√©,,12-07-2025 01:34 PM,12-07-2025 01:34 PM,5868,Simon BÈgin <67952005.bxtw>,Simon BÈgin <67952005.bxtw>
78353,de Maple Grove / des Ch√™nes,H-C,Actif,Aucun visuel affich√©,,12-07-2025 01:34 PM,12-07-2025 01:34 PM,5869,Simon BÈgin <67952005.bxtw>,Simon BÈgin <67952005.bxtw>
78354,de Maple Grove / des Ch√™nes,H-C,Actif,Aucun visuel affich√©,,12-07-2025 01:34 PM,12-07-2025 01:34 PM,5870,Simon BÈgin <67952005.bxtw>,Simon BÈgin <67952005.bxtw>
78355,de Maple Grove / Saint-Jean,H-C,Actif,Aucun visuel affich√©,,12-07-2025 01:34 PM,12-07-2025 01:34 PM,5871,Simon BÈgin <67952005.bxtw>,Simon BÈgin <67952005.bxtw>
78356,Ellice / de la Beauce,H-C,Actif,Aucun visuel affich√©,,12-07-2025 01:34 PM,12-07-2025 01:34 PM,5872,Simon BÈgin <67952005.bxtw>,Simon BÈgin <67952005.bxtw>
78357,de Maple Grove / de la Couturi√®re,H-C,Actif,Aucun visuel affich√©,,12-07-2025 01:34 PM,12-07-2025 01:34 PM,5873,Simon BÈgin <67952005.bxtw>,Simon BÈgin <67952005.bxtw>
78358,de Maple Grove / devant le 191,H-C,Actif,Aucun visuel affich√©,,12-07-2025 01:34 PM,12-07-2025 01:34 PM,5874,Simon BÈgin <67952005.bxtw>,Simon BÈgin <67952005.bxtw>
78360,de Maple Grove / des Tulipes,H-C,Actif,Aucun visuel affich√©,,12-07-2025 01:34 PM,12-07-2025 01:34 PM,5875,Simon BÈgin <67952005.bxtw>,Simon BÈgin <67952005.bxtw>
78361,de Maple Grove / H√©bert,H-C,Actif,Aucun visuel affich√©,,12-07-2025 01:34 PM,12-07-2025 01:34 PM,5876,Simon BÈgin <67952005.bxtw>,Simon BÈgin <67952005.bxtw>
78362,de Maple Grove / Gagnier,H-C,Actif,Aucun visuel affich√©,,12-07-2025 01:34 PM,12-07-2025 01:34 PM,5877,Simon BÈgin <67952005.bxtw>,Simon BÈgin <67952005.bxtw>
78364,Terminus Angrignon - Quai 17,H-C,Actif,Aucun visuel affich√©,,12-07-2025 01:34 PM,12-07-2025 01:34 PM,5878,Simon BÈgin <67952005.bxtw>,Simon BÈgin <67952005.bxtw>
78433,Terminus Salaberry-de-Valleyfield,H-C,Actif,Aucun visuel affich√©,,12-07-2025 01:34 PM,12-07-2025 01:34 PM,5879,Simon BÈgin <67952005.bxtw>,Simon BÈgin <67952005.bxtw>
78445,Saint-Jean-Baptiste / D'Anjou,H-C,Actif,Aucun visuel affich√©,,12-07-2025 01:34 PM,12-07-2025 01:34 PM,5880,Simon BÈgin <67952005.bxtw>,Simon BÈgin <67952005.bxtw>
78447,D'Youville / Saint-Jean,H-C,Actif,Aucun visuel affich√©,,12-07-2025 01:34 PM,12-07-2025 01:34 PM,5881,Simon BÈgin <67952005.bxtw>,Simon BÈgin <67952005.bxtw>
78448,de Melocheville / de l'√ânergie,H-C,Actif,Aucun visuel affich√©,,12-07-2025 01:34 PM,12-07-2025 01:34 PM,5882,Simon BÈgin <67952005.bxtw>,Simon BÈgin <67952005.bxtw>
78449,Saint-Louis / Riendeau,H-C,Actif,Aucun visuel affich√©,,12-07-2025 01:34 PM,12-07-2025 01:34 PM,5883,Simon BÈgin <67952005.bxtw>,Simon BÈgin <67952005.bxtw>
78450,Saint-Louis / Riendeau,H-C,Actif,Aucun visuel affich√©,,12-07-2025 01:34 PM,12-07-2025 01:34 PM,5884,Simon BÈgin <67952005.bxtw>,Simon BÈgin <67952005.bxtw>
78458,du Canal / Masta√Ø-Brault,H-C,Actif,Aucun visuel affich√©,,12-07-2025 01:34 PM,12-07-2025 01:34 PM,5885,Simon BÈgin <67952005.bxtw>,Simon BÈgin <67952005.bxtw>
78459,du Canal / des Bisons,H-C,Actif,Aucun visuel affich√©,,12-07-2025 01:34 PM,12-07-2025 01:34 PM,5886,Simon BÈgin <67952005.bxtw>,Simon BÈgin <67952005.bxtw>
78460,du Canal / 14e Avenue,H-C,Actif,Aucun visuel affich√©,,12-07-2025 01:34 PM,12-07-2025 01:34 PM,5887,Simon BÈgin <67952005.bxtw>,Simon BÈgin <67952005.bxtw>
78461,Lucienne-Charette / Th√©or√™t,H-C,Actif,Aucun visuel affich√©,,12-07-2025 01:34 PM,12-07-2025 01:34 PM,5888,Simon BÈgin <67952005.bxtw>,Simon BÈgin <67952005.bxtw>
78462,Lucienne-Charette / 13e Avenue,H-C,Actif,Aucun visuel affich√©,,12-07-2025 01:34 PM,12-07-2025 01:34 PM,5889,Simon BÈgin <67952005.bxtw>,Simon BÈgin <67952005.bxtw>
78463,13e Avenue / de Melocheville,H-C,Actif,Aucun visuel affich√©,,12-07-2025 01:34 PM,12-07-2025 01:34 PM,5890,Simon BÈgin <67952005.bxtw>,Simon BÈgin <67952005.bxtw>
78478,Terminus Ch√¢teauguay - Quai 10,H-C,Actif,Aucun visuel affich√©,,12-07-2025 01:34 PM,12-07-2025 01:34 PM,5891,Simon BÈgin <67952005.bxtw>,Simon BÈgin <67952005.bxtw>
78479,Terminus Ch√¢teauguay - Quai 9,H-C,Actif,Aucun visuel affich√©,,12-07-2025 01:34 PM,12-07-2025 01:34 PM,5892,Simon BÈgin <67952005.bxtw>,Simon BÈgin <67952005.bxtw>
78480,Terminus Ch√¢teauguay - Quai taxi,H-C,Actif,Aucun visuel affich√©,,12-07-2025 01:34 PM,12-07-2025 01:34 PM,5893,Simon BÈgin <67952005.bxtw>,Simon BÈgin <67952005.bxtw>
78481,Terminus Ch√¢teauguay - Quai 3,H-C,Actif,Aucun visuel affich√©,,12-07-2025 01:34 PM,12-07-2025 01:34 PM,5894,Simon BÈgin <67952005.bxtw>,Simon BÈgin <67952005.bxtw>
78482,Terminus Ch√¢teauguay - Quai 4,H-C,Actif,Aucun visuel affich√©,,12-07-2025 01:34 PM,12-07-2025 01:34 PM,5895,Simon BÈgin <67952005.bxtw>,Simon BÈgin <67952005.bxtw>
78483,Terminus Ch√¢teauguay - Quai 5,H-C,Actif,Aucun visuel affich√©,,12-07-2025 01:34 PM,12-07-2025 01:34 PM,5896,Simon BÈgin <67952005.bxtw>,Simon BÈgin <67952005.bxtw>
78484,Terminus Ch√¢teauguay - Quai 6,H-C,Actif,Aucun visuel affich√©,,12-07-2025 01:34 PM,12-07-2025 01:34 PM,5897,Simon BÈgin <67952005.bxtw>,Simon BÈgin <67952005.bxtw>
78485,Terminus Ch√¢teauguay - Quai 7,H-C,Actif,Aucun visuel affich√©,,12-07-2025 01:34 PM,12-07-2025 01:34 PM,5898,Simon BÈgin <67952005.bxtw>,Simon BÈgin <67952005.bxtw>
78486,Terminus Ch√¢teauguay - Quai 8,H-C,Actif,Aucun visuel affich√©,,12-07-2025 01:34 PM,12-07-2025 01:34 PM,5899,Simon BÈgin <67952005.bxtw>,Simon BÈgin <67952005.bxtw>
78487,Terminus Ch√¢teauguay - Quai 2,H-C,Actif,Aucun visuel affich√©,,12-07-2025 01:34 PM,12-07-2025 01:34 PM,5900,Simon BÈgin <67952005.bxtw>,Simon BÈgin <67952005.bxtw>
78490,Saint-Jean-Baptiste / devant civique 61,H-C,Actif,Aucun visuel affich√©,,12-07-2025 01:34 PM,12-07-2025 01:34 PM,5901,Simon BÈgin <67952005.bxtw>,Simon BÈgin <67952005.bxtw>
78500,Cadieux / devant le IGA,H-C,Actif,Aucun visuel affich√©,,12-07-2025 01:34 PM,12-07-2025 01:34 PM,5902,Simon BÈgin <67952005.bxtw>,Simon BÈgin <67952005.bxtw>
78501,Cadieux / face au IGA,H-C,Actif,Aucun visuel affich√©,,12-07-2025 01:34 PM,12-07-2025 01:34 PM,5903,Simon BÈgin <67952005.bxtw>,Simon BÈgin <67952005.bxtw>
78505,Girouard / D'Youville,H-C,Actif,Aucun visuel affich√©,,12-07-2025 01:34 PM,12-07-2025 01:34 PM,5904,Simon BÈgin <67952005.bxtw>,Simon BÈgin <67952005.bxtw>
78506,Principale / Rousseau,H-C,Actif,Aucun visuel affich√©,,12-07-2025 01:34 PM,12-07-2025 01:34 PM,5905,Simon BÈgin <67952005.bxtw>,Simon BÈgin <67952005.bxtw>
78507,Principale / Place L√©onie-Paradis,H-C,Actif,Aucun visuel affich√©,,12-07-2025 01:34 PM,12-07-2025 01:34 PM,5906,Simon BÈgin <67952005.bxtw>,Simon BÈgin <67952005.bxtw>
78508,Marcel / Saint-Jean-Baptiste,H-C,Actif,Aucun visuel affich√©,,12-07-2025 01:34 PM,12-07-2025 01:34 PM,5907,Simon BÈgin <67952005.bxtw>,Simon BÈgin <67952005.bxtw>
78509,de la Beauce / Hannah,H-C,Actif,Aucun visuel affich√©,,12-07-2025 01:34 PM,12-07-2025 01:34 PM,5908,Simon BÈgin <67952005.bxtw>,Simon BÈgin <67952005.bxtw>
78510,de la Beauce / Saint-Charles,H-C,Actif,Aucun visuel affich√©,,12-07-2025 01:34 PM,12-07-2025 01:34 PM,5909,Simon BÈgin <67952005.bxtw>,Simon BÈgin <67952005.bxtw>
78511,de la Beauce / Saint-Cl√©ment,H-C,Actif,Aucun visuel affich√©,,12-07-2025 01:34 PM,12-07-2025 01:34 PM,5910,Simon BÈgin <67952005.bxtw>,Simon BÈgin <67952005.bxtw>
78512,de la Beauce / Jeanne-d'Arc,H-C,Actif,Aucun visuel affich√©,,12-07-2025 01:34 PM,12-07-2025 01:34 PM,5911,Simon BÈgin <67952005.bxtw>,Simon BÈgin <67952005.bxtw>
78513,de la Beauce / Saint-Paul,H-C,Actif,Aucun visuel affich√©,,12-07-2025 01:34 PM,12-07-2025 01:34 PM,5912,Simon BÈgin <67952005.bxtw>,Simon BÈgin <67952005.bxtw>
78514,Cadieux / devant le civique 529,H-C,Actif,Aucun visuel affich√©,,12-07-2025 01:34 PM,12-07-2025 01:34 PM,5913,Simon BÈgin <67952005.bxtw>,Simon BÈgin <67952005.bxtw>
78515,Cadieux / Edmour-Daoust,H-C,Actif,Aucun visuel affich√©,,12-07-2025 01:34 PM,12-07-2025 01:34 PM,5914,Simon BÈgin <67952005.bxtw>,Simon BÈgin <67952005.bxtw>
78516,Cadieux / Morell,H-C,Actif,Aucun visuel affich√©,,12-07-2025 01:34 PM,12-07-2025 01:34 PM,5915,Simon BÈgin <67952005.bxtw>,Simon BÈgin <67952005.bxtw>
78517,Cadieux / Dupuis,H-C,Actif,Aucun visuel affich√©,,12-07-2025 01:34 PM,12-07-2025 01:34 PM,5916,Simon BÈgin <67952005.bxtw>,Simon BÈgin <67952005.bxtw>
78518,Cadieux / Lussier,H-C,Actif,Aucun visuel affich√©,,12-07-2025 01:34 PM,12-07-2025 01:34 PM,5917,Simon BÈgin <67952005.bxtw>,Simon BÈgin <67952005.bxtw>
78519,Cadieux / Saint-Andr√©,H-C,Actif,Aucun visuel affich√©,,12-07-2025 01:34 PM,12-07-2025 01:34 PM,5918,Simon BÈgin <67952005.bxtw>,Simon BÈgin <67952005.bxtw>
78520,Cadieux / Saint-Louis,H-C,Actif,Aucun visuel affich√©,,12-07-2025 01:34 PM,12-07-2025 01:34 PM,5919,Simon BÈgin <67952005.bxtw>,Simon BÈgin <67952005.bxtw>
78521,Saint-Louis / Claude,H-C,Actif,Aucun visuel affich√©,,12-07-2025 01:34 PM,12-07-2025 01:34 PM,5920,Simon BÈgin <67952005.bxtw>,Simon BÈgin <67952005.bxtw>
78522,Saint-Louis / Tisseur,H-C,Actif,Aucun visuel affich√©,,12-07-2025 01:34 PM,12-07-2025 01:34 PM,5921,Simon BÈgin <67952005.bxtw>,Simon BÈgin <67952005.bxtw>
78523,Saint-Louis / Bri√®re,H-C,Actif,Aucun visuel affich√©,,12-07-2025 01:34 PM,12-07-2025 01:34 PM,5922,Simon BÈgin <67952005.bxtw>,Simon BÈgin <67952005.bxtw>
78525,Saint-Louis / Gis√®le,H-C,Actif,Aucun visuel affich√©,,12-07-2025 01:34 PM,12-07-2025 01:34 PM,5923,Simon BÈgin <67952005.bxtw>,Simon BÈgin <67952005.bxtw>
78526,Saint-Louis / Lussier,H-C,Actif,Aucun visuel affich√©,,12-07-2025 01:34 PM,12-07-2025 01:34 PM,5924,Simon BÈgin <67952005.bxtw>,Simon BÈgin <67952005.bxtw>
78527,Saint-Louis / Boyer,H-C,Actif,Aucun visuel affich√©,,12-07-2025 01:34 PM,12-07-2025 01:34 PM,5925,Simon BÈgin <67952005.bxtw>,Simon BÈgin <67952005.bxtw>
78528,Saint-Louis / Saint-Joseph,H-C,Actif,Aucun visuel affich√©,,12-07-2025 01:34 PM,12-07-2025 01:34 PM,5926,Simon BÈgin <67952005.bxtw>,Simon BÈgin <67952005.bxtw>
78529,Saint-Louis / Ellice,H-C,Actif,Aucun visuel affich√©,,12-07-2025 01:34 PM,12-07-2025 01:34 PM,5927,Simon BÈgin <67952005.bxtw>,Simon BÈgin <67952005.bxtw>
78530,Principale / Oscar-Murphy,H-C,Actif,Aucun visuel affich√©,,12-07-2025 01:34 PM,12-07-2025 01:34 PM,5928,Simon BÈgin <67952005.bxtw>,Simon BÈgin <67952005.bxtw>
78531,Fran√ßois-Branchaud /Croissant Th√©or√™t,H-C,Actif,Aucun visuel affich√©,,12-07-2025 01:34 PM,12-07-2025 01:34 PM,5929,Simon BÈgin <67952005.bxtw>,Simon BÈgin <67952005.bxtw>
78533,Fran√ßois-Branchaud / MacDonald,H-C,Actif,Aucun visuel affich√©,,12-07-2025 01:34 PM,12-07-2025 01:34 PM,5930,Simon BÈgin <67952005.bxtw>,Simon BÈgin <67952005.bxtw>
78535,Fran√ßois-Branchaud / de la Pointe-Raoul-H√©bert,H-C,Actif,Aucun visuel affich√©,,12-07-2025 01:34 PM,12-07-2025 01:34 PM,5931,Simon BÈgin <67952005.bxtw>,Simon BÈgin <67952005.bxtw>
78538,Saint-Louis / Ellice,H-C,Actif,Aucun visuel affich√©,,12-07-2025 01:34 PM,12-07-2025 01:34 PM,5932,Simon BÈgin <67952005.bxtw>,Simon BÈgin <67952005.bxtw>
78539,Saint-Louis / Saint-Joseph,H-C,Actif,Aucun visuel affich√©,,12-07-2025 01:34 PM,12-07-2025 01:34 PM,5933,Simon BÈgin <67952005.bxtw>,Simon BÈgin <67952005.bxtw>
78540,Saint-Louis / Marie-Anne,H-C,Actif,Aucun visuel affich√©,,12-07-2025 01:34 PM,12-07-2025 01:34 PM,5934,Simon BÈgin <67952005.bxtw>,Simon BÈgin <67952005.bxtw>
78541,Saint-Louis / Albert,H-C,Actif,Aucun visuel affich√©,,12-07-2025 01:34 PM,12-07-2025 01:34 PM,5935,Simon BÈgin <67952005.bxtw>,Simon BÈgin <67952005.bxtw>
78543,Salaberry Sud / Saint-Eug√®ne,H-C,Actif,Aucun visuel affich√©,,12-07-2025 01:34 PM,12-07-2025 01:34 PM,5936,Simon BÈgin <67952005.bxtw>,Simon BÈgin <67952005.bxtw>
78545,Salaberry Sud / Trenton,H-C,Actif,Aucun visuel affich√©,,12-07-2025 01:34 PM,12-07-2025 01:34 PM,5937,Simon BÈgin <67952005.bxtw>,Simon BÈgin <67952005.bxtw>
78546,Saint-Louis / Olivier,H-C,Actif,Aucun visuel affich√©,,12-07-2025 01:34 PM,12-07-2025 01:34 PM,5938,Simon BÈgin <67952005.bxtw>,Simon BÈgin <67952005.bxtw>
78547,Saint-Louis / de l'Orignal,H-C,Actif,Aucun visuel affich√©,,12-07-2025 01:34 PM,12-07-2025 01:34 PM,5939,Simon BÈgin <67952005.bxtw>,Simon BÈgin <67952005.bxtw>
78548,Cadieux / Saint-Andr√©,H-C,Actif,Aucun visuel affich√©,,12-07-2025 01:34 PM,12-07-2025 01:34 PM,5940,Simon BÈgin <67952005.bxtw>,Simon BÈgin <67952005.bxtw>
78549,Cadieux / Lussier,H-C,Actif,Aucun visuel affich√©,,12-07-2025 01:34 PM,12-07-2025 01:34 PM,5941,Simon BÈgin <67952005.bxtw>,Simon BÈgin <67952005.bxtw>
78550,Cadieux / Gagnon,H-C,Actif,Aucun visuel affich√©,,12-07-2025 01:34 PM,12-07-2025 01:34 PM,5942,Simon BÈgin <67952005.bxtw>,Simon BÈgin <67952005.bxtw>
78551,Cadieux / Morell,H-C,Actif,Aucun visuel affich√©,,12-07-2025 01:34 PM,12-07-2025 01:34 PM,5943,Simon BÈgin <67952005.bxtw>,Simon BÈgin <67952005.bxtw>
78552,Cadieux / Edmour-Daoust,H-C,Actif,Aucun visuel affich√©,,12-07-2025 01:34 PM,12-07-2025 01:34 PM,5944,Simon BÈgin <67952005.bxtw>,Simon BÈgin <67952005.bxtw>
78553,Cadieux / face au 529,H-C,Actif,Aucun visuel affich√©,,12-07-2025 01:34 PM,12-07-2025 01:34 PM,5945,Simon BÈgin <67952005.bxtw>,Simon BÈgin <67952005.bxtw>
78554,de la Beauce / Saint-Paul,H-C,Actif,Aucun visuel affich√©,,12-07-2025 01:34 PM,12-07-2025 01:34 PM,5946,Simon BÈgin <67952005.bxtw>,Simon BÈgin <67952005.bxtw>
78555,de la Beauce / Jeanne-d'Arc,H-C,Actif,Aucun visuel affich√©,,12-07-2025 01:34 PM,12-07-2025 01:34 PM,5947,Simon BÈgin <67952005.bxtw>,Simon BÈgin <67952005.bxtw>
78556,de la Beauce / Saint-Cl√©ment,H-C,Actif,Aucun visuel affich√©,,12-07-2025 01:34 PM,12-07-2025 01:34 PM,5948,Simon BÈgin <67952005.bxtw>,Simon BÈgin <67952005.bxtw>
78557,de la Beauce / Saint-Charles,H-C,Actif,Aucun visuel affich√©,,12-07-2025 01:34 PM,12-07-2025 01:34 PM,5949,Simon BÈgin <67952005.bxtw>,Simon BÈgin <67952005.bxtw>
78558,de la Beauce / Hannah,H-C,Actif,Aucun visuel affich√©,,12-07-2025 01:34 PM,12-07-2025 01:34 PM,5950,Simon BÈgin <67952005.bxtw>,Simon BÈgin <67952005.bxtw>
78559,Newman / Shevchenko,H-C,Actif,Aucun visuel affich√©,,12-07-2025 01:34 PM,12-07-2025 01:34 PM,5951,Simon BÈgin <67952005.bxtw>,Simon BÈgin <67952005.bxtw>
78560,de la Beauce / Ellice,H-C,Actif,Aucun visuel affich√©,,12-07-2025 01:34 PM,12-07-2025 01:34 PM,5952,Simon BÈgin <67952005.bxtw>,Simon BÈgin <67952005.bxtw>
78563,Newman / 90e Avenue,H-C,Actif,Aucun visuel affich√©,,12-07-2025 01:34 PM,12-07-2025 01:34 PM,5953,Simon BÈgin <67952005.bxtw>,Simon BÈgin <67952005.bxtw>
78564,boul. Newman / rue Senkus,H-C,Actif,Aucun visuel affich√©,,12-07-2025 01:34 PM,12-07-2025 01:34 PM,5954,Simon BÈgin <67952005.bxtw>,Simon BÈgin <67952005.bxtw>
78565,Newman / Lapierre,H-C,Actif,Aucun visuel affich√©,,12-07-2025 01:34 PM,12-07-2025 01:34 PM,5955,Simon BÈgin <67952005.bxtw>,Simon BÈgin <67952005.bxtw>
78567,Newman / Thierry,H-C,Actif,Aucun visuel affich√©,,12-07-2025 01:34 PM,12-07-2025 01:34 PM,5956,Simon BÈgin <67952005.bxtw>,Simon BÈgin <67952005.bxtw>
78568,boul. Newman / rue L√©ger,H-C,Actif,Aucun visuel affich√©,,12-07-2025 01:34 PM,12-07-2025 01:34 PM,5957,Simon BÈgin <67952005.bxtw>,Simon BÈgin <67952005.bxtw>
78569,Newman / Dollard,H-C,Actif,Aucun visuel affich√©,,12-07-2025 01:34 PM,12-07-2025 01:34 PM,5958,Simon BÈgin <67952005.bxtw>,Simon BÈgin <67952005.bxtw>
78570,Fran√ßois-Branchaud / Divina-Sauv√©,H-C,Actif,Aucun visuel affich√©,,12-07-2025 01:34 PM,12-07-2025 01:34 PM,5959,Simon BÈgin <67952005.bxtw>,Simon BÈgin <67952005.bxtw>
78571,Fran√ßois-Branchaud / de l'√âglise,H-C,Actif,Aucun visuel affich√©,,12-07-2025 01:34 PM,12-07-2025 01:34 PM,5960,Simon BÈgin <67952005.bxtw>,Simon BÈgin <67952005.bxtw>
78572,Fran√ßois-Branchaud / H√©bert,H-C,Actif,Aucun visuel affich√©,,12-07-2025 01:34 PM,12-07-2025 01:34 PM,5961,Simon BÈgin <67952005.bxtw>,Simon BÈgin <67952005.bxtw>
78573,Fran√ßois-Branchaud / de la Gare,H-C,Actif,Aucun visuel affich√©,,12-07-2025 01:34 PM,12-07-2025 01:34 PM,5962,Simon BÈgin <67952005.bxtw>,Simon BÈgin <67952005.bxtw>
78574,Fran√ßois-Branchaud / MacDonald,H-C,Actif,Aucun visuel affich√©,,12-07-2025 01:34 PM,12-07-2025 01:34 PM,5963,Simon BÈgin <67952005.bxtw>,Simon BÈgin <67952005.bxtw>
78575,Perreault / Fran√ßois-Branchaud,H-C,Actif,Aucun visuel affich√©,,12-07-2025 01:34 PM,12-07-2025 01:34 PM,5964,Simon BÈgin <67952005.bxtw>,Simon BÈgin <67952005.bxtw>
78586,Saint-Laurent / Sainte-Catherine,H-C,Actif,Aucun visuel affich√©,,12-07-2025 01:34 PM,12-07-2025 01:34 PM,5965,Simon BÈgin <67952005.bxtw>,Simon BÈgin <67952005.bxtw>
78587,Saint-Laurent / Saint-Louis,H-C,Actif,Aucun visuel affich√©,,12-07-2025 01:34 PM,12-07-2025 01:34 PM,5966,Simon BÈgin <67952005.bxtw>,Simon BÈgin <67952005.bxtw>
78588,Saint-Laurent / de la Beauce,H-C,Actif,Aucun visuel affich√©,,12-07-2025 01:34 PM,12-07-2025 01:34 PM,5967,Simon BÈgin <67952005.bxtw>,Simon BÈgin <67952005.bxtw>
78589,Principale / Principale,H-C,Actif,Aucun visuel affich√©,,12-07-2025 01:34 PM,12-07-2025 01:34 PM,5968,Simon BÈgin <67952005.bxtw>,Simon BÈgin <67952005.bxtw>
78590,Principale / 22e Avenue,H-C,Actif,Aucun visuel affich√©,,12-07-2025 01:34 PM,12-07-2025 01:34 PM,5969,Simon BÈgin <67952005.bxtw>,Simon BÈgin <67952005.bxtw>
78591,Principale / Alfred-Haineault,H-C,Actif,Aucun visuel affich√©,,12-07-2025 01:34 PM,12-07-2025 01:34 PM,5970,Simon BÈgin <67952005.bxtw>,Simon BÈgin <67952005.bxtw>
78592,Principale / Charlebois,H-C,Actif,Aucun visuel affich√©,,12-07-2025 01:34 PM,12-07-2025 01:34 PM,5971,Simon BÈgin <67952005.bxtw>,Simon BÈgin <67952005.bxtw>
78593,Principale / Oscar-Murphy,H-C,Actif,Aucun visuel affich√©,,12-07-2025 01:34 PM,12-07-2025 01:34 PM,5972,Simon BÈgin <67952005.bxtw>,Simon BÈgin <67952005.bxtw>
78594,Principale / 21e Avenue,H-C,Actif,Aucun visuel affich√©,,12-07-2025 01:34 PM,12-07-2025 01:34 PM,5973,Simon BÈgin <67952005.bxtw>,Simon BÈgin <67952005.bxtw>
78595,21e Avenue / Charlebois,H-C,Actif,Aucun visuel affich√©,,12-07-2025 01:34 PM,12-07-2025 01:34 PM,5974,Simon BÈgin <67952005.bxtw>,Simon BÈgin <67952005.bxtw>
78596,21e Avenue / Charlebois,H-C,Actif,Aucun visuel affich√©,,12-07-2025 01:34 PM,12-07-2025 01:34 PM,5975,Simon BÈgin <67952005.bxtw>,Simon BÈgin <67952005.bxtw>
78597,21e Avenue / Principale,H-C,Actif,Aucun visuel affich√©,,12-07-2025 01:34 PM,12-07-2025 01:34 PM,5976,Simon BÈgin <67952005.bxtw>,Simon BÈgin <67952005.bxtw>
78598,Faubert / de la Pointe-Goyette,H-C,Actif,Aucun visuel affich√©,,12-07-2025 01:34 PM,12-07-2025 01:34 PM,5977,Simon BÈgin <67952005.bxtw>,Simon BÈgin <67952005.bxtw>
78599,Principale / Charlebois,H-C,Actif,Aucun visuel affich√©,,12-07-2025 01:34 PM,12-07-2025 01:34 PM,5978,Simon BÈgin <67952005.bxtw>,Simon BÈgin <67952005.bxtw>
78600,Principale / Bourcier,H-C,Actif,Aucun visuel affich√©,,12-07-2025 01:34 PM,12-07-2025 01:34 PM,5979,Simon BÈgin <67952005.bxtw>,Simon BÈgin <67952005.bxtw>
78601,Principale / devant le civique 210,H-C,Actif,Aucun visuel affich√©,,12-07-2025 01:34 PM,12-07-2025 01:34 PM,5980,Simon BÈgin <67952005.bxtw>,Simon BÈgin <67952005.bxtw>
78602,Principale / devant le 156,H-C,Actif,Aucun visuel affich√©,,12-07-2025 01:34 PM,12-07-2025 01:34 PM,5981,Simon BÈgin <67952005.bxtw>,Simon BÈgin <67952005.bxtw>
78606,Route 138 / devant le 1025,H-C,Actif,Aucun visuel affich√©,,12-07-2025 01:34 PM,12-07-2025 01:34 PM,5982,Simon BÈgin <67952005.bxtw>,Simon BÈgin <67952005.bxtw>
78607,de L√©ry / devant le civique 747,H-C,Actif,Aucun visuel affich√©,,12-07-2025 01:34 PM,12-07-2025 01:34 PM,5983,Simon BÈgin <67952005.bxtw>,Simon BÈgin <67952005.bxtw>
78608,de L√©ry / face au civique 1355,H-C,Actif,Aucun visuel affich√©,,12-07-2025 01:34 PM,12-07-2025 01:34 PM,5984,Simon BÈgin <67952005.bxtw>,Simon BÈgin <67952005.bxtw>
78611,de L√©ry / devant le civique 643,H-C,Actif,Aucun visuel affich√©,,12-07-2025 01:34 PM,12-07-2025 01:34 PM,5985,Simon BÈgin <67952005.bxtw>,Simon BÈgin <67952005.bxtw>
78623,de Melocheville / de l'√ânergie,H-C,Actif,Aucun visuel affich√©,,12-07-2025 01:34 PM,12-07-2025 01:34 PM,5986,Simon BÈgin <67952005.bxtw>,Simon BÈgin <67952005.bxtw>
78655,Saint-Thomas / Salaberry (H√¥pital du Suro√Æt),H-C,Actif,Aucun visuel affich√©,,12-07-2025 01:34 PM,12-07-2025 01:34 PM,5987,Simon BÈgin <67952005.bxtw>,Simon BÈgin <67952005.bxtw>
78662,Saint-Thomas / Coll√®ge de Valleyfield,H-C,Actif,Aucun visuel affich√©,,12-07-2025 01:34 PM,12-07-2025 01:34 PM,5988,Simon BÈgin <67952005.bxtw>,Simon BÈgin <67952005.bxtw>
78678,Ford / Pierre-Boursier,H-C,Actif,Aucun visuel affich√©,,12-07-2025 01:34 PM,12-07-2025 01:34 PM,5989,Simon BÈgin <67952005.bxtw>,Simon BÈgin <67952005.bxtw>
78679,Pierre-Boursier / Sainte-Marguerite,H-C,Actif,Aucun visuel affich√©,,12-07-2025 01:34 PM,12-07-2025 01:34 PM,5990,Simon BÈgin <67952005.bxtw>,Simon BÈgin <67952005.bxtw>
78680,Industriel / devant le 210,H-C,Actif,Aucun visuel affich√©,,12-07-2025 01:34 PM,12-07-2025 01:34 PM,5991,Simon BÈgin <67952005.bxtw>,Simon BÈgin <67952005.bxtw>
78681,Industriel / devant le 172,H-C,Actif,Aucun visuel affich√©,,12-07-2025 01:34 PM,12-07-2025 01:34 PM,5992,Simon BÈgin <67952005.bxtw>,Simon BÈgin <67952005.bxtw>
78682,Industriel / Albert-Einstein,H-C,Actif,Aucun visuel affich√©,,12-07-2025 01:34 PM,12-07-2025 01:34 PM,5993,Simon BÈgin <67952005.bxtw>,Simon BÈgin <67952005.bxtw>
78683,Dupuis / Pierre-Boursier,H-C,Actif,Aucun visuel affich√©,,12-07-2025 01:34 PM,12-07-2025 01:34 PM,5994,Simon BÈgin <67952005.bxtw>,Simon BÈgin <67952005.bxtw>
78684,Pierre-Boursier / Dupuis,H-C,Actif,Aucun visuel affich√©,,12-07-2025 01:34 PM,12-07-2025 01:34 PM,5995,Simon BÈgin <67952005.bxtw>,Simon BÈgin <67952005.bxtw>
78685,Pierre-Boursier / Kennedy,H-C,Actif,Aucun visuel affich√©,,12-07-2025 01:34 PM,12-07-2025 01:34 PM,5996,Simon BÈgin <67952005.bxtw>,Simon BÈgin <67952005.bxtw>
78689,de la Haute-Rivi√®re / devant la Caisse Desjardins,H-C,Actif,Aucun visuel affich√©,,12-07-2025 01:34 PM,12-07-2025 01:34 PM,5997,Simon BÈgin <67952005.bxtw>,Simon BÈgin <67952005.bxtw>
78690,Brisebois / face au Walmart,H-C,Actif,Aucun visuel affich√©,,12-07-2025 01:34 PM,12-07-2025 01:34 PM,5998,Simon BÈgin <67952005.bxtw>,Simon BÈgin <67952005.bxtw>
78691,Brisebois / √âcole Louis-Philippe-Par√©,H-C,Actif,Aucun visuel affich√©,,12-07-2025 01:34 PM,12-07-2025 01:34 PM,5999,Simon BÈgin <67952005.bxtw>,Simon BÈgin <67952005.bxtw>
78692,Brisebois / face au Centre Hospitalier A-Laberge,H-C,Actif,Aucun visuel affich√©,,12-07-2025 01:34 PM,12-07-2025 01:34 PM,6000,Simon BÈgin <67952005.bxtw>,Simon BÈgin <67952005.bxtw>
78693,Desmarais / Dupuis,H-C,Actif,Aucun visuel affich√©,,12-07-2025 01:34 PM,12-07-2025 01:34 PM,6001,Simon BÈgin <67952005.bxtw>,Simon BÈgin <67952005.bxtw>
78694,Dupuis / Desmarais,H-C,Actif,Aucun visuel affich√©,,12-07-2025 01:34 PM,12-07-2025 01:34 PM,6002,Simon BÈgin <67952005.bxtw>,Simon BÈgin <67952005.bxtw>
78700,Saint-Laurent / Richardson,H-C,Actif,Aucun visuel affich√©,,12-07-2025 01:34 PM,12-07-2025 01:34 PM,6003,Simon BÈgin <67952005.bxtw>,Simon BÈgin <67952005.bxtw>
78701,de Melocheville / des Hauts-Fourneaux,H-C,Actif,Aucun visuel affich√©,,12-07-2025 01:34 PM,12-07-2025 01:34 PM,6004,Simon BÈgin <67952005.bxtw>,Simon BÈgin <67952005.bxtw>
78702,de Melocheville / face √† Axiall Canada Inc.,H-C,Actif,Aucun visuel affich√©,,12-07-2025 01:34 PM,12-07-2025 01:34 PM,6005,Simon BÈgin <67952005.bxtw>,Simon BÈgin <67952005.bxtw>
78714,Salaberry / de l'Acad√©mie (Palais de Justice),H-C,Actif,Aucun visuel affich√©,,12-07-2025 01:34 PM,12-07-2025 01:34 PM,6006,Simon BÈgin <67952005.bxtw>,Simon BÈgin <67952005.bxtw>
78721,de Melocheville / devant Axiall Canada Inc.,H-C,Actif,Aucun visuel affich√©,,12-07-2025 01:34 PM,12-07-2025 01:34 PM,6007,Simon BÈgin <67952005.bxtw>,Simon BÈgin <67952005.bxtw>
78722,de Melocheville / des Hauts-Fourneaux,H-C,Actif,Aucun visuel affich√©,,12-07-2025 01:34 PM,12-07-2025 01:34 PM,6008,Simon BÈgin <67952005.bxtw>,Simon BÈgin <67952005.bxtw>
78723,de Maple Grove / de la Gare,H-C,Actif,Aucun visuel affich√©,,12-07-2025 01:34 PM,12-07-2025 01:34 PM,6009,Simon BÈgin <67952005.bxtw>,Simon BÈgin <67952005.bxtw>
78724,Ellice / devant l'H√¥tel de Ville,H-C,Actif,Aucun visuel affich√©,,12-07-2025 01:34 PM,12-07-2025 01:34 PM,6010,Simon BÈgin <67952005.bxtw>,Simon BÈgin <67952005.bxtw>
78725,Ellice / Richardson,H-C,Actif,Aucun visuel affich√©,,12-07-2025 01:34 PM,12-07-2025 01:34 PM,6011,Simon BÈgin <67952005.bxtw>,Simon BÈgin <67952005.bxtw>
78726,Ellice / Brown,H-C,Actif,Aucun visuel affich√©,,12-07-2025 01:34 PM,12-07-2025 01:34 PM,6012,Simon BÈgin <67952005.bxtw>,Simon BÈgin <67952005.bxtw>
78728,de L√©ry / face au civique 643,H-C,Actif,Aucun visuel affich√©,,12-07-2025 01:34 PM,12-07-2025 01:34 PM,6013,Simon BÈgin <67952005.bxtw>,Simon BÈgin <67952005.bxtw>
78729,de L√©ry / Ren√©-L√©vesque,H-C,Actif,Aucun visuel affich√©,,12-07-2025 01:34 PM,12-07-2025 01:34 PM,6014,Simon BÈgin <67952005.bxtw>,Simon BÈgin <67952005.bxtw>
78730,Route 138 / face au 1500,H-C,Actif,Aucun visuel affich√©,,12-07-2025 01:34 PM,12-07-2025 01:34 PM,6015,Simon BÈgin <67952005.bxtw>,Simon BÈgin <67952005.bxtw>
78731,Route 138 / devant le 1111,H-C,Actif,Aucun visuel affich√©,,12-07-2025 01:34 PM,12-07-2025 01:34 PM,6016,Simon BÈgin <67952005.bxtw>,Simon BÈgin <67952005.bxtw>
78734,Route 138 / Rond-Point B√©dard,H-C,Actif,Aucun visuel affich√©,,12-07-2025 01:34 PM,12-07-2025 01:34 PM,6017,Simon BÈgin <67952005.bxtw>,Simon BÈgin <67952005.bxtw>
78752,Notre-Dame Nord / Duranceau,H-C,Actif,Aucun visuel affich√©,,12-07-2025 01:34 PM,12-07-2025 01:34 PM,6018,Simon BÈgin <67952005.bxtw>,Simon BÈgin <67952005.bxtw>
78753,de la Verdure / D'Anjou,H-C,Actif,Aucun visuel affich√©,,12-07-2025 01:34 PM,12-07-2025 01:34 PM,6019,Simon BÈgin <67952005.bxtw>,Simon BÈgin <67952005.bxtw>
78856,Industriel / Saint-Jean-Baptiste,H-C,Actif,Aucun visuel affich√©,,12-07-2025 01:34 PM,12-07-2025 01:34 PM,6020,Simon BÈgin <67952005.bxtw>,Simon BÈgin <67952005.bxtw>
78857,Industriel / devant le 155,H-C,Actif,Aucun visuel affich√©,,12-07-2025 01:34 PM,12-07-2025 01:34 PM,6021,Simon BÈgin <67952005.bxtw>,Simon BÈgin <67952005.bxtw>
78858,Industriel / devant le 191,H-C,Actif,Aucun visuel affich√©,,12-07-2025 01:34 PM,12-07-2025 01:34 PM,6022,Simon BÈgin <67952005.bxtw>,Simon BÈgin <67952005.bxtw>
78859,Industriel / B√©langer,H-C,Actif,Aucun visuel affich√©,,12-07-2025 01:34 PM,12-07-2025 01:34 PM,6023,Simon BÈgin <67952005.bxtw>,Simon BÈgin <67952005.bxtw>
78860,Industriel / Bombardier,H-C,Actif,Aucun visuel affich√©,,12-07-2025 01:34 PM,12-07-2025 01:34 PM,6024,Simon BÈgin <67952005.bxtw>,Simon BÈgin <67952005.bxtw>
78861,Industriel / devant le 301,H-C,Actif,Aucun visuel affich√©,,12-07-2025 01:34 PM,12-07-2025 01:34 PM,6025,Simon BÈgin <67952005.bxtw>,Simon BÈgin <67952005.bxtw>
78862,Industriel / Ford,H-C,Actif,Aucun visuel affich√©,,12-07-2025 01:34 PM,12-07-2025 01:34 PM,6026,Simon BÈgin <67952005.bxtw>,Simon BÈgin <67952005.bxtw>
78863,des Cascades / devant le 1250,H-C,Actif,Aucun visuel affich√©,,12-07-2025 01:34 PM,12-07-2025 01:34 PM,6027,Simon BÈgin <67952005.bxtw>,Simon BÈgin <67952005.bxtw>
78864,des Cascades / Bombardier,H-C,Actif,Aucun visuel affich√©,,12-07-2025 01:34 PM,12-07-2025 01:34 PM,6028,Simon BÈgin <67952005.bxtw>,Simon BÈgin <67952005.bxtw>
78865,Bombardier / Ford,H-C,Actif,Aucun visuel affich√©,,12-07-2025 01:34 PM,12-07-2025 01:34 PM,6029,Simon BÈgin <67952005.bxtw>,Simon BÈgin <67952005.bxtw>
78866,Ford / face au 625,H-C,Actif,Aucun visuel affich√©,,12-07-2025 01:34 PM,12-07-2025 01:34 PM,6030,Simon BÈgin <67952005.bxtw>,Simon BÈgin <67952005.bxtw>
78867,d'Abbotsford / devant le Centre L'Accore,H-C,Actif,Aucun visuel affich√©,,12-07-2025 01:34 PM,12-07-2025 01:34 PM,6031,Simon BÈgin <67952005.bxtw>,Simon BÈgin <67952005.bxtw>
78869,Industriel / Saint-Jean-Baptiste,H-C,Actif,Aucun visuel affich√©,,12-07-2025 01:34 PM,12-07-2025 01:34 PM,6032,Simon BÈgin <67952005.bxtw>,Simon BÈgin <67952005.bxtw>
78870,Industriel / devant le 265,H-C,Actif,Aucun visuel affich√©,,12-07-2025 01:34 PM,12-07-2025 01:34 PM,6033,Simon BÈgin <67952005.bxtw>,Simon BÈgin <67952005.bxtw>
78871,D'Youville / Roy,H-C,Actif,Aucun visuel affich√©,,12-07-2025 01:34 PM,12-07-2025 01:34 PM,6034,Simon BÈgin <67952005.bxtw>,Simon BÈgin <67952005.bxtw>
78872,D'Youville / Tougas,H-C,Actif,Aucun visuel affich√©,,12-07-2025 01:34 PM,12-07-2025 01:34 PM,6035,Simon BÈgin <67952005.bxtw>,Simon BÈgin <67952005.bxtw>
78873,D'Youville / Saint-Jean,H-C,Actif,Aucun visuel affich√©,,12-07-2025 01:34 PM,12-07-2025 01:34 PM,6036,Simon BÈgin <67952005.bxtw>,Simon BÈgin <67952005.bxtw>
78874,Brault / D'Youville,H-C,Actif,Aucun visuel affich√©,,12-07-2025 01:34 PM,12-07-2025 01:34 PM,6037,Simon BÈgin <67952005.bxtw>,Simon BÈgin <67952005.bxtw>
78875,Jeanne-d'Arc / Notre-Dame Nord,H-C,Actif,Aucun visuel affich√©,,12-07-2025 01:34 PM,12-07-2025 01:34 PM,6038,Simon BÈgin <67952005.bxtw>,Simon BÈgin <67952005.bxtw>
78876,Notre-Dame Nord / Taylor,H-C,Actif,Aucun visuel affich√©,,12-07-2025 01:34 PM,12-07-2025 01:34 PM,6039,Simon BÈgin <67952005.bxtw>,Simon BÈgin <67952005.bxtw>
78877,Notre-Dame Nord / Duranceau,H-C,Actif,Aucun visuel affich√©,,12-07-2025 01:34 PM,12-07-2025 01:34 PM,6040,Simon BÈgin <67952005.bxtw>,Simon BÈgin <67952005.bxtw>
78879,Girouard / Letendre,H-C,Actif,Aucun visuel affich√©,,12-07-2025 01:34 PM,12-07-2025 01:34 PM,6041,Simon BÈgin <67952005.bxtw>,Simon BÈgin <67952005.bxtw>
78881,d'Abbotsford / face au Centre L'Accore,H-C,Actif,Aucun visuel affich√©,,12-07-2025 01:34 PM,12-07-2025 01:34 PM,6042,Simon BÈgin <67952005.bxtw>,Simon BÈgin <67952005.bxtw>
78893,Prince / Saint-Joseph,H-C,Actif,Aucun visuel affich√©,,12-07-2025 01:34 PM,12-07-2025 01:34 PM,6043,Simon BÈgin <67952005.bxtw>,Simon BÈgin <67952005.bxtw>
78897,Deguire / Gendron,H-C,Actif,Aucun visuel affich√©,,12-07-2025 01:34 PM,12-07-2025 01:34 PM,6044,Simon BÈgin <67952005.bxtw>,Simon BÈgin <67952005.bxtw>
78898,Route 138 / devant le 1500,H-C,Actif,Aucun visuel affich√©,,12-07-2025 01:34 PM,12-07-2025 01:34 PM,6045,Simon BÈgin <67952005.bxtw>,Simon BÈgin <67952005.bxtw>
78899,Prince / Croissant de Cambrai,H-C,Actif,Aucun visuel affich√©,,12-07-2025 01:34 PM,12-07-2025 01:34 PM,6046,Simon BÈgin <67952005.bxtw>,Simon BÈgin <67952005.bxtw>
78900,Terminus Angrignon - Quai 16,H-C,Actif,Aucun visuel affich√©,,12-07-2025 01:34 PM,12-07-2025 01:34 PM,6047,Simon BÈgin <67952005.bxtw>,Simon BÈgin <67952005.bxtw>
78901,Terminus Angrignon - Quai 15,H-C,Actif,Aucun visuel affich√©,,12-07-2025 01:34 PM,12-07-2025 01:34 PM,6048,Simon BÈgin <67952005.bxtw>,Simon BÈgin <67952005.bxtw>
78902,Terminus Angrignon - Quai 14,H-C,Actif,Aucun visuel affich√©,,12-07-2025 01:34 PM,12-07-2025 01:34 PM,6049,Simon BÈgin <67952005.bxtw>,Simon BÈgin <67952005.bxtw>
78903,Terminus Angrignon - Quai 13,H-C,Actif,Aucun visuel affich√©,,12-07-2025 01:34 PM,12-07-2025 01:34 PM,6050,Simon BÈgin <67952005.bxtw>,Simon BÈgin <67952005.bxtw>
78904,Terminus Angrignon - Quai 12,H-C,Actif,Aucun visuel affich√©,,12-07-2025 01:34 PM,12-07-2025 01:34 PM,6051,Simon BÈgin <67952005.bxtw>,Simon BÈgin <67952005.bxtw>
78905,Terminus Angrignon - Quai 11,H-C,Actif,Aucun visuel affich√©,,12-07-2025 01:34 PM,12-07-2025 01:34 PM,6052,Simon BÈgin <67952005.bxtw>,Simon BÈgin <67952005.bxtw>
78910,rue Gilmour / rue Mountain,H-C,Actif,Aucun visuel affich√©,,12-07-2025 01:34 PM,12-07-2025 01:34 PM,6053,Simon BÈgin <67952005.bxtw>,Simon BÈgin <67952005.bxtw>
78913,Vanier / Normand,H-C,Actif,Aucun visuel affich√©,,12-07-2025 01:34 PM,12-07-2025 01:34 PM,6054,Simon BÈgin <67952005.bxtw>,Simon BÈgin <67952005.bxtw>
78914,Vanier / d'Iberville,H-C,Actif,Aucun visuel affich√©,,12-07-2025 01:34 PM,12-07-2025 01:34 PM,6055,Simon BÈgin <67952005.bxtw>,Simon BÈgin <67952005.bxtw>
78915,Vanier / Michener,H-C,Actif,Aucun visuel affich√©,,12-07-2025 01:34 PM,12-07-2025 01:34 PM,6056,Simon BÈgin <67952005.bxtw>,Simon BÈgin <67952005.bxtw>
78916,Vanier / Saint-Francis,H-C,Actif,Aucun visuel affich√©,,12-07-2025 01:34 PM,12-07-2025 01:34 PM,6057,Simon BÈgin <67952005.bxtw>,Simon BÈgin <67952005.bxtw>
78917,Primeau / Saint-L√©on,H-C,Actif,Aucun visuel affich√©,,12-07-2025 01:34 PM,12-07-2025 01:34 PM,6058,Simon BÈgin <67952005.bxtw>,Simon BÈgin <67952005.bxtw>
78918,Prince / Lautrec,H-C,Actif,Aucun visuel affich√©,,12-07-2025 01:34 PM,12-07-2025 01:34 PM,6059,Simon BÈgin <67952005.bxtw>,Simon BÈgin <67952005.bxtw>
78919,Prince / Li√®ge,H-C,Actif,Aucun visuel affich√©,,12-07-2025 01:34 PM,12-07-2025 01:34 PM,6060,Simon BÈgin <67952005.bxtw>,Simon BÈgin <67952005.bxtw>
78920,Principale / de la Ma√ßonnerie,H-C,Actif,Aucun visuel affich√©,,12-07-2025 01:34 PM,12-07-2025 01:34 PM,6061,Simon BÈgin <67952005.bxtw>,Simon BÈgin <67952005.bxtw>
78921,Principale / de la Ma√ßonnerie,H-C,Actif,Aucun visuel affich√©,,12-07-2025 01:34 PM,12-07-2025 01:34 PM,6062,Simon BÈgin <67952005.bxtw>,Simon BÈgin <67952005.bxtw>
78922,St-Isidore / Jonction Sud,H-C,Actif,Aucun visuel affich√©,,12-07-2025 01:34 PM,12-07-2025 01:34 PM,6063,Simon BÈgin <67952005.bxtw>,Simon BÈgin <67952005.bxtw>
78923,St-Isidore / Cemetery,H-C,Actif,Aucun visuel affich√©,,12-07-2025 01:34 PM,12-07-2025 01:34 PM,6064,Simon BÈgin <67952005.bxtw>,Simon BÈgin <67952005.bxtw>
78924,St-Isidore / Malone,H-C,Actif,Aucun visuel affich√©,,12-07-2025 01:34 PM,12-07-2025 01:34 PM,6065,Simon BÈgin <67952005.bxtw>,Simon BÈgin <67952005.bxtw>
78925,Malone / North Creek,H-C,Actif,Aucun visuel affich√©,,12-07-2025 01:34 PM,12-07-2025 01:34 PM,6066,Simon BÈgin <67952005.bxtw>,Simon BÈgin <67952005.bxtw>
78926,Malone / Cemetary,H-C,Actif,Aucun visuel affich√©,,12-07-2025 01:34 PM,12-07-2025 01:34 PM,6067,Simon BÈgin <67952005.bxtw>,Simon BÈgin <67952005.bxtw>
78927,Malone / kane,H-C,Actif,Aucun visuel affich√©,,12-07-2025 01:34 PM,12-07-2025 01:34 PM,6068,Simon BÈgin <67952005.bxtw>,Simon BÈgin <67952005.bxtw>
78928,Malone / River,H-C,Actif,Aucun visuel affich√©,,12-07-2025 01:34 PM,12-07-2025 01:34 PM,6069,Simon BÈgin <67952005.bxtw>,Simon BÈgin <67952005.bxtw>
78929,Malone / Veterans,H-C,Actif,Aucun visuel affich√©,,12-07-2025 01:34 PM,12-07-2025 01:34 PM,6070,Simon BÈgin <67952005.bxtw>,Simon BÈgin <67952005.bxtw>
78930,Office Complex,H-C,Actif,Aucun visuel affich√©,,12-07-2025 01:34 PM,12-07-2025 01:34 PM,6071,Simon BÈgin <67952005.bxtw>,Simon BÈgin <67952005.bxtw>
78931,Malone / Tunnel ouest,H-C,Actif,Aucun visuel affich√©,,12-07-2025 01:34 PM,12-07-2025 01:34 PM,6072,Simon BÈgin <67952005.bxtw>,Simon BÈgin <67952005.bxtw>
78932,Bank-Post office,H-C,Actif,Aucun visuel affich√©,,12-07-2025 01:34 PM,12-07-2025 01:34 PM,6073,Simon BÈgin <67952005.bxtw>,Simon BÈgin <67952005.bxtw>
78933,River / Legion,H-C,Actif,Aucun visuel affich√©,,12-07-2025 01:34 PM,12-07-2025 01:34 PM,6074,Simon BÈgin <67952005.bxtw>,Simon BÈgin <67952005.bxtw>
78934,River / Whitebean,H-C,Actif,Aucun visuel affich√©,,12-07-2025 01:34 PM,12-07-2025 01:34 PM,6075,Simon BÈgin <67952005.bxtw>,Simon BÈgin <67952005.bxtw>
78935,Kateri Memorial Hospital,H-C,Actif,Aucun visuel affich√©,,12-07-2025 01:34 PM,12-07-2025 01:34 PM,6076,Simon BÈgin <67952005.bxtw>,Simon BÈgin <67952005.bxtw>
78936,Blind Ladies Hill / Horn,H-C,Actif,Aucun visuel affich√©,,12-07-2025 01:34 PM,12-07-2025 01:34 PM,6077,Simon BÈgin <67952005.bxtw>,Simon BÈgin <67952005.bxtw>
78937,Blind Ladies Hill / Old Quarry,H-C,Actif,Aucun visuel affich√©,,12-07-2025 01:34 PM,12-07-2025 01:34 PM,6078,Simon BÈgin <67952005.bxtw>,Simon BÈgin <67952005.bxtw>
78938,Blind Ladies Hill / Kirby,H-C,Actif,Aucun visuel affich√©,,12-07-2025 01:34 PM,12-07-2025 01:34 PM,6079,Simon BÈgin <67952005.bxtw>,Simon BÈgin <67952005.bxtw>
78939,Peacekeepers Station,H-C,Actif,Aucun visuel affich√©,,12-07-2025 01:34 PM,12-07-2025 01:34 PM,6080,Simon BÈgin <67952005.bxtw>,Simon BÈgin <67952005.bxtw>
78943,Laurier / Poissant,H-C,Actif,Aucun visuel affich√©,,12-07-2025 01:34 PM,12-07-2025 01:34 PM,6081,Simon BÈgin <67952005.bxtw>,Simon BÈgin <67952005.bxtw>
78944,Reid / de Maple Grove,H-C,Actif,Aucun visuel affich√©,,12-07-2025 01:34 PM,12-07-2025 01:34 PM,6082,Simon BÈgin <67952005.bxtw>,Simon BÈgin <67952005.bxtw>
78950,Perreault / Laurier,H-C,Actif,Aucun visuel affich√©,,12-07-2025 01:34 PM,12-07-2025 01:34 PM,6083,Simon BÈgin <67952005.bxtw>,Simon BÈgin <67952005.bxtw>
78952,du Canal / 16e Avenue,H-C,Actif,Aucun visuel affich√©,,12-07-2025 01:34 PM,12-07-2025 01:34 PM,6084,Simon BÈgin <67952005.bxtw>,Simon BÈgin <67952005.bxtw>
78953,Urgel Charette / Face au civique 1001,H-C,Actif,Aucun visuel affich√©,,12-07-2025 01:34 PM,12-07-2025 01:34 PM,6085,Simon BÈgin <67952005.bxtw>,Simon BÈgin <67952005.bxtw>
78954,Urgel Charette / Devant le civique 1150,H-C,Actif,Aucun visuel affich√©,,12-07-2025 01:34 PM,12-07-2025 01:34 PM,6086,Simon BÈgin <67952005.bxtw>,Simon BÈgin <67952005.bxtw>
79000,Saint-Jean-Baptiste Ouest / devant le cimeti√®re,H-C,Actif,Aucun visuel affich√©,,12-07-2025 01:34 PM,12-07-2025 01:34 PM,6087,Simon BÈgin <67952005.bxtw>,Simon BÈgin <67952005.bxtw>
79001,Saint-Joseph / de la Station,H-C,Actif,Aucun visuel affich√©,,12-07-2025 01:34 PM,12-07-2025 01:34 PM,6088,Simon BÈgin <67952005.bxtw>,Simon BÈgin <67952005.bxtw>
79002,Saint-Jean-Baptiste Est / du Domaine,H-C,Actif,Aucun visuel affich√©,,12-07-2025 01:34 PM,12-07-2025 01:34 PM,6089,Simon BÈgin <67952005.bxtw>,Simon BÈgin <67952005.bxtw>
79006,Saint-Joseph / Sylvestre,H-C,Actif,Aucun visuel affich√©,,12-07-2025 01:34 PM,12-07-2025 01:34 PM,6090,Simon BÈgin <67952005.bxtw>,Simon BÈgin <67952005.bxtw>
79007,Saint-Joseph / Primeau,H-C,Actif,Aucun visuel affich√©,,12-07-2025 01:34 PM,12-07-2025 01:34 PM,6091,Simon BÈgin <67952005.bxtw>,Simon BÈgin <67952005.bxtw>
79014,Saint-Joseph / Desrosiers,H-C,Actif,Aucun visuel affich√©,,12-07-2025 01:34 PM,12-07-2025 01:34 PM,6092,Simon BÈgin <67952005.bxtw>,Simon BÈgin <67952005.bxtw>
79015,Saint-Joseph / Marc-Antoine-Primeau,H-C,Actif,Aucun visuel affich√©,,12-07-2025 01:34 PM,12-07-2025 01:34 PM,6093,Simon BÈgin <67952005.bxtw>,Simon BÈgin <67952005.bxtw>
79016,Saint-Joseph / de la Berge,H-C,Actif,Aucun visuel affich√©,,12-07-2025 01:34 PM,12-07-2025 01:34 PM,6094,Simon BÈgin <67952005.bxtw>,Simon BÈgin <67952005.bxtw>
79017,Saint-Joseph / de la Butte,H-C,Actif,Aucun visuel affich√©,,12-07-2025 01:34 PM,12-07-2025 01:34 PM,6095,Simon BÈgin <67952005.bxtw>,Simon BÈgin <67952005.bxtw>
79020,Saint-Jean-Baptiste / des √ârables,H-C,Actif,Aucun visuel affich√©,,12-07-2025 01:34 PM,12-07-2025 01:34 PM,6096,Simon BÈgin <67952005.bxtw>,Simon BÈgin <67952005.bxtw>
79021,Saint-Jean-Baptiste / Saint-Laurent,H-C,Actif,Aucun visuel affich√©,,12-07-2025 01:34 PM,12-07-2025 01:34 PM,6097,Simon BÈgin <67952005.bxtw>,Simon BÈgin <67952005.bxtw>
79022,Saint-Jean-Baptiste / Bourdeau,H-C,Actif,Aucun visuel affich√©,,12-07-2025 01:34 PM,12-07-2025 01:34 PM,6098,Simon BÈgin <67952005.bxtw>,Simon BÈgin <67952005.bxtw>
79023,Saint-Jean-Baptiste / Josime-Pelletier,H-C,Actif,Aucun visuel affich√©,,12-07-2025 01:34 PM,12-07-2025 01:34 PM,6099,Simon BÈgin <67952005.bxtw>,Simon BÈgin <67952005.bxtw>
79024,C√¥t√© / Saint-Jean-Baptiste,H-C,Actif,Aucun visuel affich√©,,12-07-2025 01:34 PM,12-07-2025 01:34 PM,6100,Simon BÈgin <67952005.bxtw>,Simon BÈgin <67952005.bxtw>
79025,C√¥t√© / d'Amqui,H-C,Actif,Aucun visuel affich√©,,12-07-2025 01:34 PM,12-07-2025 01:34 PM,6101,Simon BÈgin <67952005.bxtw>,Simon BÈgin <67952005.bxtw>
79026,C√¥t√© / Mercure,H-C,Actif,Aucun visuel affich√©,,12-07-2025 01:34 PM,12-07-2025 01:34 PM,6102,Simon BÈgin <67952005.bxtw>,Simon BÈgin <67952005.bxtw>
79036,Saint-Joseph / Desrochers,H-C,Actif,Aucun visuel affich√©,,12-07-2025 01:34 PM,12-07-2025 01:34 PM,6103,Simon BÈgin <67952005.bxtw>,Simon BÈgin <67952005.bxtw>
79037,Saint-Jean-Baptiste Est / Place Raquepas,H-C,Actif,Aucun visuel affich√©,,12-07-2025 01:34 PM,12-07-2025 01:34 PM,6104,Simon BÈgin <67952005.bxtw>,Simon BÈgin <67952005.bxtw>
79038,Saint-Jean-Baptiste Est / Armand,H-C,Actif,Aucun visuel affich√©,,12-07-2025 01:34 PM,12-07-2025 01:34 PM,6105,Simon BÈgin <67952005.bxtw>,Simon BÈgin <67952005.bxtw>
79039,Saint-Jean-Baptiste / Lalonde,H-C,Actif,Aucun visuel affich√©,,12-07-2025 01:34 PM,12-07-2025 01:34 PM,6106,Simon BÈgin <67952005.bxtw>,Simon BÈgin <67952005.bxtw>
79040,Saint-Jean-Baptiste / Sauv√©,H-C,Actif,Aucun visuel affich√©,,12-07-2025 01:34 PM,12-07-2025 01:34 PM,6107,Simon BÈgin <67952005.bxtw>,Simon BÈgin <67952005.bxtw>
79041,Saint-Jean-Baptiste / Sauv√©,H-C,Actif,Aucun visuel affich√©,,12-07-2025 01:34 PM,12-07-2025 01:34 PM,6108,Simon BÈgin <67952005.bxtw>,Simon BÈgin <67952005.bxtw>
79042,Saint-Jean-Baptiste / de l'√âglise,H-C,Actif,Aucun visuel affich√©,,12-07-2025 01:34 PM,12-07-2025 01:34 PM,6109,Simon BÈgin <67952005.bxtw>,Simon BÈgin <67952005.bxtw>
79043,Saint-Jean-Baptiste / Ga√©tan,H-C,Actif,Aucun visuel affich√©,,12-07-2025 01:34 PM,12-07-2025 01:34 PM,6110,Simon BÈgin <67952005.bxtw>,Simon BÈgin <67952005.bxtw>
79045,Beauchemin / de Beaupr√©,H-C,Actif,Aucun visuel affich√©,,12-07-2025 01:34 PM,12-07-2025 01:34 PM,6111,Simon BÈgin <67952005.bxtw>,Simon BÈgin <67952005.bxtw>
79047,Saint-Jean-Baptiste / de L√©vis,H-C,Actif,Aucun visuel affich√©,,12-07-2025 01:34 PM,12-07-2025 01:34 PM,6112,Simon BÈgin <67952005.bxtw>,Simon BÈgin <67952005.bxtw>
79048,Saint-Jean-Baptiste / de L√©vis,H-C,Actif,Aucun visuel affich√©,,12-07-2025 01:34 PM,12-07-2025 01:34 PM,6113,Simon BÈgin <67952005.bxtw>,Simon BÈgin <67952005.bxtw>
79049,C√¥t√© / Saint-Jean-Baptiste,H-C,Actif,Aucun visuel affich√©,,12-07-2025 01:34 PM,12-07-2025 01:34 PM,6114,Simon BÈgin <67952005.bxtw>,Simon BÈgin <67952005.bxtw>
79050,Terminus Angrignon - Quai 18,H-C,Actif,Aucun visuel affich√©,,12-07-2025 01:34 PM,12-07-2025 01:34 PM,6115,Simon BÈgin <67952005.bxtw>,Simon BÈgin <67952005.bxtw>
79051,Beauchemin / de Beaupr√©,H-C,Actif,Aucun visuel affich√©,,12-07-2025 01:34 PM,12-07-2025 01:34 PM,6116,Simon BÈgin <67952005.bxtw>,Simon BÈgin <67952005.bxtw>
79052,Beauchemin / de Beloeil,H-C,Actif,Aucun visuel affich√©,,12-07-2025 01:34 PM,12-07-2025 01:34 PM,6117,Simon BÈgin <67952005.bxtw>,Simon BÈgin <67952005.bxtw>
79053,de Beloeil / Mercure,H-C,Actif,Aucun visuel affich√©,,12-07-2025 01:34 PM,12-07-2025 01:34 PM,6118,Simon BÈgin <67952005.bxtw>,Simon BÈgin <67952005.bxtw>
79054,Saint-Joseph / Demers,H-C,Actif,Aucun visuel affich√©,,12-07-2025 01:34 PM,12-07-2025 01:34 PM,6119,Simon BÈgin <67952005.bxtw>,Simon BÈgin <67952005.bxtw>
79055,Saint-Joseph / de la Ferme,H-C,Actif,Aucun visuel affich√©,,12-07-2025 01:34 PM,12-07-2025 01:34 PM,6120,Simon BÈgin <67952005.bxtw>,Simon BÈgin <67952005.bxtw>
79056,Saint-Joseph / des Copains,H-C,Actif,Aucun visuel affich√©,,12-07-2025 01:34 PM,12-07-2025 01:34 PM,6121,Simon BÈgin <67952005.bxtw>,Simon BÈgin <67952005.bxtw>
79057,Saint-Jean-Baptiste / Josime-Pelletier,H-C,Actif,Aucun visuel affich√©,,12-07-2025 01:34 PM,12-07-2025 01:34 PM,6122,Simon BÈgin <67952005.bxtw>,Simon BÈgin <67952005.bxtw>
79058,Saint-Jean-Baptiste / devant le civique 793,H-C,Actif,Aucun visuel affich√©,,12-07-2025 01:34 PM,12-07-2025 01:34 PM,6123,Simon BÈgin <67952005.bxtw>,Simon BÈgin <67952005.bxtw>
79059,Saint-Jean-Baptiste Est / du Domaine,H-C,Actif,Aucun visuel affich√©,,12-07-2025 01:34 PM,12-07-2025 01:34 PM,6124,Simon BÈgin <67952005.bxtw>,Simon BÈgin <67952005.bxtw>
79060,Saint-Joseph / de la Station,H-C,Actif,Aucun visuel affich√©,,12-07-2025 01:34 PM,12-07-2025 01:34 PM,6125,Simon BÈgin <67952005.bxtw>,Simon BÈgin <67952005.bxtw>
79061,Saint-Jean-Baptiste Ouest / face au cimeti√®re,H-C,Actif,Aucun visuel affich√©,,12-07-2025 01:34 PM,12-07-2025 01:34 PM,6126,Simon BÈgin <67952005.bxtw>,Simon BÈgin <67952005.bxtw>
79082,Mercure / de Beloeil,H-C,Actif,Aucun visuel affich√©,,12-07-2025 01:34 PM,12-07-2025 01:34 PM,6127,Simon BÈgin <67952005.bxtw>,Simon BÈgin <67952005.bxtw>
79084,Beauchemin / Mars,H-C,Actif,Aucun visuel affich√©,,12-07-2025 01:34 PM,12-07-2025 01:34 PM,6128,Simon BÈgin <67952005.bxtw>,Simon BÈgin <67952005.bxtw>
79085,Beauchemin / Mars,H-C,Actif,Aucun visuel affich√©,,12-07-2025 01:34 PM,12-07-2025 01:34 PM,6129,Simon BÈgin <67952005.bxtw>,Simon BÈgin <67952005.bxtw>
79086,Mercure / C√¥t√©,H-C,Actif,Aucun visuel affich√©,,12-07-2025 01:34 PM,12-07-2025 01:34 PM,6130,Simon BÈgin <67952005.bxtw>,Simon BÈgin <67952005.bxtw>
79089,Saint-Jean-Baptiste / Ga√©tan,H-C,Actif,Aucun visuel affich√©,,12-07-2025 01:34 PM,12-07-2025 01:34 PM,6131,Simon BÈgin <67952005.bxtw>,Simon BÈgin <67952005.bxtw>
79090,Saint-Jean-Baptiste Est / Place Raquepas,H-C,Actif,Aucun visuel affich√©,,12-07-2025 01:34 PM,12-07-2025 01:34 PM,6132,Simon BÈgin <67952005.bxtw>,Simon BÈgin <67952005.bxtw>
79091,Saint-Joseph / Desrosiers,H-C,Actif,Aucun visuel affich√©,,12-07-2025 01:34 PM,12-07-2025 01:34 PM,6133,Simon BÈgin <67952005.bxtw>,Simon BÈgin <67952005.bxtw>
79092,Saint-Joseph / Desrochers,H-C,Actif,Aucun visuel affich√©,,12-07-2025 01:34 PM,12-07-2025 01:34 PM,6134,Simon BÈgin <67952005.bxtw>,Simon BÈgin <67952005.bxtw>
79100,Beauchemin / de Beloeil,H-C,Actif,Aucun visuel affich√©,,12-07-2025 01:34 PM,12-07-2025 01:34 PM,6135,Simon BÈgin <67952005.bxtw>,Simon BÈgin <67952005.bxtw>
79101,Saint-Joseph / de la Butte,H-C,Actif,Aucun visuel affich√©,,12-07-2025 01:34 PM,12-07-2025 01:34 PM,6136,Simon BÈgin <67952005.bxtw>,Simon BÈgin <67952005.bxtw>
79102,Saint-Joseph / de la Berge,H-C,Actif,Aucun visuel affich√©,,12-07-2025 01:34 PM,12-07-2025 01:34 PM,6137,Simon BÈgin <67952005.bxtw>,Simon BÈgin <67952005.bxtw>
79103,Saint-Joseph / Marc-Antoine-Primeau,H-C,Actif,Aucun visuel affich√©,,12-07-2025 01:34 PM,12-07-2025 01:34 PM,6138,Simon BÈgin <67952005.bxtw>,Simon BÈgin <67952005.bxtw>
79104,Saint-Joseph / Primeau,H-C,Actif,Aucun visuel affich√©,,12-07-2025 01:34 PM,12-07-2025 01:34 PM,6139,Simon BÈgin <67952005.bxtw>,Simon BÈgin <67952005.bxtw>
79105,Saint-Joseph / de la Ferme,H-C,Actif,Aucun visuel affich√©,,12-07-2025 01:34 PM,12-07-2025 01:34 PM,6140,Simon BÈgin <67952005.bxtw>,Simon BÈgin <67952005.bxtw>
79106,Saint-Joseph / Demers,H-C,Actif,Aucun visuel affich√©,,12-07-2025 01:34 PM,12-07-2025 01:34 PM,6141,Simon BÈgin <67952005.bxtw>,Simon BÈgin <67952005.bxtw>
79107,C√¥t√© / d'Amos,H-C,Actif,Aucun visuel affich√©,,12-07-2025 01:34 PM,12-07-2025 01:34 PM,6142,Simon BÈgin <67952005.bxtw>,Simon BÈgin <67952005.bxtw>
79108,Saint-Jean-Baptiste / de l'√âglise,H-C,Actif,Aucun visuel affich√©,,12-07-2025 01:34 PM,12-07-2025 01:34 PM,6143,Simon BÈgin <67952005.bxtw>,Simon BÈgin <67952005.bxtw>
79109,Saint-Jean-Baptiste / Saint-Laurent,H-C,Actif,Aucun visuel affich√©,,12-07-2025 01:34 PM,12-07-2025 01:34 PM,6144,Simon BÈgin <67952005.bxtw>,Simon BÈgin <67952005.bxtw>
79110,Saint-Jean-Baptiste / des √ârables,H-C,Actif,Aucun visuel affich√©,,12-07-2025 01:34 PM,12-07-2025 01:34 PM,6145,Simon BÈgin <67952005.bxtw>,Simon BÈgin <67952005.bxtw>
79111,Saint-Jean-Baptiste / Lalonde,H-C,Actif,Aucun visuel affich√©,,12-07-2025 01:34 PM,12-07-2025 01:34 PM,6146,Simon BÈgin <67952005.bxtw>,Simon BÈgin <67952005.bxtw>
79112,Saint-Jean-Baptiste Est / Armand,H-C,Actif,Aucun visuel affich√©,,12-07-2025 01:34 PM,12-07-2025 01:34 PM,6147,Simon BÈgin <67952005.bxtw>,Simon BÈgin <67952005.bxtw>
79113,Saint-Joseph / des Copains,H-C,Actif,Aucun visuel affich√©,,12-07-2025 01:34 PM,12-07-2025 01:34 PM,6148,Simon BÈgin <67952005.bxtw>,Simon BÈgin <67952005.bxtw>
79117,Saint-Joseph / Sylvestre,H-C,Actif,Aucun visuel affich√©,,12-07-2025 01:34 PM,12-07-2025 01:34 PM,6149,Simon BÈgin <67952005.bxtw>,Simon BÈgin <67952005.bxtw>
79118,Lapierre / C√©gep Andr√©-Laurendeau,H-C,Actif,Aucun visuel affich√©,,12-07-2025 01:34 PM,12-07-2025 01:34 PM,6150,Simon BÈgin <67952005.bxtw>,Simon BÈgin <67952005.bxtw>
79119,Saint-Jean-Baptiste / H√©bert,H-C,Actif,Aucun visuel affich√©,,12-07-2025 01:34 PM,12-07-2025 01:34 PM,6151,Simon BÈgin <67952005.bxtw>,Simon BÈgin <67952005.bxtw>
79120,Josime-Pelletier / Malette,H-C,Actif,Aucun visuel affich√©,,12-07-2025 01:34 PM,12-07-2025 01:34 PM,6152,Simon BÈgin <67952005.bxtw>,Simon BÈgin <67952005.bxtw>
79121,Saint-Cl√©ment / H√©bert,H-C,Actif,Aucun visuel affich√©,,12-07-2025 01:34 PM,12-07-2025 01:34 PM,6153,Simon BÈgin <67952005.bxtw>,Simon BÈgin <67952005.bxtw>
79134,Saint-Cl√©ment / de Lauzon,H-C,Actif,Aucun visuel affich√©,,12-07-2025 01:34 PM,12-07-2025 01:34 PM,6154,Simon BÈgin <67952005.bxtw>,Simon BÈgin <67952005.bxtw>
79135,Saint-Cl√©ment / Prud'Homme,H-C,Actif,Aucun visuel affich√©,,12-07-2025 01:34 PM,12-07-2025 01:34 PM,6155,Simon BÈgin <67952005.bxtw>,Simon BÈgin <67952005.bxtw>
79136,Saint-Cl√©ment / Lacoste,H-C,Actif,Aucun visuel affich√©,,12-07-2025 01:34 PM,12-07-2025 01:34 PM,6156,Simon BÈgin <67952005.bxtw>,Simon BÈgin <67952005.bxtw>
79137,Lacoste / Saint-Denis,H-C,Actif,Aucun visuel affich√©,,12-07-2025 01:34 PM,12-07-2025 01:34 PM,6157,Simon BÈgin <67952005.bxtw>,Simon BÈgin <67952005.bxtw>
79138,Saint-Denis / Ga√©tan,H-C,Actif,Aucun visuel affich√©,,12-07-2025 01:34 PM,12-07-2025 01:34 PM,6158,Simon BÈgin <67952005.bxtw>,Simon BÈgin <67952005.bxtw>
79140,Vall√©e / Perron,H-C,Actif,Aucun visuel affich√©,,12-07-2025 01:34 PM,12-07-2025 01:34 PM,6159,Simon BÈgin <67952005.bxtw>,Simon BÈgin <67952005.bxtw>
79142,Vall√©e / Vall√©e-Dumouchel,H-C,Actif,Aucun visuel affich√©,,12-07-2025 01:34 PM,12-07-2025 01:34 PM,6160,Simon BÈgin <67952005.bxtw>,Simon BÈgin <67952005.bxtw>
79143,de l‚Äô√âglise / Place Dubuc,H-C,Actif,Aucun visuel affich√©,,12-07-2025 01:34 PM,12-07-2025 01:34 PM,6161,Simon BÈgin <67952005.bxtw>,Simon BÈgin <67952005.bxtw>
79144,de l‚Äô√âglise / de Bromont,H-C,Actif,Aucun visuel affich√©,,12-07-2025 01:34 PM,12-07-2025 01:34 PM,6162,Simon BÈgin <67952005.bxtw>,Simon BÈgin <67952005.bxtw>
79145,de l‚Äô√âglise / Saint-Denis,H-C,Actif,Aucun visuel affich√©,,12-07-2025 01:34 PM,12-07-2025 01:34 PM,6163,Simon BÈgin <67952005.bxtw>,Simon BÈgin <67952005.bxtw>
79147,Reid / des Plaines,H-C,Actif,Aucun visuel affich√©,,12-07-2025 01:34 PM,12-07-2025 01:34 PM,6164,Simon BÈgin <67952005.bxtw>,Simon BÈgin <67952005.bxtw>
79148,Reid / des Ch√™nes,H-C,Actif,Aucun visuel affich√©,,12-07-2025 01:34 PM,12-07-2025 01:34 PM,6165,Simon BÈgin <67952005.bxtw>,Simon BÈgin <67952005.bxtw>
79152,des Ormes / des Noyers,H-C,Actif,Aucun visuel affich√©,,12-07-2025 01:34 PM,12-07-2025 01:34 PM,6166,Simon BÈgin <67952005.bxtw>,Simon BÈgin <67952005.bxtw>
79153,des H√®tres / Desparois,H-C,Actif,Aucun visuel affich√©,,12-07-2025 01:34 PM,12-07-2025 01:34 PM,6167,Simon BÈgin <67952005.bxtw>,Simon BÈgin <67952005.bxtw>
79154,Saint-Joseph / Lalonde,H-C,Actif,Aucun visuel affich√©,,12-07-2025 01:34 PM,12-07-2025 01:34 PM,6168,Simon BÈgin <67952005.bxtw>,Simon BÈgin <67952005.bxtw>
79155,Saint-Jean-Baptiste / Manoir du Bel-√Çge,H-C,Actif,Aucun visuel affich√©,,12-07-2025 01:34 PM,12-07-2025 01:34 PM,6169,Simon BÈgin <67952005.bxtw>,Simon BÈgin <67952005.bxtw>
79160,Marleau / du Li√®vre,H-C,Actif,Aucun visuel affich√©,,12-07-2025 01:34 PM,12-07-2025 01:34 PM,6170,Simon BÈgin <67952005.bxtw>,Simon BÈgin <67952005.bxtw>
79161,Marleau / des Rossignols,H-C,Actif,Aucun visuel affich√©,,12-07-2025 01:34 PM,12-07-2025 01:34 PM,6171,Simon BÈgin <67952005.bxtw>,Simon BÈgin <67952005.bxtw>
79163,des Perdrix / du Li√®vre,H-C,Actif,Aucun visuel affich√©,,12-07-2025 01:34 PM,12-07-2025 01:34 PM,6172,Simon BÈgin <67952005.bxtw>,Simon BÈgin <67952005.bxtw>
79164,du Li√®vre / du Chevreuil,H-C,Actif,Aucun visuel affich√©,,12-07-2025 01:34 PM,12-07-2025 01:34 PM,6173,Simon BÈgin <67952005.bxtw>,Simon BÈgin <67952005.bxtw>
79165,du Parc / devant le Centre Sportif Mercier,H-C,Actif,Aucun visuel affich√©,,12-07-2025 01:34 PM,12-07-2025 01:34 PM,6174,Simon BÈgin <67952005.bxtw>,Simon BÈgin <67952005.bxtw>
79166,du Parc / Saint-Jean-Baptiste,H-C,Actif,Aucun visuel affich√©,,12-07-2025 01:34 PM,12-07-2025 01:34 PM,6175,Simon BÈgin <67952005.bxtw>,Simon BÈgin <67952005.bxtw>
79167,Beauchemin / de Bedford,H-C,Actif,Aucun visuel affich√©,,12-07-2025 01:34 PM,12-07-2025 01:34 PM,6176,Simon BÈgin <67952005.bxtw>,Simon BÈgin <67952005.bxtw>
79168,Beauchemin / √âdouard-Laberge,H-C,Actif,Aucun visuel affich√©,,12-07-2025 01:34 PM,12-07-2025 01:34 PM,6177,Simon BÈgin <67952005.bxtw>,Simon BÈgin <67952005.bxtw>
79170,√âdouard-Laberge / de Batiscan,H-C,Actif,Aucun visuel affich√©,,12-07-2025 01:34 PM,12-07-2025 01:34 PM,6178,Simon BÈgin <67952005.bxtw>,Simon BÈgin <67952005.bxtw>
79171,de Batiscan / de Bellefeuille,H-C,Actif,Aucun visuel affich√©,,12-07-2025 01:34 PM,12-07-2025 01:34 PM,6179,Simon BÈgin <67952005.bxtw>,Simon BÈgin <67952005.bxtw>
79172,de Brome / de Beaupr√©,H-C,Actif,Aucun visuel affich√©,,12-07-2025 01:34 PM,12-07-2025 01:34 PM,6180,Simon BÈgin <67952005.bxtw>,Simon BÈgin <67952005.bxtw>
79173,de Beaupr√© / devant le #46,H-C,Actif,Aucun visuel affich√©,,12-07-2025 01:34 PM,12-07-2025 01:34 PM,6181,Simon BÈgin <67952005.bxtw>,Simon BÈgin <67952005.bxtw>
79174,de Beaupr√© / Beauchemin,H-C,Actif,Aucun visuel affich√©,,12-07-2025 01:34 PM,12-07-2025 01:34 PM,6182,Simon BÈgin <67952005.bxtw>,Simon BÈgin <67952005.bxtw>
79180,√âdouard-Laberge / Beauchemin,H-C,Actif,Aucun visuel affich√©,,12-07-2025 01:34 PM,12-07-2025 01:34 PM,6183,Simon BÈgin <67952005.bxtw>,Simon BÈgin <67952005.bxtw>
79181,Beauchemin / De Bedford,H-C,Actif,Aucun visuel affich√©,,12-07-2025 01:34 PM,12-07-2025 01:34 PM,6184,Simon BÈgin <67952005.bxtw>,Simon BÈgin <67952005.bxtw>
79182,Saint-Jean-Baptiste / IGA Reid-Boursier,H-C,Actif,Aucun visuel affich√©,,12-07-2025 01:34 PM,12-07-2025 01:34 PM,6185,Simon BÈgin <67952005.bxtw>,Simon BÈgin <67952005.bxtw>
79190,Saint-Jean-Baptiste / Parkview,H-C,Actif,Aucun visuel affich√©,,12-07-2025 01:34 PM,12-07-2025 01:34 PM,6186,Simon BÈgin <67952005.bxtw>,Simon BÈgin <67952005.bxtw>
79191,Brisebois / √âcole Louis-Philippe-Par√©,H-C,Actif,Aucun visuel affich√©,,12-07-2025 01:34 PM,12-07-2025 01:34 PM,6187,Simon BÈgin <67952005.bxtw>,Simon BÈgin <67952005.bxtw>
79192,√âdouard-Laberge / Henri-Ladouceur,H-C,Actif,Aucun visuel affich√©,,12-07-2025 01:34 PM,12-07-2025 01:34 PM,6188,Simon BÈgin <67952005.bxtw>,Simon BÈgin <67952005.bxtw>
79193,√âdouard-Laberge / de Beaupr√©,H-C,Actif,Aucun visuel affich√©,,12-07-2025 01:34 PM,12-07-2025 01:34 PM,6189,Simon BÈgin <67952005.bxtw>,Simon BÈgin <67952005.bxtw>
79195,Reid / Saint-Joseph,H-C,Actif,Aucun visuel affich√©,,12-07-2025 01:34 PM,12-07-2025 01:34 PM,6190,Simon BÈgin <67952005.bxtw>,Simon BÈgin <67952005.bxtw>
79196,Saint-Joseph / Saint-Laurent,H-C,Actif,Aucun visuel affich√©,,12-07-2025 01:34 PM,12-07-2025 01:34 PM,6191,Simon BÈgin <67952005.bxtw>,Simon BÈgin <67952005.bxtw>
79197,Saint-Joseph / devant R√©sidence G.-Prud'Homme,H-C,Actif,Aucun visuel affich√©,,12-07-2025 01:34 PM,12-07-2025 01:34 PM,6192,Simon BÈgin <67952005.bxtw>,Simon BÈgin <67952005.bxtw>
79198,Saint-Joseph / des C√®dres,H-C,Actif,Aucun visuel affich√©,,12-07-2025 01:34 PM,12-07-2025 01:34 PM,6193,Simon BÈgin <67952005.bxtw>,Simon BÈgin <67952005.bxtw>
79199,des C√®dres / des Ormes,H-C,Actif,Aucun visuel affich√©,,12-07-2025 01:34 PM,12-07-2025 01:34 PM,6194,Simon BÈgin <67952005.bxtw>,Simon BÈgin <67952005.bxtw>
79200,William / Bonnier,H-C,Actif,Aucun visuel affich√©,,12-07-2025 01:34 PM,12-07-2025 01:34 PM,6195,Simon BÈgin <67952005.bxtw>,Simon BÈgin <67952005.bxtw>
79201,William / Vervais,H-C,Actif,Aucun visuel affich√©,,12-07-2025 01:34 PM,12-07-2025 01:34 PM,6196,Simon BÈgin <67952005.bxtw>,Simon BÈgin <67952005.bxtw>
79202,Vervais / Marleau,H-C,Actif,Aucun visuel affich√©,,12-07-2025 01:34 PM,12-07-2025 01:34 PM,6197,Simon BÈgin <67952005.bxtw>,Simon BÈgin <67952005.bxtw>
